-- Adminer 4.7.8 MySQL dump

SET NAMES utf8;
SET time_zone = '+00:00';
SET foreign_key_checks = 0;
SET sql_mode = 'NO_AUTO_VALUE_ON_ZERO';

DROP TABLE IF EXISTS `ankety`;
CREATE TABLE `ankety` (
  `idAnkety` int(10) unsigned NOT NULL AUTO_INCREMENT,
  `idDomeny` int(10) unsigned NOT NULL,
  `nazev` varchar(50) COLLATE utf8_czech_ci NOT NULL,
  `od` date DEFAULT NULL,
  `do` date DEFAULT NULL,
  `zobrazit` tinyint(1) NOT NULL DEFAULT '1',
  PRIMARY KEY (`idAnkety`)
) ENGINE=MyISAM DEFAULT CHARSET=utf8 COLLATE=utf8_czech_ci;


DROP TABLE IF EXISTS `ankety_ip`;
CREATE TABLE `ankety_ip` (
  `idAdresy` int(10) unsigned NOT NULL AUTO_INCREMENT,
  `idAnkety` int(10) unsigned NOT NULL,
  `ip` varchar(100) COLLATE utf8_czech_ci NOT NULL,
  `datum` date DEFAULT NULL,
  PRIMARY KEY (`idAdresy`)
) ENGINE=MyISAM DEFAULT CHARSET=utf8 COLLATE=utf8_czech_ci;


DROP TABLE IF EXISTS `ankety_odpovedi`;
CREATE TABLE `ankety_odpovedi` (
  `idOdpovedi` int(10) unsigned NOT NULL AUTO_INCREMENT,
  `idAnkety` int(10) unsigned NOT NULL,
  `hlasy` int(11) NOT NULL DEFAULT '0',
  `barva` varchar(8) COLLATE utf8_czech_ci DEFAULT NULL,
  `priorita` int(11) NOT NULL DEFAULT '0',
  PRIMARY KEY (`idOdpovedi`)
) ENGINE=MyISAM DEFAULT CHARSET=utf8 COLLATE=utf8_czech_ci;


DROP TABLE IF EXISTS `ankety_odpovedi_nazvy`;
CREATE TABLE `ankety_odpovedi_nazvy` (
  `idPolozky` int(11) NOT NULL AUTO_INCREMENT,
  `idJazyka` int(11) NOT NULL,
  `idOdpovedi` int(11) NOT NULL,
  `nazev` varchar(200) COLLATE utf8_czech_ci NOT NULL,
  PRIMARY KEY (`idPolozky`)
) ENGINE=MyISAM DEFAULT CHARSET=utf8 COLLATE=utf8_czech_ci;


DROP TABLE IF EXISTS `ankety_otazky`;
CREATE TABLE `ankety_otazky` (
  `idOtazky` int(11) NOT NULL AUTO_INCREMENT,
  `idJazyka` int(11) NOT NULL,
  `idAnkety` int(11) NOT NULL,
  `otazka` varchar(250) COLLATE utf8_czech_ci NOT NULL,
  PRIMARY KEY (`idOtazky`)
) ENGINE=MyISAM DEFAULT CHARSET=utf8 COLLATE=utf8_czech_ci;


DROP TABLE IF EXISTS `clanky_souvisejici`;
CREATE TABLE `clanky_souvisejici` (
  `idRelace` int(10) unsigned NOT NULL AUTO_INCREMENT,
  `idClanku` int(10) unsigned NOT NULL,
  `idSouvisejicihoClanku` int(10) unsigned NOT NULL,
  PRIMARY KEY (`idRelace`)
) ENGINE=MyISAM DEFAULT CHARSET=utf8 COLLATE=utf8_czech_ci;


DROP TABLE IF EXISTS `cms_debug`;
CREATE TABLE `cms_debug` (
  `id` int(11) NOT NULL AUTO_INCREMENT,
  `popis` text COLLATE utf8_czech_ci NOT NULL,
  `doba` float NOT NULL,
  `datum` datetime NOT NULL,
  PRIMARY KEY (`id`)
) ENGINE=MyISAM DEFAULT CHARSET=utf8 COLLATE=utf8_czech_ci;


DROP TABLE IF EXISTS `cms_moduly`;
CREATE TABLE `cms_moduly` (
  `idModulu` int(11) NOT NULL AUTO_INCREMENT,
  `konstanta` varchar(50) COLLATE utf8_czech_ci NOT NULL,
  `nazev` varchar(70) COLLATE utf8_czech_ci NOT NULL,
  `systemovyNazev` varchar(50) COLLATE utf8_czech_ci NOT NULL,
  `hlavniStranka` varchar(50) COLLATE utf8_czech_ci NOT NULL,
  `ikona` varchar(100) COLLATE utf8_czech_ci NOT NULL,
  `admin` tinyint(1) NOT NULL DEFAULT '0',
  `priorita` int(11) NOT NULL DEFAULT '0',
  `zakladni` tinyint(1) NOT NULL DEFAULT '0',
  `podmodul` tinyint(1) NOT NULL DEFAULT '0',
  `zobrazit` tinyint(1) NOT NULL DEFAULT '1',
  PRIMARY KEY (`idModulu`)
) ENGINE=MyISAM DEFAULT CHARSET=utf8 COLLATE=utf8_czech_ci;

INSERT INTO `cms_moduly` (`idModulu`, `konstanta`, `nazev`, `systemovyNazev`, `hlavniStranka`, `ikona`, `admin`, `priorita`, `zakladni`, `podmodul`, `zobrazit`) VALUES
(30,	'MODULE_ARTICLES_ARCHIVE',	'TMODUL_ARCHIV_CLANKU',	'',	'',	'',	0,	0,	0,	1,	0),
(3,	'MODULE_PAGES',	'TMODUL_STRANKY',	'pages',	'stranky',	'file-text-o',	0,	1,	1,	0,	1),
(4,	'MODULE_NEWS',	'TMODUL_NOVINKY',	'news',	'novinky',	'newspaper-o',	0,	4,	0,	0,	1),
(25,	'MODULE_CONTENT_BACKUP',	'TMODUL_ZALOHY_OBSAHU',	'',	'',	'',	0,	0,	0,	1,	1),
(6,	'MODULE_INQUIRY',	'TMODUL_ANKETY',	'inquiry',	'ankety',	'tasks',	0,	6,	0,	0,	1),
(7,	'MODULE_HOME',	'TMODUL_ZAKLADNI_NASTAVENI',	'home',	'dashboard',	'home',	0,	0,	1,	0,	1),
(8,	'MODULE_GALLERY',	'TMODUL_GALERIE',	'gallery',	'galerie',	'picture-o',	0,	5,	0,	0,	1),
(10,	'MODULE_ADMIN',	'TMODUL_ADMIN',	'admin',	'preklady-admin',	'cogs',	0,	32,	1,	0,	1),
(37,	'MODULE_RELATED_PRODUCTS',	'TMODUL_SOUVISEJICI_PRODUKTY',	'',	'',	'',	0,	0,	0,	1,	1),
(12,	'MODULE_NEWSLETTER',	'TMODUL_EMAILY',	'newsletters',	'kampane',	'envelope-o',	0,	14,	0,	0,	1),
(13,	'MODULE_FORMS',	'TMODUL_FORMULARE',	'forms',	'formulare',	'forms.png',	0,	7,	0,	0,	1),
(14,	'MODULE_DISCUSSION',	'TMODUL_DISKUZE',	'discussions',	'diskuze',	'comments-o',	0,	8,	0,	0,	1),
(15,	'MODULE_EDITBOX',	'TMODUL_EDITBOXY',	'editboxes',	'editboxy',	'cubes',	0,	9,	0,	0,	1),
(28,	'MODULE_LOG',	'TMODUL_LOGOVANI_AKCI',	'',	'',	'',	0,	0,	0,	1,	1),
(26,	'MODULE_LINK_CHECKER',	'TMODUL_KONTROLA_ODKAZU',	'',	'',	'',	0,	0,	0,	1,	1),
(20,	'MODULE_FACEBOOK',	'TMODUL_FACEBOOK',	'',	'',	'',	0,	16,	0,	1,	1),
(22,	'MODULE_ARTICLES',	'TMODUL_CLANKY',	'articles',	'rubriky',	'pencil-square-o',	0,	2,	0,	0,	1),
(23,	'MODULE_PRIVATE_PAGES',	'TMODUL_PRIVATNI_STRANKY',	'',	'',	'',	0,	0,	0,	1,	1),
(27,	'MODULE_FINDER',	'TMODUL_VYHLEDAVANI',	'',	'',	'',	0,	0,	0,	1,	1),
(29,	'MODULE_USERS',	'TMODUL_UZIVATELE',	'users',	'uzivatele',	'users',	0,	30,	1,	0,	1),
(31,	'MODULE_RELATED_ARTICLES',	'TMODUL_SOUVISEJICI_CLANKY',	'',	'',	'',	0,	0,	0,	1,	1),
(32,	'MODULE_CONTACT_FORM',	'TMODUL_KONTAKTNI_FORMULAR',	'',	'',	'',	0,	0,	0,	1,	1),
(33,	'MODULE_INLINE_EDIT',	'TMODUL_INLINE_EDITACE',	'',	'',	'',	0,	0,	0,	1,	1),
(34,	'MODULE_EVENT_CALENDAR',	'TMODUL_KALENDAR',	'calendar',	'akce',	'calendar',	0,	10,	0,	0,	1),
(36,	'MODULE_ESHOP',	'TMODUL_ESHOP',	'eshop',	'kategorie',	'shopping-cart',	0,	11,	0,	0,	1),
(11,	'MODULE_STATISTICS',	'TMODUL_STATISTIKY',	'statistics',	'navstevnost-webu',	'bar-chart',	0,	15,	0,	0,	1),
(38,	'MODULE_HELPDESK',	'TMODUL_PODPORA',	'helpdesk',	'helpdesk',	'commenting',	0,	7,	0,	0,	1);

DROP TABLE IF EXISTS `cms_prava`;
CREATE TABLE `cms_prava` (
  `idPrava` int(11) NOT NULL AUTO_INCREMENT,
  `nazev` varchar(100) COLLATE utf8_czech_ci NOT NULL,
  `systemovyNazev` varchar(20) COLLATE utf8_czech_ci NOT NULL,
  `content_add` tinyint(1) NOT NULL DEFAULT '0',
  `content_view` tinyint(1) NOT NULL DEFAULT '0',
  `content_edit` tinyint(1) NOT NULL DEFAULT '0',
  `content_delete` tinyint(1) NOT NULL DEFAULT '0',
  `settings_add` tinyint(1) NOT NULL DEFAULT '0',
  `settings_view` tinyint(1) NOT NULL DEFAULT '0',
  `settings_edit` tinyint(1) NOT NULL DEFAULT '0',
  `settings_delete` tinyint(1) NOT NULL DEFAULT '0',
  `set_delete` tinyint(1) NOT NULL DEFAULT '0',
  `set_privilege` tinyint(1) NOT NULL DEFAULT '0',
  `statistics_view` tinyint(1) NOT NULL DEFAULT '0',
  `send_email` tinyint(1) NOT NULL DEFAULT '0',
  `export` tinyint(1) NOT NULL DEFAULT '0',
  `import` tinyint(1) NOT NULL DEFAULT '0',
  `seo` tinyint(1) NOT NULL DEFAULT '0',
  `translations` tinyint(1) NOT NULL DEFAULT '0',
  `only_my` tinyint(1) NOT NULL DEFAULT '0',
  `zobrazit` tinyint(1) NOT NULL DEFAULT '1',
  `priorita` int(11) NOT NULL DEFAULT '0',
  PRIMARY KEY (`idPrava`)
) ENGINE=MyISAM DEFAULT CHARSET=utf8 COLLATE=utf8_czech_ci;

INSERT INTO `cms_prava` (`idPrava`, `nazev`, `systemovyNazev`, `content_add`, `content_view`, `content_edit`, `content_delete`, `settings_add`, `settings_view`, `settings_edit`, `settings_delete`, `set_delete`, `set_privilege`, `statistics_view`, `send_email`, `export`, `import`, `seo`, `translations`, `only_my`, `zobrazit`, `priorita`) VALUES
(1,	'TDIVAK',	'viewer',	0,	1,	0,	0,	0,	1,	0,	0,	0,	0,	1,	0,	1,	0,	0,	0,	0,	1,	1),
(2,	'TREDAKTOR',	'user',	1,	1,	1,	1,	1,	1,	1,	1,	0,	0,	1,	1,	0,	0,	0,	0,	1,	1,	4),
(3,	'TEDITOR',	'editor',	1,	1,	1,	1,	1,	1,	1,	1,	1,	1,	1,	1,	1,	1,	1,	1,	0,	1,	5),
(4,	'TADMIN_WEBU',	'admin',	1,	1,	1,	1,	1,	1,	1,	1,	1,	1,	1,	1,	1,	1,	1,	1,	0,	1,	6),
(5,	'TADMIN_CMS',	'superadmin',	1,	1,	1,	1,	1,	1,	1,	1,	1,	1,	1,	1,	1,	1,	1,	1,	0,	0,	7),
(7,	'TPREKLADATEL',	'translator',	0,	1,	1,	0,	0,	1,	1,	0,	0,	0,	0,	0,	0,	0,	1,	1,	0,	1,	2),
(8,	'TSEO_SPECIALISTA',	'seo',	0,	1,	1,	0,	0,	1,	1,	0,	0,	0,	1,	0,	0,	0,	1,	1,	0,	1,	3),
(10,	'TPRIVATNI_UZIVATEL',	'privatni',	0,	0,	0,	0,	0,	0,	0,	0,	0,	0,	0,	0,	0,	0,	0,	0,	0,	1,	0);

DROP TABLE IF EXISTS `cms_zpravy`;
CREATE TABLE `cms_zpravy` (
  `idZpravy` int(11) NOT NULL AUTO_INCREMENT,
  `predmet` varchar(200) COLLATE utf8_czech_ci DEFAULT NULL,
  `text` text COLLATE utf8_czech_ci,
  `od` varchar(10) COLLATE utf8_czech_ci NOT NULL,
  `komu` varchar(10) COLLATE utf8_czech_ci NOT NULL,
  `datum` datetime NOT NULL,
  PRIMARY KEY (`idZpravy`)
) ENGINE=MyISAM DEFAULT CHARSET=utf8 COLLATE=utf8_czech_ci;


DROP TABLE IF EXISTS `dashboard`;
CREATE TABLE `dashboard` (
  `idBoxu` int(11) NOT NULL AUTO_INCREMENT,
  `nazev` varchar(100) COLLATE utf8_czech_ci NOT NULL,
  `systemovyNazev` varchar(20) COLLATE utf8_czech_ci NOT NULL,
  `zobrazit` tinyint(4) NOT NULL DEFAULT '1',
  `umisteni` enum('l','p','') COLLATE utf8_czech_ci NOT NULL,
  `poradi` int(11) NOT NULL DEFAULT '0',
  `modul` varchar(30) COLLATE utf8_czech_ci NOT NULL,
  PRIMARY KEY (`idBoxu`)
) ENGINE=MyISAM DEFAULT CHARSET=utf8 COLLATE=utf8_czech_ci;

INSERT INTO `dashboard` (`idBoxu`, `nazev`, `systemovyNazev`, `zobrazit`, `umisteni`, `poradi`, `modul`) VALUES
(1,	'TZAKLADNI_INFORMACE',	'info',	1,	'l',	0,	''),
(2,	'TDIAGNOSTIKA_SYSTEMU',	'diagnostic',	1,	'l',	2,	''),
(3,	'TPOSLEDNI_AKCE_UZIVATELU',	'users.actions',	1,	'l',	3,	'MODULE_LOG'),
(4,	'TNABIDKY_A_TIPY_PRO_VAS',	'tips',	0,	'p',	1,	''),
(5,	'TNAVSTEVNOST_WEBU',	'visits',	1,	'p',	0,	'MODULE_STATISTICS'),
(6,	'TNAVSTEVNOST_PO_MESICICH',	'visits_month',	1,	'p',	0,	'MODULE_STATISTICS');

DROP TABLE IF EXISTS `diskuze_blacklist`;
CREATE TABLE `diskuze_blacklist` (
  `idPolozky` int(11) NOT NULL AUTO_INCREMENT,
  `idDomeny` int(11) NOT NULL DEFAULT '0',
  `ip` varchar(20) COLLATE utf8_czech_ci NOT NULL,
  `zobrazit` tinyint(1) NOT NULL DEFAULT '1',
  PRIMARY KEY (`idPolozky`),
  KEY `ip` (`ip`)
) ENGINE=MyISAM DEFAULT CHARSET=utf8 COLLATE=utf8_czech_ci;


DROP TABLE IF EXISTS `diskuze_filtr`;
CREATE TABLE `diskuze_filtr` (
  `idPolozky` int(11) NOT NULL AUTO_INCREMENT,
  `idDomeny` int(11) NOT NULL DEFAULT '0',
  `filtr` varchar(100) COLLATE utf8_czech_ci NOT NULL,
  `zobrazit` tinyint(1) NOT NULL DEFAULT '1',
  PRIMARY KEY (`idPolozky`)
) ENGINE=MyISAM DEFAULT CHARSET=utf8 COLLATE=utf8_czech_ci;


DROP TABLE IF EXISTS `diskuze_polozky`;
CREATE TABLE `diskuze_polozky` (
  `idPolozky` int(11) NOT NULL AUTO_INCREMENT,
  `idStranky` int(11) NOT NULL,
  `idRodice` int(11) NOT NULL DEFAULT '0',
  `jmeno` varchar(150) COLLATE utf8_czech_ci NOT NULL,
  `email` varchar(70) COLLATE utf8_czech_ci NOT NULL,
  `datum` datetime NOT NULL,
  `nadpis` varchar(200) COLLATE utf8_czech_ci NOT NULL,
  `text` text COLLATE utf8_czech_ci NOT NULL,
  `ip` varchar(20) COLLATE utf8_czech_ci NOT NULL,
  `zobrazit` tinyint(1) NOT NULL DEFAULT '1',
  `admin` tinyint(1) NOT NULL DEFAULT '0',
  `novy` tinyint(4) NOT NULL DEFAULT '1',
  `blacklist` tinyint(1) NOT NULL DEFAULT '0',
  PRIMARY KEY (`idPolozky`)
) ENGINE=MyISAM DEFAULT CHARSET=utf8 COLLATE=utf8_czech_ci;


DROP TABLE IF EXISTS `diskuze_whitelist`;
CREATE TABLE `diskuze_whitelist` (
  `idPolozky` int(11) NOT NULL AUTO_INCREMENT,
  `idDomeny` int(11) NOT NULL DEFAULT '0',
  `ip` varchar(20) COLLATE utf8_czech_ci NOT NULL,
  `zobrazit` tinyint(1) NOT NULL DEFAULT '1',
  PRIMARY KEY (`idPolozky`)
) ENGINE=MyISAM DEFAULT CHARSET=utf8 COLLATE=utf8_czech_ci;


DROP TABLE IF EXISTS `domeny`;
CREATE TABLE `domeny` (
  `idDomeny` int(10) unsigned NOT NULL AUTO_INCREMENT,
  `domena` varchar(30) COLLATE utf8_czech_ci NOT NULL,
  `hash` varchar(100) COLLATE utf8_czech_ci NOT NULL,
  `adresar` varchar(100) COLLATE utf8_czech_ci NOT NULL,
  `www` tinyint(1) NOT NULL DEFAULT '0',
  `urlKoncovka` varchar(5) COLLATE utf8_czech_ci NOT NULL,
  `urlStruktura` enum('id-nazev','nazev','nazev-id','strom') COLLATE utf8_czech_ci NOT NULL,
  `zobrazit` tinyint(1) NOT NULL DEFAULT '1',
  `priorita` tinyint(1) NOT NULL,
  PRIMARY KEY (`idDomeny`)
) ENGINE=MyISAM DEFAULT CHARSET=utf8 COLLATE=utf8_czech_ci;

INSERT INTO `domeny` (`idDomeny`, `domena`, `hash`, `adresar`, `www`, `urlKoncovka`, `urlStruktura`, `zobrazit`, `priorita`) VALUES
(1,	'tes.local',	'a5fe254115c6cbc4b2b838bf567f8136f70d860a',	'',	0,	'html',	'nazev',	1,	0),
(2,	'tesautomation.cz',	'b7aeb7ca6b97782c27f660a211f1bebb43ce18a0',	'',	1,	'html',	'nazev',	1,	3),
(3,	'tescomponents.cz',	'243280094bca9591f047ca0b9e6dce97f8684776',	'',	1,	'html',	'nazev',	1,	2),
(4,	'tesgenerators.cz',	'f0cc0b07d56019ad4ccb42080367bf3ee81ec919',	'',	1,	'html',	'nazev',	1,	1),
(5,	'tesservice.cz',	'a2e889fd809faebfd80b4c3b18c5e5d3ea76004a',	'',	1,	'html',	'nazev',	1,	4);

DROP TABLE IF EXISTS `domeny_jazyky`;
CREATE TABLE `domeny_jazyky` (
  `idRelace` int(11) NOT NULL AUTO_INCREMENT,
  `idDomeny` int(11) NOT NULL,
  `idJazyka` int(11) NOT NULL,
  `zobrazit` tinyint(4) NOT NULL DEFAULT '1',
  `poradi` int(11) NOT NULL DEFAULT '0',
  PRIMARY KEY (`idRelace`)
) ENGINE=MyISAM DEFAULT CHARSET=utf8 COLLATE=utf8_czech_ci;

INSERT INTO `domeny_jazyky` (`idRelace`, `idDomeny`, `idJazyka`, `zobrazit`, `poradi`) VALUES
(47,	2,	2,	1,	0),
(46,	2,	1,	1,	0),
(37,	1,	2,	1,	0),
(36,	1,	1,	1,	0),
(40,	3,	1,	1,	0),
(41,	3,	2,	1,	0),
(44,	4,	1,	1,	0),
(45,	4,	2,	1,	0),
(48,	5,	1,	1,	0),
(49,	5,	2,	1,	0);

DROP TABLE IF EXISTS `domeny_moduly`;
CREATE TABLE `domeny_moduly` (
  `idRelace` int(11) NOT NULL AUTO_INCREMENT,
  `idDomeny` int(11) NOT NULL,
  `idModulu` int(11) NOT NULL,
  PRIMARY KEY (`idRelace`)
) ENGINE=MyISAM DEFAULT CHARSET=utf8 COLLATE=utf8_czech_ci;

INSERT INTO `domeny_moduly` (`idRelace`, `idDomeny`, `idModulu`) VALUES
(278,	1,	33),
(277,	1,	32),
(276,	1,	29),
(275,	1,	28),
(274,	1,	15),
(273,	1,	10),
(272,	1,	7),
(271,	1,	25),
(270,	1,	4),
(269,	1,	3),
(322,	2,	33),
(321,	2,	29),
(320,	2,	28),
(319,	2,	15),
(318,	2,	10),
(317,	2,	7),
(316,	2,	25),
(315,	2,	4),
(287,	3,	3),
(288,	3,	4),
(289,	3,	25),
(290,	3,	7),
(291,	3,	10),
(292,	3,	15),
(293,	3,	29),
(294,	3,	32),
(295,	3,	33),
(314,	2,	3),
(305,	4,	3),
(306,	4,	4),
(307,	4,	25),
(308,	4,	7),
(309,	4,	10),
(310,	4,	15),
(311,	4,	29),
(312,	4,	32),
(313,	4,	33),
(323,	5,	3),
(324,	5,	4),
(325,	5,	25),
(326,	5,	7),
(327,	5,	10),
(328,	5,	15),
(329,	5,	28),
(330,	5,	29),
(331,	5,	32),
(332,	5,	33);

DROP TABLE IF EXISTS `editboxy`;
CREATE TABLE `editboxy` (
  `idEditboxu` int(11) NOT NULL AUTO_INCREMENT,
  `idDomeny` int(11) NOT NULL,
  `idJazyka` int(11) NOT NULL DEFAULT '1',
  `nazev` varchar(100) COLLATE utf8_czech_ci NOT NULL,
  `obsah` longtext COLLATE utf8_czech_ci NOT NULL,
  `obrazek` varchar(200) COLLATE utf8_czech_ci DEFAULT NULL,
  `od` date DEFAULT NULL,
  `do` date DEFAULT NULL,
  `zobrazeno` bigint(20) NOT NULL DEFAULT '0',
  `prokliky` int(11) NOT NULL DEFAULT '0',
  `stridani` enum('zadne','nahodne','kolotoc','samorotujici') COLLATE utf8_czech_ci NOT NULL DEFAULT 'zadne',
  `samorotujiciProdleva` int(11) NOT NULL DEFAULT '5',
  `samorotujiciEfekt` varchar(20) COLLATE utf8_czech_ci NOT NULL DEFAULT 'none',
  `samorotujiciRychlostEfektu` int(11) NOT NULL DEFAULT '1',
  `sledovatProkliky` tinyint(1) NOT NULL DEFAULT '0',
  `zobrazit` tinyint(1) NOT NULL DEFAULT '0',
  `povolit_mazani` tinyint(1) NOT NULL DEFAULT '1',
  PRIMARY KEY (`idEditboxu`)
) ENGINE=MyISAM DEFAULT CHARSET=utf8 COLLATE=utf8_czech_ci;

INSERT INTO `editboxy` (`idEditboxu`, `idDomeny`, `idJazyka`, `nazev`, `obsah`, `obrazek`, `od`, `do`, `zobrazeno`, `prokliky`, `stridani`, `samorotujiciProdleva`, `samorotujiciEfekt`, `samorotujiciRychlostEfektu`, `sledovatProkliky`, `zobrazit`, `povolit_mazani`) VALUES
(1,	1,	1,	'Úvodní carousel obrázků',	'',	NULL,	'0000-00-00',	'0000-00-00',	0,	0,	'nahodne',	5,	'none',	1,	0,	1,	0),
(8,	3,	1,	'Úvodní carousel obrázků',	'',	NULL,	NULL,	NULL,	0,	0,	'nahodne',	5,	'none',	1,	0,	1,	0),
(7,	2,	1,	'Úvodní carousel obrázků',	'',	NULL,	NULL,	NULL,	0,	0,	'nahodne',	5,	'none',	1,	0,	1,	0),
(2,	1,	1,	'Slide 1',	'',	'6.jpg',	NULL,	NULL,	0,	0,	'zadne',	5,	'none',	1,	0,	1,	1),
(9,	4,	1,	'Úvodní carousel obrázků',	'',	NULL,	NULL,	NULL,	0,	0,	'nahodne',	5,	'none',	1,	0,	1,	0),
(10,	5,	1,	'Úvodní carousel obrázků',	'',	NULL,	NULL,	NULL,	0,	0,	'nahodne',	5,	'none',	1,	0,	1,	0),
(11,	1,	1,	'Slide 2',	'',	'11.jpg',	'0000-00-00',	'0000-00-00',	0,	0,	'zadne',	5,	'none',	1,	0,	1,	0);

DROP TABLE IF EXISTS `editboxy_polozky`;
CREATE TABLE `editboxy_polozky` (
  `idRelace` int(11) NOT NULL AUTO_INCREMENT,
  `idKolotoce` int(11) NOT NULL DEFAULT '0',
  `idEditboxu` int(11) NOT NULL,
  `poradi` int(11) NOT NULL DEFAULT '0',
  PRIMARY KEY (`idRelace`)
) ENGINE=MyISAM DEFAULT CHARSET=utf8 COLLATE=utf8_czech_ci;

INSERT INTO `editboxy_polozky` (`idRelace`, `idKolotoce`, `idEditboxu`, `poradi`) VALUES
(1,	1,	2,	0),
(2,	1,	11,	1);

DROP TABLE IF EXISTS `emaily_fronta`;
CREATE TABLE `emaily_fronta` (
  `id` bigint(20) NOT NULL AUTO_INCREMENT,
  `idKampane` int(11) NOT NULL,
  `idPrijemce` int(11) NOT NULL,
  `email` varchar(250) COLLATE utf8_czech_ci NOT NULL,
  `pokus` int(11) NOT NULL DEFAULT '0',
  `datum` datetime DEFAULT NULL,
  `odeslano` tinyint(4) NOT NULL DEFAULT '0',
  `kliknuto` tinyint(4) NOT NULL DEFAULT '0',
  `otevreno` tinyint(4) NOT NULL DEFAULT '0',
  `odhlaseno` tinyint(4) NOT NULL DEFAULT '0',
  PRIMARY KEY (`id`)
) ENGINE=MyISAM DEFAULT CHARSET=utf8 COLLATE=utf8_czech_ci;


DROP TABLE IF EXISTS `emaily_kampane`;
CREATE TABLE `emaily_kampane` (
  `idKampane` int(10) unsigned NOT NULL AUTO_INCREMENT,
  `idDomeny` int(10) unsigned NOT NULL,
  `idJazyka` int(11) NOT NULL DEFAULT '1',
  `nazev` varchar(100) COLLATE utf8_czech_ci NOT NULL,
  `predmet` varchar(150) COLLATE utf8_czech_ci NOT NULL,
  `obsah` text COLLATE utf8_czech_ci NOT NULL,
  `textovyObsah` text COLLATE utf8_czech_ci NOT NULL,
  `kod` varchar(100) COLLATE utf8_czech_ci NOT NULL,
  `start` date DEFAULT NULL,
  `stav` enum('rozpracovano','odesilano','ukonceno') COLLATE utf8_czech_ci NOT NULL DEFAULT 'rozpracovano',
  `prijemci` longtext COLLATE utf8_czech_ci NOT NULL,
  `osloveniMuz` varchar(200) COLLATE utf8_czech_ci NOT NULL,
  `osloveniZena` varchar(200) COLLATE utf8_czech_ci NOT NULL,
  `osloveniOstatni` varchar(200) COLLATE utf8_czech_ci NOT NULL,
  `nedorucitelne` text COLLATE utf8_czech_ci NOT NULL,
  `poznamka` text COLLATE utf8_czech_ci NOT NULL,
  `celkem` int(11) NOT NULL DEFAULT '0',
  `odeslano` int(11) NOT NULL DEFAULT '0',
  `nedoruceno` int(11) NOT NULL DEFAULT '0',
  `kliknuto` int(11) NOT NULL DEFAULT '0',
  `otevreno` int(11) NOT NULL DEFAULT '0',
  `odhlaseno` int(11) NOT NULL DEFAULT '0',
  `datumOdeslano` datetime DEFAULT NULL,
  PRIMARY KEY (`idKampane`)
) ENGINE=MyISAM DEFAULT CHARSET=utf8 COLLATE=utf8_czech_ci;


DROP TABLE IF EXISTS `emaily_prijemci`;
CREATE TABLE `emaily_prijemci` (
  `idPrijemce` int(10) unsigned NOT NULL AUTO_INCREMENT,
  `idDomeny` int(10) unsigned NOT NULL,
  `idJazyka` int(10) unsigned NOT NULL,
  `hash` varchar(200) COLLATE utf8_czech_ci NOT NULL,
  `spolecnost` varchar(150) COLLATE utf8_czech_ci NOT NULL,
  `jmeno` varchar(150) COLLATE utf8_czech_ci NOT NULL,
  `prijmeni` varchar(150) COLLATE utf8_czech_ci NOT NULL,
  `osloveni` varchar(150) COLLATE utf8_czech_ci NOT NULL,
  `pohlavi` tinyint(4) NOT NULL DEFAULT '0',
  `email` varchar(250) COLLATE utf8_czech_ci NOT NULL,
  `stav` tinyint(4) NOT NULL DEFAULT '0',
  `datum` datetime DEFAULT NULL,
  `poznamka` text COLLATE utf8_czech_ci NOT NULL,
  PRIMARY KEY (`idPrijemce`)
) ENGINE=MyISAM DEFAULT CHARSET=utf8 COLLATE=utf8_czech_ci;


DROP TABLE IF EXISTS `emaily_prilohy`;
CREATE TABLE `emaily_prilohy` (
  `idPrilohy` int(10) unsigned NOT NULL AUTO_INCREMENT,
  `idKampane` int(11) NOT NULL,
  `soubor` varchar(100) COLLATE utf8_czech_ci NOT NULL,
  `velikost` int(11) NOT NULL DEFAULT '0',
  PRIMARY KEY (`idPrilohy`)
) ENGINE=MyISAM DEFAULT CHARSET=utf8 COLLATE=utf8_czech_ci;


DROP TABLE IF EXISTS `emaily_skupiny`;
CREATE TABLE `emaily_skupiny` (
  `idSkupiny` int(10) unsigned NOT NULL AUTO_INCREMENT,
  `idDomeny` int(10) unsigned NOT NULL,
  `nazev` varchar(100) COLLATE utf8_czech_ci NOT NULL,
  `verejna` tinyint(1) NOT NULL DEFAULT '0',
  PRIMARY KEY (`idSkupiny`)
) ENGINE=MyISAM DEFAULT CHARSET=utf8 COLLATE=utf8_czech_ci;


DROP TABLE IF EXISTS `emaily_skupiny_kampane`;
CREATE TABLE `emaily_skupiny_kampane` (
  `idRelace` int(10) unsigned NOT NULL AUTO_INCREMENT,
  `idSkupiny` int(10) unsigned NOT NULL,
  `idKampane` int(10) unsigned NOT NULL,
  PRIMARY KEY (`idRelace`)
) ENGINE=MyISAM DEFAULT CHARSET=utf8 COLLATE=utf8_czech_ci;


DROP TABLE IF EXISTS `emaily_skupiny_prijemci`;
CREATE TABLE `emaily_skupiny_prijemci` (
  `idRelace` int(10) unsigned NOT NULL AUTO_INCREMENT,
  `idSkupiny` int(10) unsigned NOT NULL,
  `idPrijemce` int(10) unsigned NOT NULL,
  PRIMARY KEY (`idRelace`)
) ENGINE=MyISAM DEFAULT CHARSET=utf8 COLLATE=utf8_czech_ci;


DROP TABLE IF EXISTS `eshop_kosik`;
CREATE TABLE `eshop_kosik` (
  `id` int(11) NOT NULL AUTO_INCREMENT,
  `id_uzivatel` varchar(32) COLLATE utf8_czech_ci NOT NULL,
  `id_produkt` int(11) NOT NULL,
  `nazev` varchar(250) COLLATE utf8_czech_ci NOT NULL,
  `pocet` int(11) NOT NULL,
  `cena_bez_dph` decimal(10,2) NOT NULL,
  `cena_bez_dph_vo` decimal(10,2) NOT NULL,
  `cena_s_dph` decimal(10,2) NOT NULL,
  `cena_s_dph_vo` decimal(10,2) NOT NULL,
  `dph` decimal(4,2) NOT NULL,
  `datum` datetime NOT NULL,
  PRIMARY KEY (`id`),
  KEY `id_produkt` (`id_produkt`)
) ENGINE=MyISAM DEFAULT CHARSET=utf8 COLLATE=utf8_czech_ci;


DROP TABLE IF EXISTS `eshop_objednavky`;
CREATE TABLE `eshop_objednavky` (
  `id` int(11) NOT NULL AUTO_INCREMENT,
  `id_uzivatel` int(11) NOT NULL,
  `cislo_faktury` int(11) NOT NULL,
  `firma` varchar(100) COLLATE utf8_czech_ci NOT NULL,
  `ic` varchar(100) COLLATE utf8_czech_ci NOT NULL,
  `dic` varchar(100) COLLATE utf8_czech_ci NOT NULL,
  `jmeno` varchar(100) COLLATE utf8_czech_ci NOT NULL,
  `prijmeni` varchar(100) COLLATE utf8_czech_ci NOT NULL,
  `email` varchar(100) COLLATE utf8_czech_ci NOT NULL,
  `telefon` varchar(100) COLLATE utf8_czech_ci NOT NULL,
  `ulice` varchar(100) COLLATE utf8_czech_ci NOT NULL,
  `cislo` varchar(100) COLLATE utf8_czech_ci NOT NULL,
  `mesto` varchar(100) COLLATE utf8_czech_ci NOT NULL,
  `psc` varchar(100) COLLATE utf8_czech_ci NOT NULL,
  `jmeno_dod` varchar(100) COLLATE utf8_czech_ci NOT NULL,
  `prijmeni_dod` varchar(100) COLLATE utf8_czech_ci NOT NULL,
  `ulice_dod` varchar(100) COLLATE utf8_czech_ci NOT NULL,
  `cislo_dod` varchar(100) COLLATE utf8_czech_ci NOT NULL,
  `psc_dod` varchar(100) COLLATE utf8_czech_ci NOT NULL,
  `mesto_dod` varchar(100) COLLATE utf8_czech_ci NOT NULL,
  `id_stav` int(11) NOT NULL,
  `id_platba` int(11) DEFAULT NULL,
  `id_doprava` int(11) DEFAULT NULL,
  `id_prodejna` int(11) DEFAULT NULL,
  `prodejna` varchar(200) COLLATE utf8_czech_ci DEFAULT NULL,
  `doprava` varchar(100) COLLATE utf8_czech_ci DEFAULT NULL,
  `platba` varchar(100) COLLATE utf8_czech_ci DEFAULT NULL,
  `velkoobchod` tinyint(4) DEFAULT '1',
  `dodaci_adresa` tinyint(4) DEFAULT '1',
  `firma_info` tinyint(4) DEFAULT '1',
  `doprava_bez_dph` decimal(10,2) DEFAULT NULL,
  `doprava_dph` decimal(6,2) DEFAULT NULL,
  `doprava_s_dph` decimal(10,2) DEFAULT NULL,
  `platba_bez_dph` decimal(10,2) DEFAULT NULL,
  `platba_dph` decimal(6,2) DEFAULT NULL,
  `platba_s_dph` decimal(10,2) DEFAULT NULL,
  `zbozi_bez_dph` decimal(10,2) DEFAULT NULL,
  `zbozi_s_dph` decimal(10,2) DEFAULT NULL,
  `balne_dph` decimal(10,2) DEFAULT NULL,
  `balne_bez_dph` decimal(10,2) DEFAULT NULL,
  `balne_s_dph` decimal(10,2) DEFAULT NULL,
  `celkem_bez_dph` decimal(10,2) DEFAULT NULL,
  `celkem_s_dph` decimal(10,2) DEFAULT NULL,
  `poznamka` text COLLATE utf8_czech_ci NOT NULL,
  `datum` datetime NOT NULL,
  `zaplaceno` datetime DEFAULT NULL,
  `stav` varchar(30) COLLATE utf8_czech_ci NOT NULL,
  `podstav` varchar(10) COLLATE utf8_czech_ci NOT NULL,
  `stav_opakovane_platby` varchar(30) COLLATE utf8_czech_ci NOT NULL,
  PRIMARY KEY (`id`),
  UNIQUE KEY `cislo_faktury` (`cislo_faktury`),
  KEY `id_uzivatel` (`id_uzivatel`),
  KEY `id_stav` (`id_stav`),
  KEY `id_platba` (`id_platba`),
  KEY `id_doprava` (`id_doprava`)
) ENGINE=MyISAM DEFAULT CHARSET=utf8 COLLATE=utf8_czech_ci;


DROP TABLE IF EXISTS `eshop_objednavky_polozky`;
CREATE TABLE `eshop_objednavky_polozky` (
  `id` int(11) NOT NULL AUTO_INCREMENT,
  `id_objednavka` int(11) NOT NULL,
  `id_produkt` int(11) NOT NULL,
  `nazev` varchar(100) COLLATE utf8_czech_ci NOT NULL,
  `pocet` int(11) NOT NULL,
  `cena_bez_dph` decimal(10,2) NOT NULL,
  `cena_s_dph` decimal(10,2) NOT NULL,
  `dph` decimal(4,2) NOT NULL,
  PRIMARY KEY (`id`),
  KEY `id_objednavka` (`id_objednavka`),
  KEY `id_produkt` (`id_produkt`)
) ENGINE=MyISAM DEFAULT CHARSET=utf8 COLLATE=utf8_czech_ci;


DROP TABLE IF EXISTS `eshop_objednavky_stavy`;
CREATE TABLE `eshop_objednavky_stavy` (
  `id` int(11) NOT NULL AUTO_INCREMENT,
  `nazev` varchar(100) COLLATE utf8_czech_ci NOT NULL,
  PRIMARY KEY (`id`)
) ENGINE=MyISAM DEFAULT CHARSET=utf8 COLLATE=utf8_czech_ci;

INSERT INTO `eshop_objednavky_stavy` (`id`, `nazev`) VALUES
(2,	'zaplaceno'),
(3,	'zrušeno'),
(1,	'nová');

DROP TABLE IF EXISTS `eshop_typy_dopravy`;
CREATE TABLE `eshop_typy_dopravy` (
  `id` int(11) NOT NULL AUTO_INCREMENT,
  `nazev` varchar(30) COLLATE utf8_czech_ci NOT NULL,
  `cena_bez_dph` decimal(6,2) NOT NULL,
  `cena_s_dph` decimal(6,2) NOT NULL,
  `dph` int(11) NOT NULL,
  `aktivni` tinyint(1) NOT NULL DEFAULT '1',
  PRIMARY KEY (`id`)
) ENGINE=InnoDB DEFAULT CHARSET=utf8 COLLATE=utf8_czech_ci;

INSERT INTO `eshop_typy_dopravy` (`id`, `nazev`, `cena_bez_dph`, `cena_s_dph`, `dph`, `aktivni`) VALUES
(1,	'Osobní odběr na prodejně',	0.00,	0.00,	0,	1),
(2,	'Rozvoz',	40.50,	49.00,	21,	1);

DROP TABLE IF EXISTS `eshop_typy_plateb`;
CREATE TABLE `eshop_typy_plateb` (
  `id` int(11) NOT NULL AUTO_INCREMENT,
  `nazev` varchar(200) COLLATE utf8_czech_ci NOT NULL,
  `cena_bez_dph` decimal(6,2) NOT NULL,
  `cena_s_dph` decimal(6,2) NOT NULL,
  `dph` int(11) NOT NULL,
  `aktivni` tinyint(1) NOT NULL DEFAULT '1',
  PRIMARY KEY (`id`)
) ENGINE=InnoDB DEFAULT CHARSET=utf8 COLLATE=utf8_czech_ci;

INSERT INTO `eshop_typy_plateb` (`id`, `nazev`, `cena_bez_dph`, `cena_s_dph`, `dph`, `aktivni`) VALUES
(1,	'Platební kartou Online',	0.00,	0.00,	0,	0),
(2,	'Platba v hotovosti nebo kartou při převzetí',	0.00,	0.00,	0,	1);

DROP TABLE IF EXISTS `facebook`;
CREATE TABLE `facebook` (
  `idNastaveni` int(10) unsigned NOT NULL AUTO_INCREMENT,
  `idDomeny` int(10) unsigned NOT NULL,
  `appId` varchar(40) COLLATE utf8_czech_ci NOT NULL,
  `apiKlic` varchar(200) COLLATE utf8_czech_ci NOT NULL,
  `appSecret` varchar(200) COLLATE utf8_czech_ci NOT NULL,
  `adminId` varchar(40) COLLATE utf8_czech_ci NOT NULL,
  `nazevWebu` varchar(100) COLLATE utf8_czech_ci NOT NULL,
  `idFbStranky` varchar(40) COLLATE utf8_czech_ci NOT NULL,
  `urlFbStranky` varchar(250) COLLATE utf8_czech_ci NOT NULL,
  `urlTwStranky` varchar(250) COLLATE utf8_czech_ci NOT NULL,
  `zobrazit` tinyint(1) NOT NULL DEFAULT '1',
  PRIMARY KEY (`idNastaveni`)
) ENGINE=MyISAM DEFAULT CHARSET=utf8 COLLATE=utf8_czech_ci;


DROP TABLE IF EXISTS `facebook_pluginy`;
CREATE TABLE `facebook_pluginy` (
  `idPluginu` int(10) unsigned NOT NULL AUTO_INCREMENT,
  `idDomeny` int(10) unsigned NOT NULL,
  `nazev` varchar(100) COLLATE utf8_czech_ci NOT NULL,
  `popis` varchar(200) COLLATE utf8_czech_ci NOT NULL,
  `typ` enum('activityFeed','facepile','comments','likeBox','likeButton','liveStream','recommendations','socialPanel') COLLATE utf8_czech_ci NOT NULL,
  `barva` enum('light','dark') COLLATE utf8_czech_ci NOT NULL DEFAULT 'light',
  `font` enum('arial','verdana') COLLATE utf8_czech_ci NOT NULL DEFAULT 'arial',
  `vyska` int(11) NOT NULL,
  `sirka` int(11) NOT NULL,
  `pocetPolozek` int(11) NOT NULL DEFAULT '10',
  `struktura` enum('standard','button_count','box_count') COLLATE utf8_czech_ci NOT NULL DEFAULT 'standard',
  `zobrazitStream` tinyint(1) NOT NULL DEFAULT '0',
  `zobrazitFotky` tinyint(1) NOT NULL DEFAULT '0',
  `zobrazitFbSdileni` tinyint(1) NOT NULL DEFAULT '1',
  `zobrazitTwSdileni` tinyint(1) NOT NULL DEFAULT '1',
  `zobrazitDeliciousSdileni` tinyint(1) NOT NULL DEFAULT '1',
  `zobrazitLinkujSdileni` tinyint(1) NOT NULL DEFAULT '1',
  `zobrazitGoogleBookmarksSdileni` tinyint(1) NOT NULL DEFAULT '1',
  `zobrazitGoogleReaderSdileni` tinyint(1) NOT NULL DEFAULT '1',
  `zobrazitRssSdileni` tinyint(1) NOT NULL DEFAULT '1',
  `zobrazitPrintSdileni` tinyint(1) NOT NULL DEFAULT '1',
  `zobrazitEmailSdileni` tinyint(1) NOT NULL DEFAULT '1',
  `predmetEmailu` varchar(200) COLLATE utf8_czech_ci NOT NULL,
  `obsahEmailu` text COLLATE utf8_czech_ci NOT NULL,
  `zobrazit` tinyint(4) NOT NULL DEFAULT '0',
  PRIMARY KEY (`idPluginu`)
) ENGINE=MyISAM DEFAULT CHARSET=utf8 COLLATE=utf8_czech_ci;

INSERT INTO `facebook_pluginy` (`idPluginu`, `idDomeny`, `nazev`, `popis`, `typ`, `barva`, `font`, `vyska`, `sirka`, `pocetPolozek`, `struktura`, `zobrazitStream`, `zobrazitFotky`, `zobrazitFbSdileni`, `zobrazitTwSdileni`, `zobrazitDeliciousSdileni`, `zobrazitLinkujSdileni`, `zobrazitGoogleBookmarksSdileni`, `zobrazitGoogleReaderSdileni`, `zobrazitRssSdileni`, `zobrazitPrintSdileni`, `zobrazitEmailSdileni`, `predmetEmailu`, `obsahEmailu`, `zobrazit`) VALUES
(1,	23,	'Facebook - přehled aktivit',	'Přehled aktivit - Activity feed',	'activityFeed',	'light',	'arial',	0,	200,	0,	'standard',	0,	0,	0,	0,	0,	0,	0,	0,	0,	0,	0,	'',	'',	0),
(2,	23,	'Facebook - Komentáře',	'Komentáře - Comments',	'comments',	'light',	'arial',	0,	0,	10,	'standard',	0,	0,	0,	0,	0,	0,	0,	0,	0,	0,	0,	'',	'',	0),
(3,	23,	'Facebook - Fotky příznivců',	'Obrázky přátel - Facepile',	'facepile',	'light',	'arial',	0,	0,	10,	'standard',	0,	0,	0,	0,	0,	0,	0,	0,	0,	0,	0,	'',	'',	0),
(4,	23,	'Facebook - To se mi líbí',	'Tlačítko To se mi líbí - Like button',	'likeButton',	'light',	'arial',	0,	220,	0,	'box_count',	0,	1,	1,	1,	1,	1,	1,	1,	1,	1,	1,	'',	'',	1),
(5,	23,	'Facebook - To se mi líbí BOX',	'Box To se mi líbí - LikeBox',	'likeBox',	'light',	'arial',	246,	301,	10,	'standard',	0,	0,	0,	0,	0,	0,	0,	0,	0,	0,	0,	'',	'',	1),
(6,	23,	'Facebook - Příznivci a komentáře',	'Návštěvníci webu a jejich komentáře - Live stream',	'liveStream',	'light',	'arial',	0,	0,	0,	'standard',	0,	0,	0,	0,	0,	0,	0,	0,	0,	0,	0,	'',	'',	0),
(7,	23,	'Facebook - Doporučení',	'Doporučení - Recommendations',	'recommendations',	'light',	'arial',	0,	0,	0,	'standard',	0,	0,	0,	0,	0,	0,	0,	0,	0,	0,	0,	'',	'',	0),
(8,	23,	'Ikony pro sdílení',	'FB, Twitter,Delicious, Linkuj - Ikony pro sdílení',	'socialPanel',	'light',	'arial',	0,	0,	0,	'standard',	0,	0,	1,	1,	1,	1,	1,	1,	1,	1,	1,	'Testovací předmět',	'Toto je testovací zpráva ze štáblovic.\r\n\r\nS pozdravem\r\n\r\nPavel Šrom',	0);

DROP TABLE IF EXISTS `formulare`;
CREATE TABLE `formulare` (
  `idFormulare` int(10) unsigned NOT NULL AUTO_INCREMENT,
  `idDomeny` int(10) unsigned NOT NULL,
  `nazev` varchar(50) COLLATE utf8_czech_ci NOT NULL,
  `email` varchar(70) COLLATE utf8_czech_ci NOT NULL,
  `antispam` tinyint(1) NOT NULL DEFAULT '0',
  `tlacitko` varchar(50) COLLATE utf8_czech_ci NOT NULL,
  `zobrazit` tinyint(1) NOT NULL DEFAULT '0',
  `textPoOdeslani` text COLLATE utf8_czech_ci NOT NULL,
  `html` text COLLATE utf8_czech_ci,
  `potvrzeni` text COLLATE utf8_czech_ci NOT NULL,
  `potvrzeniPredmet` varchar(200) COLLATE utf8_czech_ci NOT NULL,
  `posilatPotvrzeni` tinyint(1) NOT NULL DEFAULT '0',
  `ukladatZpravy` tinyint(1) NOT NULL DEFAULT '0',
  `idSkupinEmailu` varchar(250) COLLATE utf8_czech_ci NOT NULL,
  PRIMARY KEY (`idFormulare`)
) ENGINE=MyISAM DEFAULT CHARSET=utf8 COLLATE=utf8_czech_ci;


DROP TABLE IF EXISTS `formulare_polozky`;
CREATE TABLE `formulare_polozky` (
  `idPolozky` int(10) unsigned NOT NULL AUTO_INCREMENT,
  `idFormulare` int(10) unsigned NOT NULL,
  `nazev` varchar(100) COLLATE utf8_czech_ci NOT NULL,
  `typ` enum('text','textarea','radio','checkbox','label','description','selectbox','submit') COLLATE utf8_czech_ci NOT NULL DEFAULT 'text',
  `hodnoty` text COLLATE utf8_czech_ci NOT NULL,
  `format` enum('email','icq','url','text','integer','float','datum','cas','telefon','ico','dic','datumcas') COLLATE utf8_czech_ci NOT NULL DEFAULT 'text',
  `povinna` tinyint(3) unsigned DEFAULT '0',
  `priorita` int(10) unsigned NOT NULL DEFAULT '0',
  PRIMARY KEY (`idPolozky`)
) ENGINE=MyISAM DEFAULT CHARSET=utf8 COLLATE=utf8_czech_ci;


DROP TABLE IF EXISTS `formulare_polozky_nazvy`;
CREATE TABLE `formulare_polozky_nazvy` (
  `idRelace` int(11) NOT NULL AUTO_INCREMENT,
  `idJazyka` int(11) NOT NULL,
  `idPolozky` int(11) NOT NULL,
  `nazev` varchar(250) COLLATE utf8_czech_ci NOT NULL,
  PRIMARY KEY (`idRelace`)
) ENGINE=MyISAM DEFAULT CHARSET=utf8 COLLATE=utf8_czech_ci;


DROP TABLE IF EXISTS `formulare_zpravy`;
CREATE TABLE `formulare_zpravy` (
  `idZpravy` int(11) NOT NULL AUTO_INCREMENT,
  `idFormulare` int(11) NOT NULL,
  `email` varchar(50) COLLATE utf8_czech_ci NOT NULL,
  `zprava` text COLLATE utf8_czech_ci NOT NULL,
  `predmetOdpovedi` varchar(200) COLLATE utf8_czech_ci NOT NULL,
  `odpoved` text COLLATE utf8_czech_ci NOT NULL,
  `stav` enum('nova','prijata','odpovezeno') COLLATE utf8_czech_ci NOT NULL DEFAULT 'nova',
  `datum` datetime DEFAULT NULL,
  PRIMARY KEY (`idZpravy`)
) ENGINE=MyISAM DEFAULT CHARSET=utf8 COLLATE=utf8_czech_ci;


DROP TABLE IF EXISTS `html_sablony`;
CREATE TABLE `html_sablony` (
  `idSablony` int(10) unsigned NOT NULL AUTO_INCREMENT,
  `idDomeny` int(10) unsigned NOT NULL,
  `idJazyka` int(11) NOT NULL DEFAULT '0',
  `nazev` varchar(100) COLLATE utf8_czech_ci NOT NULL,
  `popis` text COLLATE utf8_czech_ci NOT NULL,
  `obsah` text COLLATE utf8_czech_ci NOT NULL,
  `systemova` tinyint(1) NOT NULL DEFAULT '0',
  `defaultni` tinyint(1) NOT NULL DEFAULT '0',
  `nahled` varchar(200) COLLATE utf8_czech_ci NOT NULL,
  `zobrazit` tinyint(4) NOT NULL DEFAULT '1',
  PRIMARY KEY (`idSablony`)
) ENGINE=MyISAM DEFAULT CHARSET=utf8 COLLATE=utf8_czech_ci;

INSERT INTO `html_sablony` (`idSablony`, `idDomeny`, `idJazyka`, `nazev`, `popis`, `obsah`, `systemova`, `defaultni`, `nahled`, `zobrazit`) VALUES
(1,	0,	1,	'test',	'test',	'',	1,	0,	'',	1);

DROP TABLE IF EXISTS `jazyky`;
CREATE TABLE `jazyky` (
  `idJazyka` int(11) NOT NULL AUTO_INCREMENT,
  `jazyk` varchar(3) COLLATE utf8_czech_ci NOT NULL,
  `nazev` varchar(50) COLLATE utf8_czech_ci NOT NULL,
  `aktivni` tinyint(4) NOT NULL DEFAULT '1',
  PRIMARY KEY (`idJazyka`)
) ENGINE=MyISAM DEFAULT CHARSET=utf8 COLLATE=utf8_czech_ci;

INSERT INTO `jazyky` (`idJazyka`, `jazyk`, `nazev`, `aktivni`) VALUES
(1,	'cz',	'TCESTINA',	1),
(2,	'en',	'TANGLICTINA',	1),
(3,	'at',	'TNEMCINA',	1),
(4,	'pl',	'TPOLSTINA',	1),
(5,	'it',	'TITALSTINA',	1),
(6,	'sk',	'TSLOVENSTINA',	1),
(7,	'ru',	'TRUSTINA',	1),
(8,	'es',	'TSPANELSTINA',	1);

DROP TABLE IF EXISTS `kalendar_akci_terminy`;
CREATE TABLE `kalendar_akci_terminy` (
  `idTerminu` int(11) NOT NULL AUTO_INCREMENT,
  `idAkce` int(11) NOT NULL,
  `od` datetime DEFAULT NULL,
  `do` datetime DEFAULT NULL,
  PRIMARY KEY (`idTerminu`)
) ENGINE=MyISAM DEFAULT CHARSET=utf8 COLLATE=utf8_czech_ci;


DROP TABLE IF EXISTS `klicova_slova`;
CREATE TABLE `klicova_slova` (
  `id` int(11) NOT NULL AUTO_INCREMENT,
  `idDomeny` int(11) NOT NULL,
  `idJazyka` int(11) NOT NULL,
  `slovo` varchar(250) COLLATE utf8_czech_ci NOT NULL,
  `aktualizace` datetime DEFAULT NULL,
  PRIMARY KEY (`id`)
) ENGINE=MyISAM DEFAULT CHARSET=utf8 COLLATE=utf8_czech_ci;


DROP TABLE IF EXISTS `klicova_slova_pozice`;
CREATE TABLE `klicova_slova_pozice` (
  `id` int(11) NOT NULL AUTO_INCREMENT,
  `idSlova` int(11) NOT NULL,
  `seznam` int(11) NOT NULL,
  `google` int(11) NOT NULL,
  `datum` datetime DEFAULT NULL,
  PRIMARY KEY (`id`)
) ENGINE=MyISAM DEFAULT CHARSET=utf8 COLLATE=utf8_czech_ci;


DROP TABLE IF EXISTS `log`;
CREATE TABLE `log` (
  `idLogu` int(11) NOT NULL AUTO_INCREMENT,
  `idModulu` int(11) NOT NULL,
  `idDomeny` int(11) NOT NULL,
  `idJazyka` int(11) NOT NULL,
  `idUzivatele` int(11) NOT NULL,
  `jmenoUzivatele` varchar(100) COLLATE utf8_czech_ci NOT NULL,
  `idObjektu` int(11) NOT NULL DEFAULT '0',
  `typObjektu` varchar(30) COLLATE utf8_czech_ci NOT NULL,
  `nazevObjektu` varchar(255) COLLATE utf8_czech_ci NOT NULL,
  `akce` enum('create','edit-settings','edit-content','delete','login','logout','export','import','send','upload') COLLATE utf8_czech_ci NOT NULL,
  `datum` datetime NOT NULL,
  PRIMARY KEY (`idLogu`)
) ENGINE=MyISAM DEFAULT CHARSET=utf8 COLLATE=utf8_czech_ci;

INSERT INTO `log` (`idLogu`, `idModulu`, `idDomeny`, `idJazyka`, `idUzivatele`, `jmenoUzivatele`, `idObjektu`, `typObjektu`, `nazevObjektu`, `akce`, `datum`) VALUES
(1,	15,	1,	1,	1,	'Pavel Šrom',	1,	'editbox-kolotoc',	'Úvodní carousel obrázků',	'create',	'2021-10-27 10:14:29'),
(2,	15,	1,	1,	1,	'Pavel Šrom',	0,	'editboxy-nastaveni',	'',	'edit-settings',	'2021-10-27 10:16:37'),
(3,	15,	2,	1,	1,	'Pavel Šrom',	0,	'editboxy-nastaveni',	'',	'edit-settings',	'2021-10-27 10:16:50'),
(4,	15,	3,	1,	1,	'Pavel Šrom',	0,	'editboxy-nastaveni',	'',	'edit-settings',	'2021-10-27 10:17:34'),
(5,	15,	2,	1,	1,	'Pavel Šrom',	0,	'editboxy-nastaveni',	'',	'edit-settings',	'2021-10-27 10:17:44'),
(6,	15,	4,	1,	1,	'Pavel Šrom',	0,	'editboxy-nastaveni',	'',	'edit-settings',	'2021-10-27 10:18:07'),
(7,	15,	5,	1,	1,	'Pavel Šrom',	0,	'editboxy-nastaveni',	'',	'edit-settings',	'2021-10-27 10:18:22'),
(8,	15,	1,	1,	1,	'Pavel Šrom',	6,	'editbox',	'Slide 1',	'create',	'2021-10-27 10:30:33'),
(9,	15,	1,	1,	1,	'Pavel Šrom',	2,	'editbox',	'Slide 1',	'delete',	'2021-10-27 10:30:51'),
(10,	15,	1,	1,	1,	'Pavel Šrom',	3,	'editbox',	'Slide 1',	'delete',	'2021-10-27 10:30:54'),
(11,	15,	1,	1,	1,	'Pavel Šrom',	4,	'editbox',	'Slide 1',	'delete',	'2021-10-27 10:30:58'),
(12,	15,	1,	1,	1,	'Pavel Šrom',	5,	'editbox',	'Slide 1',	'delete',	'2021-10-27 10:31:02'),
(13,	4,	1,	1,	1,	'Pavel Šrom',	0,	'novinky-nastaveni',	'',	'edit-settings',	'2021-10-27 11:22:56'),
(14,	4,	2,	1,	1,	'Pavel Šrom',	0,	'novinky-nastaveni',	'',	'edit-settings',	'2021-10-27 11:23:15'),
(15,	4,	3,	1,	1,	'Pavel Šrom',	0,	'novinky-nastaveni',	'',	'edit-settings',	'2021-10-27 11:23:40'),
(16,	4,	4,	1,	1,	'Pavel Šrom',	0,	'novinky-nastaveni',	'',	'edit-settings',	'2021-10-27 11:23:57'),
(17,	4,	5,	1,	1,	'Pavel Šrom',	0,	'novinky-nastaveni',	'',	'edit-settings',	'2021-10-27 11:24:22'),
(18,	3,	5,	1,	1,	'Pavel Šrom',	0,	'stranky-nastaveni',	'',	'edit-settings',	'2021-10-27 11:26:10'),
(19,	3,	4,	1,	1,	'Pavel Šrom',	0,	'stranky-nastaveni',	'',	'edit-settings',	'2021-10-27 11:26:40'),
(20,	3,	3,	1,	1,	'Pavel Šrom',	0,	'stranky-nastaveni',	'',	'edit-settings',	'2021-10-27 11:27:00'),
(21,	3,	2,	1,	1,	'Pavel Šrom',	0,	'stranky-nastaveni',	'',	'edit-settings',	'2021-10-27 11:27:19'),
(22,	3,	1,	1,	1,	'Pavel Šrom',	0,	'stranky-nastaveni',	'',	'edit-settings',	'2021-10-27 11:27:48'),
(23,	29,	1,	1,	1,	'Pavel Šrom',	3,	'uzivatele',	'Petr Tkáč',	'create',	'2021-10-27 11:30:36'),
(24,	33,	1,	1,	1,	'Pavel Šrom',	1,	'stranka',	'Úvodní stránka',	'edit-content',	'2021-10-27 12:17:11'),
(25,	33,	1,	1,	1,	'Pavel Šrom',	1,	'stranka',	'Úvodní stránka',	'edit-content',	'2021-10-27 13:11:12'),
(26,	15,	1,	1,	1,	'Pavel Šrom',	11,	'editbox',	'Slide 2',	'create',	'2021-10-27 13:14:34'),
(27,	15,	1,	1,	1,	'Pavel Šrom',	1,	'editbox-kolotoc',	'Úvodní carousel obrázků',	'edit-settings',	'2021-10-27 13:14:49'),
(28,	33,	1,	2,	1,	'Pavel Šrom',	40,	'stranka',	'Úvodní stránka',	'edit-content',	'2021-10-27 13:21:04'),
(29,	33,	1,	1,	1,	'Pavel Šrom',	1,	'stranka',	'Úvodní stránka',	'edit-content',	'2021-10-27 13:21:24'),
(30,	33,	1,	2,	1,	'Pavel Šrom',	40,	'stranka',	'Úvodní stránka',	'edit-content',	'2021-10-27 13:21:31'),
(31,	4,	1,	1,	1,	'Pavel Šrom',	79,	'novinka',	'první',	'create',	'2021-10-27 13:34:17'),
(32,	33,	1,	1,	1,	'Pavel Šrom',	79,	'novinka',	'první',	'edit-content',	'2021-10-27 13:34:36'),
(33,	33,	1,	1,	1,	'Pavel Šrom',	79,	'novinka',	'první',	'edit-content',	'2021-10-27 13:34:41'),
(34,	33,	1,	1,	1,	'Pavel Šrom',	79,	'novinka',	'první',	'edit-content',	'2021-10-27 13:34:45'),
(35,	33,	1,	1,	1,	'Pavel Šrom',	1,	'stranka',	'Úvodní stránka',	'edit-content',	'2021-10-27 13:35:24'),
(36,	4,	1,	1,	1,	'Pavel Šrom',	80,	'novinka',	'druhá',	'create',	'2021-10-27 13:36:13'),
(37,	4,	1,	1,	1,	'Pavel Šrom',	79,	'novinka-fotka',	'první',	'delete',	'2021-10-27 13:36:43'),
(38,	4,	1,	1,	1,	'Pavel Šrom',	79,	'novinka',	'první',	'edit-content',	'2021-10-27 13:36:55'),
(39,	4,	1,	1,	1,	'Pavel Šrom',	81,	'novinka',	'třetí',	'create',	'2021-10-27 13:37:16'),
(40,	33,	1,	1,	1,	'Pavel Šrom',	81,	'novinka',	'třetí',	'edit-content',	'2021-10-27 13:38:52'),
(41,	3,	1,	1,	1,	'Pavel Šrom',	1,	'stranka',	'Úvodní stránka',	'edit-content',	'2021-10-27 13:41:11'),
(42,	3,	1,	1,	1,	'Pavel Šrom',	1,	'stranka',	'Úvodní stránka',	'edit-content',	'2021-10-27 13:42:39'),
(43,	3,	1,	1,	1,	'Pavel Šrom',	1,	'stranka',	'Úvodní stránka',	'edit-content',	'2021-10-27 13:44:31'),
(44,	33,	1,	1,	1,	'Pavel Šrom',	1,	'stranka',	'Úvodní stránka',	'edit-content',	'2021-10-27 13:46:02'),
(45,	33,	1,	1,	1,	'Pavel Šrom',	1,	'stranka',	'Úvodní stránka',	'edit-content',	'2021-10-27 13:46:24'),
(46,	33,	1,	1,	1,	'Pavel Šrom',	81,	'novinka',	'třetí',	'edit-content',	'2021-10-27 13:46:29'),
(47,	33,	1,	1,	1,	'Pavel Šrom',	1,	'stranka',	'Úvodní stránka',	'edit-content',	'2021-10-27 13:47:37'),
(48,	33,	1,	1,	1,	'Pavel Šrom',	1,	'stranka',	'Úvodní stránka',	'edit-content',	'2021-10-27 13:47:39'),
(49,	33,	1,	1,	1,	'Pavel Šrom',	1,	'stranka',	'Úvodní stránka',	'edit-content',	'2021-10-27 13:49:38'),
(50,	33,	1,	1,	1,	'Pavel Šrom',	1,	'stranka',	'Úvodní stránka',	'edit-content',	'2021-10-27 13:53:05');

DROP TABLE IF EXISTS `log_error`;
CREATE TABLE `log_error` (
  `id` int(11) NOT NULL AUTO_INCREMENT,
  `id_uzivatel` int(11) NOT NULL,
  `datum` datetime NOT NULL,
  `modul` varchar(100) COLLATE utf8_czech_ci NOT NULL,
  `popis` longtext COLLATE utf8_czech_ci NOT NULL,
  `post` text COLLATE utf8_czech_ci NOT NULL,
  `get_param` text COLLATE utf8_czech_ci NOT NULL,
  `session` text COLLATE utf8_czech_ci NOT NULL,
  `code` varchar(20) COLLATE utf8_czech_ci NOT NULL,
  PRIMARY KEY (`id`)
) ENGINE=InnoDB DEFAULT CHARSET=utf8 COLLATE=utf8_czech_ci;


DROP TABLE IF EXISTS `napoveda`;
CREATE TABLE `napoveda` (
  `idNapovedy` int(10) unsigned NOT NULL AUTO_INCREMENT,
  `nadpis` varchar(150) COLLATE utf8_czech_ci NOT NULL,
  `cz` text COLLATE utf8_czech_ci NOT NULL,
  `en` text COLLATE utf8_czech_ci NOT NULL,
  `obsahBezHtml` text COLLATE utf8_czech_ci NOT NULL,
  PRIMARY KEY (`idNapovedy`),
  FULLTEXT KEY `obsahBezHtml` (`obsahBezHtml`)
) ENGINE=MyISAM DEFAULT CHARSET=utf8 COLLATE=utf8_czech_ci;

INSERT INTO `napoveda` (`idNapovedy`, `nadpis`, `cz`, `en`, `obsahBezHtml`) VALUES
(25,	'Prohledávat diskuze',	'<p>Pokud máte aktivován modul Diskuze a diskuze je umístěna na některé stránce webu bude probíhat prohledávání tématu diskuze včetně diskuzních příspěvků.</p>',	'',	'Pokud máte aktivován modul Diskuze a diskuze je umístěna na některé stránce webu bude probíhat prohledávání tématu diskuze včetně diskuzních příspěvků.'),
(150,	'články - nastavení - archivovat',	'<p>Volbou archivovat Ano, přesunete daný článek do archívu. Nebude se tedy zobrazovat na stránce s články, ale na stránce s archívem článků.</p>',	'',	'Volbou archivovat Ano, přesunete daný článek do archívu. Nebude se tedy zobrazovat na stránce s články, ale na stránce s archívem článků.'),
(28,	'Přístup ke stránkám - login',	'<p>Přihlašovací jméno uživatele, který bude mít přístup k vybraným stránkám. Doporučujeme zadávat uživatelská jména bez háčku a čárek. Login je povinný údaj.</p>',	'',	'Přihlašovací jméno uživatele, který bude mít přístup k vybraným stránkám. Doporučujeme zadávat uživatelská jména bez háčku a čárek. Login je povinný údaj.'),
(29,	'Přístup ke stránkám - heslo',	'<p>Heslo návštěvníka stránky musí být zadáno - povinný údaj. Doporučujeme zadávat hesla bez háčků a čárek. Bezpečné heslo by mělo obsahovat kombinaci písmen, číslic a speciálních znaků.</p>',	'',	'Heslo návštěvníka stránky musí být zadáno - povinný údaj. Doporučujeme zadávat hesla bez háčků a čárek. Bezpečné heslo by mělo obsahovat kombinaci písmen, číslic a speciálních znaků.'),
(30,	'Přístup ke stránkám - stránky',	'<p>Zaškrtněte stránky, ke kterým má mít uživatel přístup (po zadání přihlašovacích údajů).</p>',	'',	'Zaškrtněte stránky, ke kterým má mít uživatel přístup (po zadání přihlašovacích údajů).'),
(22,	'Prohledávat novinky',	'<p>Máte-li v administraci aktivován modul Novinky, při vyhledávání se budou prohledávat titulky novinek a jejich perexy.</p>',	'',	'Máte-li v administraci aktivován modul Novinky, při vyhledávání se budou prohledávat titulky novinek a jejich perexy.'),
(27,	'Zobrazit vyhledávací formulář',	'<p>Pokud zaškrtnete volbu <strong>Ano</strong>, vyhledávací formulář se na webu bude zobrazovat. V opačném případě nikoliv.</p>',	'',	'Pokud zaškrtnete volbu Ano, vyhledávací formulář se na webu bude zobrazovat. V opačném případě nikoliv.'),
(19,	'Nastavení vyhledávání',	'<p>Pokud váš web obsahuje vyhledávací formulář, můžete zde nastavit parametry vyhledávání na stránkách webu.</p>',	'',	'Pokud váš web obsahuje vyhledávací formulář, můžete zde nastavit parametry vyhledávání na stránkách webu.'),
(21,	'Třídit výsledky do skupin',	'<p>Pokud nastavíte volbu na <strong>Ano </strong>zaručíte, že při vyhledávání ve více částech stránek (galerie, novinky, atd.) se výsledky seskupí do skupin podle jednotlivých částí. Nejdříve však budou zobrazeny výsledky nalezeny v textech stránek, poté budou zobrazeny výsledky prohledávání dalších objektů (galerie, novinky, atd.). Například pokud bude návštěvník webu vyhledávat slovo \"nářadí\" a to se bude vyskytovat v popisku u obrázku některé galerie a zároveň bude také nalezeno v textu nějaké další stránky, ve výsledcích vyhledávání se zobrazí odkaz na stránku, kde bylo slovo nalezeno v textu a dále pak ve skupině \"nalezeno v galeriích\" odkaz na stránku, kde bylo zadané slovo nalezeno v galerii. V případě, že zvolíte možnost <strong>Ne</strong>, výsledky se zobrazí bez rozdělení do skupin.</p>',	'',	'Pokud nastavíte volbu na Ano zaručíte, že při vyhledávání ve více částech stránek (galerie, novinky, atd.) se výsledky seskupí do skupin podle jednotlivých částí. Nejdříve však budou zobrazeny výsledky nalezeny v textech stránek, poté budou zobrazeny výsledky prohledávání dalších objektů (galerie, novinky, atd.). Například pokud bude návštěvník webu vyhledávat slovo \"nářadí\" a to se bude vyskytovat v popisku u obrázku některé galerie a zároveň bude také nalezeno v textu nějaké další stránky, ve výsledcích vyhledávání se zobrazí odkaz na stránku, kde bylo slovo nalezeno v textu a dále pak ve skupině \"nalezeno v galeriích\" odkaz na stránku, kde bylo zadané slovo nalezeno v galerii. V případě, že zvolíte možnost Ne, výsledky se zobrazí bez rozdělení do skupin.'),
(18,	'Co jsou Přístupy ke stránkám',	'<p>Určete zda bude stránka privátní nebo veřejná. Pokud bude veřejná, pak bude dostupná všem návštěvníkům a vyhledávačům. Pokud bude privátní, zvolte skupinu uživatelů, kteří budou mít práva ke stránce přistupovat pod přihlašovacím jménem a heslem. Privátní stránky nejdou vidět přes vyhledávače a jsou dostupné jen po přihlášení oprávněným uživatelům.</p>',	'',	'Určete zda bude stránka privátní nebo veřejná. Pokud bude veřejná, pak bude dostupná všem návštěvníkům a vyhledávačům. Pokud bude privátní, zvolte skupinu uživatelů, kteří budou mít práva ke stránce přistupovat pod přihlašovacím jménem a heslem. Privátní stránky nejdou vidět přes vyhledávače a jsou dostupné jen po přihlášení oprávněným uživatelům.'),
(17,	'Co je stránka 404',	'<p>Stránka 404 je chybová stránka webu. Zobrazí se vždy, když se návštěvník pokusí zadat neplatnou url adresu stránky webu. Editací této stránky můžete návštěvníkovi nabídnou cestu, kudy se má dále webem ubírat či další alternativy za nenalezenou stránku.</p>',	'',	'Stránka 404 je chybová stránka webu. Zobrazí se vždy, když se návštěvník pokusí zadat neplatnou url adresu stránky webu. Editací této stránky můžete návštěvníkovi nabídnou cestu, kudy se má dále webem ubírat či další alternativy za nenalezenou stránku.'),
(13,	'Název šablony',	'<p>Název šablony je povinná položka a může obsahovat libovolný krátký text.</p>',	'',	'Název šablony je povinná položka a může obsahovat libovolný krátký text.'),
(14,	'Popis šablony',	'<p>Popis šablony může být libovolný text.</p>',	'',	'Popis šablony může být libovolný text.'),
(15,	'Obsah šablony',	'<p>Obsah šablony vytvoříte v editoru. Šablona může mít libovolný obsah.</p>',	'',	'Obsah šablony vytvoříte v editoru. Šablona může mít libovolný obsah.'),
(16,	'Co jsou šablony',	'<p>Přehled obsahových šablon. Můžete vytvořit šablonu obsahu stránky, které vám usnadní tvorbu obsahu vašich stránek a emailů. Např. víte, že budete vytvářet několik stránek, kde bude na konci připojen jeden a tentýž obrázek (např. logo vaši firmy). Vytvoříte si tak šablonu s tímto obsahem a tu pak můžete použít při tvorbě dalších několika stránek.</p>',	'',	'Přehled obsahových šablon. Můžete vytvořit šablonu obsahu stránky, které vám usnadní tvorbu obsahu vašich stránek a emailů. Např. víte, že budete vytvářet několik stránek, kde bude na konci připojen jeden a tentýž obrázek (např. logo vaši firmy). Vytvoříte si tak šablonu s tímto obsahem a tu pak můžete použít při tvorbě dalších několika stránek.'),
(9,	'Url název',	'<p>Zde zadejte url adresu stránky bez diakritiky a speciálních znaků - povoleny jsou znaky \"_\", \"-\", číslice a písmena bez háčků a čárek.</p>',	'',	'Zde zadejte url adresu stránky bez diakritiky a speciálních znaků - povoleny jsou znaky \"_\", \"-\", číslice a písmena bez háčků a čárek.'),
(10,	'Title',	'<p>Meta tag Title je titulkem stránky, který se zobrazuje v horní liště prohlížeče a má obrovský vliv na SEO. Dbejte na to, aby obsahoval klíčová slova stránky a aby měl délku cca 60 znaků.</p>',	'',	'Meta tag Title je titulkem stránky, který se zobrazuje v horní liště prohlížeče a má obrovský vliv na SEO. Dbejte na to, aby obsahoval klíčová slova stránky a aby měl délku cca 60 znaků.'),
(11,	'Description',	'<p>Meta tag Description tvoří popisek stránky, který má rovněž nemalý vliv na SEO. Dbejte na to, aby měl popisek délku maximálně 200 znaků.</p>',	'',	'Meta tag Description tvoří popisek stránky, který má rovněž nemalý vliv na SEO. Dbejte na to, aby měl popisek délku maximálně 200 znaků.'),
(12,	'Keywords',	'<p>Meta tag Keywords obsahuje klíčová slova stránky oddělená čárkou. V dnešní době se příliž nevyužívá ale přesto může mít vliv na SEO a ovlivňovat tak výsledky některých méně významných vyhledávačů.</p>',	'',	'Meta tag Keywords obsahuje klíčová slova stránky oddělená čárkou. V dnešní době se příliž nevyužívá ale přesto může mít vliv na SEO a ovlivňovat tak výsledky některých méně významných vyhledávačů.'),
(8,	'Seo parametry',	'<p>Následující parametry stránky editujte jen v případě, že máte znalosti v oblasti optimalizace pro vyhledávače. Neodborným zásahem můžete nepříznivě ovlivnit návštěvnost webu!</p>',	'',	'Následující parametry stránky editujte jen v případě, že máte znalosti v oblasti optimalizace pro vyhledávače. Neodborným zásahem můžete nepříznivě ovlivnit návštěvnost webu!'),
(7,	'Oprávnění uživatelé',	'<p>Zaškrtněte uživatele, kteří budou mít právo editovat tuto stránku. Ostatním uživatelům s právy Divák nebo Uživatel bude přístup k editaci stránky zamítnut. Uživatelé s právy Editor, Admin a Superadmin mají právo spravovat všechny stránky.</p>',	'',	'Zaškrtněte uživatele, kteří budou mít právo editovat tuto stránku. Ostatním uživatelům s právy Divák nebo Uživatel bude přístup k editaci stránky zamítnut. Uživatelé s právy Editor, Admin a Superadmin mají právo spravovat všechny stránky.'),
(6,	'Zobrazit stránku',	'<p>Pokud zvolíte možnost <strong>Ano</strong>, stránka se bude zobrazovat na webu. V opačném případě se nezobrazí a bude zobrazena chybová stránka.</p>',	'',	'Pokud zvolíte možnost Ano, stránka se bude zobrazovat na webu. V opačném případě se nezobrazí a bude zobrazena chybová stránka.'),
(405,	'Nastavení - Privátní stránky - přihlašovací stránka',	'<p>Stránka, která obsahuje přihlašovací formulář k privátním stránkám, funkci zapomněl jsem heslo a změnit heslo.</p>',	'',	'Stránka, která obsahuje přihlašovací formulář k privátním stránkám, funkci zapomněl jsem heslo a změnit heslo.'),
(406,	'Nastavení - Privátní stránky - text emailu pro nové heslo',	'<p>Obsah emailu pro zaslání nového hesla. Můžete vkládat značky [heslo] a [login], které budou při odesílání emailu nahrazeny skutečným heslem a přihlašovacím jménem.</p>',	'',	'Obsah emailu pro zaslání nového hesla. Můžete vkládat značky [heslo] a [login], které budou při odesílání emailu nahrazeny skutečným heslem a přihlašovacím jménem.'),
(407,	'Nastavení - Privátní stránky - text emailu pro změnu hesla',	'<p>Obsah emailu pro zaslání informace o změně hesla. Můžete vkládat značky [heslo] a [login], které budou při odesílání emailu nahrazeny skutečným heslem a přihlašovacím jménem.</p>',	'',	'Obsah emailu pro zaslání informace o změně hesla. Můžete vkládat značky [heslo] a [login], které budou při odesílání emailu nahrazeny skutečným heslem a přihlašovacím jménem.'),
(2,	'Název stránky',	'<p>Název stránky je povinný údaj<strong>.<br /></strong></p>',	'',	'Název stránky je povinný údaj.'),
(3,	'Hlavní nadpis stránky',	'<p>Hlavní nadpis stránky určuje hlavní, nejdůležitější nadpis na stránce. Pokud není vyplněn použije se Název stránky.</p>',	'',	'Hlavní nadpis stránky určuje hlavní, nejdůležitější nadpis na stránce. Pokud není vyplněn použije se Název stránky.'),
(32,	'Přístup ke stránkám - změna přístupu na x dní',	'<p>Touto volbou lze určit kolik dní má mít uživatel ještě přístup k daným stránkám. Lze přidělit i neomezený přístup. Po uplynutí určeného počtu dní bude uživateli znemožněn přístup ke stránkám.</p>',	'',	'Touto volbou lze určit kolik dní má mít uživatel ještě přístup k daným stránkám. Lze přidělit i neomezený přístup. Po uplynutí určeného počtu dní bude uživateli znemožněn přístup ke stránkám.'),
(33,	'Co jsou stránky',	'<p>V přehledu stránek naleznete všechny hlavní stránky, které se nacházejí na vašem webu. Nenajdete zde chybovou stránku 404, galerie, jednotlivé novinky a články, které se vytvářejí a editují v samostatných částech redakčního systému.</p>',	'',	'V přehledu stránek naleznete všechny hlavní stránky, které se nacházejí na vašem webu. Nenajdete zde chybovou stránku 404, galerie, jednotlivé novinky a články, které se vytvářejí a editují v samostatných částech redakčního systému.'),
(34,	'Název webu',	'<p>Název webu se zobrazuje v různých meta informacích, např. v RSS feedech, metainformacích pro Facebook atd. Můžete zde zadat název vaši firmy, vaše jméno apod. Například \"Matýskův blog\", \"Moje firma s.r.o.\", \"Petr Novák\" atd. Název webu se také  používá jako název odesílatele v emailové komunikaci.</p>',	'',	'Název webu se zobrazuje v různých meta informacích, např. v RSS feedech, metainformacích pro Facebook atd. Můžete zde zadat název vaši firmy, vaše jméno apod. Například \"Matýskův blog\", \"Moje firma s.r.o.\", \"Petr Novák\" atd. Název webu se také  používá jako název odesílatele v emailové komunikaci.'),
(35,	'Popis webu',	'<p>Stručně popište váš web. Například \"O všem co se honí hlavou politikům\" nebo \"Stavební a pozemní práce, pronájem strojů a zařízení\". Popis webu se používá u některých meta informací webu, např. v RSS feedech atd.</p>',	'',	'Stručně popište váš web. Například \"O všem co se honí hlavou politikům\" nebo \"Stavební a pozemní práce, pronájem strojů a zařízení\". Popis webu se používá u některých meta informací webu, např. v RSS feedech atd.'),
(36,	'Email webu',	'<p>Hlavní emailová adresa webu vystupuje jako přednastavená emailová adresa odesílatele v emailové komunikaci. Může se také objevit v některých meta informacích.</p>',	'',	'Hlavní emailová adresa webu vystupuje jako přednastavená emailová adresa odesílatele v emailové komunikaci. Může se také objevit v některých meta informacích.'),
(37,	'Přihlašovací email GA',	'<p>Přihlašovací email, kterým se přihlašujete ke službě Google Analytics.</p>',	'',	'Přihlašovací email, kterým se přihlašujete ke službě Google Analytics.'),
(38,	'Heslo GA',	'<p>Heslo k účtu Google Analytics, kterým se přihlašujete.</p>',	'',	'Heslo k účtu Google Analytics, kterým se přihlašujete.'),
(39,	'Id profilu GA',	'<p>Id profilu vytvořeného v Google Analytics.</p>',	'',	'Id profilu vytvořeného v Google Analytics.'),
(40,	'Přístup do GA',	'<p>Přístupové údaje ke službě Google Analytics - Email k účtu Google Analytics, heslo a ID profilu. Tyto údaje jsou nutné k tomu, aby se generovaly statistické reporty a zobrazovaly statistiky o návštěvnosti.</p>',	'',	'Přístupové údaje ke službě Google Analytics - Email k účtu Google Analytics, heslo a ID profilu. Tyto údaje jsou nutné k tomu, aby se generovaly statistické reporty a zobrazovaly statistiky o návštěvnosti.'),
(41,	'Měřící kód GA',	'<p><strong>Měřící kod Google Analytics </strong>umožňuje sledovat návštěvnost jednotlivých stránek a mnoho dalších webových statistik - odkud návštěvníci přicházejí, jakým jazykem mluví, jaké prohlížeče používají, zda navštívili důležitou stránku vašeho webu atd.</p>',	'',	'Měřící kod Google Analytics umožňuje sledovat návštěvnost jednotlivých stránek a mnoho dalších webových statistik - odkud návštěvníci přicházejí, jakým jazykem mluví, jaké prohlížeče používají, zda navštívili důležitou stránku vašeho webu atd.'),
(44,	'Soubor ke stažení',	'<p>Odkaz na soubor archívu ZIP webových souborů k pozdějšímu stažení.</p>',	'',	'Odkaz na soubor archívu ZIP webových souborů k pozdějšímu stažení.'),
(48,	'Odkazy - Název bloku',	'<p>Název bloku je jediný povinný údaj. Může obsahovat libovolný text.</p>',	'',	'Název bloku je jediný povinný údaj. Může obsahovat libovolný text.'),
(49,	'Odkazy - odkazovat na stránku',	'<p>Povinný údaj. Zvolte stránku, na kterou se má návštěvník dostat po kliknutí na odkaz.</p>',	'',	'Povinný údaj. Zvolte stránku, na kterou se má návštěvník dostat po kliknutí na odkaz.'),
(50,	'Odkazy - Název odkazu',	'<p>Název odkazu je povinný údaj.</p>',	'',	'Název odkazu je povinný údaj.'),
(51,	'Zařadit odkaz do kategorie',	'<p>Vyberte kategorii bloku odkazů, do které se má nový odkaz vnořit. Pokud vyberete \"hlavní\", odkaz nebude vnořen do žádné kategorie. Bude tedy hlavním odkazem.</p>',	'',	'Vyberte kategorii bloku odkazů, do které se má nový odkaz vnořit. Pokud vyberete \"hlavní\", odkaz nebude vnořen do žádné kategorie. Bude tedy hlavním odkazem.'),
(52,	'Odkazy - odkazovat na adresu',	'<p>Pokud nevyberete žádnou stránku jako cíl odkazu, můžete zadat url adresu ručně. Url adresa cíle odkazu musí mít tvar např. \"http://www.mujweb.cz/moje-stranka.html\" apod.</p>',	'',	'Pokud nevyberete žádnou stránku jako cíl odkazu, můžete zadat url adresu ručně. Url adresa cíle odkazu musí mít tvar např. \"http://www.mujweb.cz/moje-stranka.html\" apod.'),
(53,	'Odkazy - obsah menu',	'<p>Technikou \"táhni a pusť\" prováděnou pomocí myši můžete položky bloku odkazů přesouvat mezi sebou a vnořovat do jiných odkazů. Kliknutím na odkaz se dostanete na náhled cílové stránky.</p>',	'',	'Technikou \"táhni a pusť\" prováděnou pomocí myši můžete položky bloku odkazů přesouvat mezi sebou a vnořovat do jiných odkazů. Kliknutím na odkaz se dostanete na náhled cílové stránky.'),
(54,	'Galerie - Název galerie',	'<p>Název galerie je jediný povinný údaj. Může obsahovat libovolný text.</p>',	'',	'Název galerie je jediný povinný údaj. Může obsahovat libovolný text.'),
(55,	'Galerie - Zobrazovat',	'<p>Pokud je zaškrtnuta volba Ano, pak se galerie zobrazuje na webu. V opačném případě nikoliv.</p>',	'',	'Pokud je zaškrtnuta volba Ano, pak se galerie zobrazuje na webu. V opačném případě nikoliv.'),
(56,	'Galerie - Počet fotek na stránku',	'<p>Zadejte počet fotek, které se zobrazí na jedné stránce. Ostatní fotky se nezobrazí.</p>',	'',	'Zadejte počet fotek, které se zobrazí na jedné stránce. Ostatní fotky se nezobrazí.'),
(57,	'Galerie - stránkování',	'<p>Pokud je povoleno <strong>stránkování</strong>, rozdělí se fotky galerie do stránek. Na každé stránce bude maximálně tolik fotek, kolik je nastaveno v políčku <strong>Počet fotek na stránku</strong>.</p>',	'',	'Pokud je povoleno stránkování, rozdělí se fotky galerie do stránek. Na každé stránce bude maximálně tolik fotek, kolik je nastaveno v políčku Počet fotek na stránku.'),
(58,	'Galerie - perex',	'<p>Perex galerie je krátký text, který by měl nalákat (upoutat) návštěvníka na stránku s galerií.</p>',	'',	'Perex galerie je krátký text, který by měl nalákat (upoutat) návštěvníka na stránku s galerií.'),
(59,	'Galerie - počet reprezentativních fotek',	'<p>Zde nastavte počet fotek, které se zobrazí v panelu stránky jako ukázkové fotky galerie.</p>',	'',	'Zde nastavte počet fotek, které se zobrazí v panelu stránky jako ukázkové fotky galerie.'),
(60,	'Galerie - způsob zobrazování',	'<p>Pokud zvolíte způsob zobrazování <strong>Náhodně</strong>, v panelu se budou zobrazovat fotky z galerie náhodně. V případě, že zvolíte možnost <strong>Nejnovější</strong>, budou se v panelu zobrazovat naposledy přidané fotografie.</p>',	'',	'Pokud zvolíte způsob zobrazování Náhodně, v panelu se budou zobrazovat fotky z galerie náhodně. V případě, že zvolíte možnost Nejnovější, budou se v panelu zobrazovat naposledy přidané fotografie.'),
(61,	'Galerie - odkazovat na stránku',	'<p>Vyberte cílovou stránku nebo url adresu odkazu, která obsahuje fotky galerie.</p>',	'',	'Vyberte cílovou stránku nebo url adresu odkazu, která obsahuje fotky galerie.'),
(62,	'Galerie - obrázek',	'<p>Vyhledejte obrázek z vašeho počítače. Povolené přípony jsou jpg, jpeg, gif a png. Velikost obrázku nesmí překročit maximální povolenou velikost. Doporučujeme nahrávat obrázky o velikosti maximálně 1MB.</p>',	'',	'Vyhledejte obrázek z vašeho počítače. Povolené přípony jsou jpg, jpeg, gif a png. Velikost obrázku nesmí překročit maximální povolenou velikost. Doporučujeme nahrávat obrázky o velikosti maximálně 1MB.'),
(63,	'Ankety - název ankety',	'<p>Název ankety je povinný údaj a může obsahovat libovolný text.</p>',	'',	'Název ankety je povinný údaj a může obsahovat libovolný text.'),
(64,	'Ankety - otázka ankety',	'<p>Otázka ankety je povinný údaj a může obsahovat libovolný text. Zde zadejte otázku, pro jejíž odpovědi budou návštěvníci hlasovat.</p>',	'',	'Otázka ankety je povinný údaj a může obsahovat libovolný text. Zde zadejte otázku, pro jejíž odpovědi budou návštěvníci hlasovat.'),
(65,	'Ankety - publikovat od',	'<p>Vyberte datum od kterého se bude anketa zobrazovat. Pokud neuvedete žádné datum, anketa se bude zobrazovat ihned. Datum musí být ve formátu např. 30.12.2010 nebo 03.05.2010 apod.</p>',	'',	'Vyberte datum od kterého se bude anketa zobrazovat. Pokud neuvedete žádné datum, anketa se bude zobrazovat ihned. Datum musí být ve formátu např. 30.12.2010 nebo 03.05.2010 apod.'),
(66,	'Ankety - publikovat do',	'<p>Zde zadejte datum, do kterého se bude anketa na webu zobrazovat. Pokud není datum ukončení stanoveno, anketa se bude na webu zobrazovat tak dlouho dokud ji sami nezastavíte. Datum musí být ve formátu např. 30.12.2010 nebo 03.05.2010 apod.</p>',	'',	'Zde zadejte datum, do kterého se bude anketa na webu zobrazovat. Pokud není datum ukončení stanoveno, anketa se bude na webu zobrazovat tak dlouho dokud ji sami nezastavíte. Datum musí být ve formátu např. 30.12.2010 nebo 03.05.2010 apod.'),
(67,	'Ankety - Zobrazovat počet hlasů',	'<p>Pokud povolíte zobrazování počtu hlasů bude se u každé odpovědi všech anket zobrazovat absolutní počet hlasů dané odpovědi. Pokud tuto možnost zakážete, bude se u každé odpovědi zobrazovat procentuální vyjádření hlasování.</p>',	'',	'Pokud povolíte zobrazování počtu hlasů bude se u každé odpovědi všech anket zobrazovat absolutní počet hlasů dané odpovědi. Pokud tuto možnost zakážete, bude se u každé odpovědi zobrazovat procentuální vyjádření hlasování.'),
(68,	'Ankety - zobrazovat',	'<p>Pokud zvolíte volbu Ano, anketa se bude zobrazovat. V opačném případě nikoliv.</p>',	'',	'Pokud zvolíte volbu Ano, anketa se bude zobrazovat. V opačném případě nikoliv.'),
(69,	'Ankety - stav',	'<p>Pokud je anketa aktivní, znamená to, že se na webu zobrazuje. V opačném případě nikoliv.</p>',	'',	'Pokud je anketa aktivní, znamená to, že se na webu zobrazuje. V opačném případě nikoliv.'),
(70,	'Ankety - odpověď na otázku',	'<p>Odpověď na otázku je povinný údaj a měl by korespondovat s otázkou ankety.</p>',	'',	'Odpověď na otázku je povinný údaj a měl by korespondovat s otázkou ankety.'),
(71,	'Ankety - barva',	'<p>Vyberte barvu pro položku ankety a nebo zadejte barvu manuálně do políčka. Barva musí být uvedena v hexadecimálním tvaru.</p>',	'',	'Vyberte barvu pro položku ankety a nebo zadejte barvu manuálně do políčka. Barva musí být uvedena v hexadecimálním tvaru.'),
(72,	'Ankety - orientační náhled a editace',	'<p>Tato část slouží pro editaci ankety, její orientační náhled a statistiky hlasování v anketě. Kliknutím do políčka s barvou lze změnit barvu položky grafu. Kliknutím na odpověď ankety lze editovat odpověď ankety. Technikou \"Táhni a pusť\" lze pomocí myši měnit pořadí položek v anketě. Tlačítkem Vynulovat příjdete o veškeré statistiky hlasování v dané anketě, všechny hodnoty hlasů budou nastaveny na hodnotu 0.</p>',	'',	'Tato část slouží pro editaci ankety, její orientační náhled a statistiky hlasování v anketě. Kliknutím do políčka s barvou lze změnit barvu položky grafu. Kliknutím na odpověď ankety lze editovat odpověď ankety. Technikou \"Táhni a pusť\" lze pomocí myši měnit pořadí položek v anketě. Tlačítkem Vynulovat příjdete o veškeré statistiky hlasování v dané anketě, všechny hodnoty hlasů budou nastaveny na hodnotu 0.'),
(73,	'Novinky - název bloku s novinkami',	'<p>Název bloku je povinný údaj a může obsahovat libovolný text.</p>',	'',	'Název bloku je povinný údaj a může obsahovat libovolný text.'),
(74,	'Formuláře - název',	'<p>Název formuláře je jedinou povinnou položkou. Název může být libovolný text.</p>',	'',	'Název formuláře je jedinou povinnou položkou. Název může být libovolný text.'),
(75,	'Novinky - počet novinek na stránku',	'<p>Počet novinek, které se zobrazí na stránce s výpisem novinek. Pokud je novinek více než je možné na stránce vypsat, zobrazí se pod výpisem novinek stránkování.</p>',	'',	'Počet novinek, které se zobrazí na stránce s výpisem novinek. Pokud je novinek více než je možné na stránce vypsat, zobrazí se pod výpisem novinek stránkování.'),
(76,	'Novinky - stránkování',	'<p>Pokud překročí povolený počet novinek stanovenou hranici u položky <strong>Počet novinek na stránce</strong>, budou novinky rozděleny do stránek.</p>',	'',	'Pokud překročí povolený počet novinek stanovenou hranici u položky Počet novinek na stránce, budou novinky rozděleny do stránek.'),
(77,	'Novinky - zobrazovat obrázek',	'<p>Pokud je u novinky nahrán obrázek a povolíte zde jeho zobrazování volbou Ano, obrázek se bude zobrazovat u perexu a titulku novinky.</p>',	'',	'Pokud je u novinky nahrán obrázek a povolíte zde jeho zobrazování volbou Ano, obrázek se bude zobrazovat u perexu a titulku novinky.'),
(78,	'Novinky - počet reprezentativních novinek',	'<p>Počet novinek, které se zobrazí v boxu. Pokud zadáte hodnotu 0, box se nezobrazí.</p>',	'',	'Počet novinek, které se zobrazí v boxu. Pokud zadáte hodnotu 0, box se nezobrazí.'),
(79,	'Novinky - způsob zobrazování',	'<p>Zvolíte-li možnost <strong>Náhodně</strong>, budou se novinky v panelu zobrazovat náhodně. V případě volby <strong>Nejnovější </strong>se budou v panelu zobrazovat novinky naposledy vložené.</p>',	'',	'Zvolíte-li možnost Náhodně, budou se novinky v panelu zobrazovat náhodně. V případě volby Nejnovější se budou v panelu zobrazovat novinky naposledy vložené.'),
(80,	'Formuláře - email pro odeslání',	'<p>Email pro odeslání musí být ve tvaru \"mujemail@seznam.cz\" apod. Na zadaný email budou odesílány vyplněné údaje, které budou zadány návštěvníky skrze formulář umístěný na webu. Pozor! Pokud email nevyplníte, email s údaji se neodešle.</p>',	'',	'Email pro odeslání musí být ve tvaru \"mujemail@seznam.cz\" apod. Na zadaný email budou odesílány vyplněné údaje, které budou zadány návštěvníky skrze formulář umístěný na webu. Pozor! Pokud email nevyplníte, email s údaji se neodešle.'),
(81,	'Formuláře - Název odesílajícího tlačítka',	'<p>Název tlačítka pro odeslání formuláře - vhodné pojmenování \"odeslat\", \"poslat\" apod.</p>',	'',	'Název tlačítka pro odeslání formuláře - vhodné pojmenování \"odeslat\", \"poslat\" apod.'),
(90,	'Formuláře - Potvrzení po úspěšném odeslání',	'<p>Zadejte text, který se zobrazí odesílateli po úspěšném odeslání formuláře na stránkách, např. \"Děkujeme za odeslání formuláře\", \"Váš dotaz byl úspěšně odeslán\" apod.</p>',	'',	'Zadejte text, který se zobrazí odesílateli po úspěšném odeslání formuláře na stránkách, např. \"Děkujeme za odeslání formuláře\", \"Váš dotaz byl úspěšně odeslán\" apod.'),
(82,	'Novinky - RSS kanál',	'<p>Můžete povolit povolit generování RSS feedu. RSS feed je XML soubor, který si může návštěvník stáhnout do svého počítače a sledovat tak novinky na vašem webu aniž by musel navštívit váš web. Odkaz na RSS feed se zobrazuje pod výpisem novinek.</p>',	'',	'Můžete povolit povolit generování RSS feedu. RSS feed je XML soubor, který si může návštěvník stáhnout do svého počítače a sledovat tak novinky na vašem webu aniž by musel navštívit váš web. Odkaz na RSS feed se zobrazuje pod výpisem novinek.'),
(83,	'Novinky - titulek',	'<p>Titulek je povinný údaj, měl by být krátký, výstižný a měl by čtenáře upoutat. Zobrazuje se jako nadpis novinky.</p>',	'',	'Titulek je povinný údaj, měl by být krátký, výstižný a měl by čtenáře upoutat. Zobrazuje se jako nadpis novinky.'),
(84,	'Novinky - perex',	'<p>Perex je krátký text (obvykle 2 - 5 vět), jehož účelem je uvést a upoutat pozornost na následující delší text článku a/nebo naznačit, o čem článek bude. Na co nestačí upoutat <span class=\"new\">titulek</span>, to rozvádí perex, aby se čtenář mohl rozhodnout, má-li věnovat čas čtení celého článku a jde-li o téma, které ho zajímá.</p>',	'',	'Perex je krátký text (obvykle 2 - 5 vět), jehož účelem je uvést a upoutat pozornost na následující delší text článku a/nebo naznačit, o čem článek bude. Na co nestačí upoutat titulek, to rozvádí perex, aby se čtenář mohl rozhodnout, má-li věnovat čas čtení celého článku a jde-li o téma, které ho zajímá.'),
(85,	'Novinky - nahrát obrázek',	'<p>Vyberte obrázek z disku vašeho počítače. Povolené formáty jsou jpg, jpeg, gif a png. Doporučená maximální velikost souboru je 1MB.</p>',	'',	'Vyberte obrázek z disku vašeho počítače. Povolené formáty jsou jpg, jpeg, gif a png. Doporučená maximální velikost souboru je 1MB.'),
(86,	'Editboxy',	'<p>Boxy se na webu zobrazují jako boxy s obsahem, který si vytvoříte. Můžete například vytvořit reklamní banner a umístit jej do některé z editovatelných oblastí webu v modulu Základní nastavení v části Šablony panelů nebo v nastavení stránky/článku/novinky/galerie můžete připojit editovatelný box pod obsah stránky. V případě, že chcete aby se v jednom boxu na webu obsah pravidělně nebo náhodně obměňoval, vytvořte Carousel.</p>',	'',	'Boxy se na webu zobrazují jako boxy s obsahem, který si vytvoříte. Můžete například vytvořit reklamní banner a umístit jej do některé z editovatelných oblastí webu v modulu Základní nastavení v části Šablony panelů nebo v nastavení stránky/článku/novinky/galerie můžete připojit editovatelný box pod obsah stránky. V případě, že chcete aby se v jednom boxu na webu obsah pravidělně nebo náhodně obměňoval, vytvořte Carousel.'),
(108,	'Facebook - Název webu',	'<p>Název webu v meta, pro vložení odkazu na Facebook.</p>',	'',	'Název webu v meta, pro vložení odkazu na Facebook.'),
(87,	'Novinky - zobrazovat obrázek v panelu',	'<p>Pokud je u novinky nahrán obrázek a povolíte zde jeho zobrazování volbou  Ano, obrázek se bude zobrazovat u perexu a titulku novinky.</p>',	'',	'Pokud je u novinky nahrán obrázek a povolíte zde jeho zobrazování volbou  Ano, obrázek se bude zobrazovat u perexu a titulku novinky.'),
(88,	'Novinky - zobrazovat do',	'<p>Zde zadejte datum, do kterého se bude novinka/článek/box na webu zobrazovat. Pokud není datum ukončení stanoveno, novinka/článek/box se bude na webu zobrazovat tak dlouho dokud ji sami nezastavíte. Datum musí být ve formátu např. 30.12.2010 nebo 03.05.2010 apod.</p>',	'',	'Zde zadejte datum, do kterého se bude novinka/článek/box na webu zobrazovat. Pokud není datum ukončení stanoveno, novinka/článek/box se bude na webu zobrazovat tak dlouho dokud ji sami nezastavíte. Datum musí být ve formátu např. 30.12.2010 nebo 03.05.2010 apod.'),
(89,	'Novinky - zobrazovat od',	'<p>Vyberte datum od kterého se bude novinka/článek/box zobrazovat. Pokud neuvedete žádné datum, novinka/článek/box se bude zobrazovat ihned. Datum musí být ve formátu např. 30.12.2010 nebo 03.05.2010 apod.</p>',	'',	'Vyberte datum od kterého se bude novinka/článek/box zobrazovat. Pokud neuvedete žádné datum, novinka/článek/box se bude zobrazovat ihned. Datum musí být ve formátu např. 30.12.2010 nebo 03.05.2010 apod.'),
(91,	'Formuláře - Ukládat zprávy',	'<p>Pokud je nastaveno na Ano, obsah vyplněného formuláře se uloží do systému a vy budete mít možnost později odepsat na zprávu. Pokud je nastaveno na Ne, formuláře se nebudou ukládat do systému.</p>',	'',	'Pokud je nastaveno na Ano, obsah vyplněného formuláře se uloží do systému a vy budete mít možnost později odepsat na zprávu. Pokud je nastaveno na Ne, formuláře se nebudou ukládat do systému.'),
(92,	'Formuláře - Antispamová ochrana',	'<p>Pokud váš formulář neobsahuje žádnou povinnou položku, může být snadno zneužit pro hromadné rozesílání nevyžádaných emailů. Antispamová ochrana vynucuje zadání odpovědi na jednoduchou otázku, pokud bude odpověď zadána správně, formulář se odešle. V opačném případě nikoliv.</p>',	'',	'Pokud váš formulář neobsahuje žádnou povinnou položku, může být snadno zneužit pro hromadné rozesílání nevyžádaných emailů. Antispamová ochrana vynucuje zadání odpovědi na jednoduchou otázku, pokud bude odpověď zadána správně, formulář se odešle. V opačném případě nikoliv.'),
(93,	'Formuláře - zobrazovat',	'<p>Pokud je nastaveno na Ano, formulář se na stránkách zobrazuje. V opačném případě nikoliv.</p>',	'',	'Pokud je nastaveno na Ano, formulář se na stránkách zobrazuje. V opačném případě nikoliv.'),
(94,	'Formuláře - posílat potvrzení',	'<p>Pokud je nastaveno na Ano, po odeslání formuláře bude zaslán návštěvníkovi potvrzovací email.<strong> Pozor! Potvrzovací email bude zaslán jen v případě, že součásti formuláře je položka pro zadání emailu. Pokud bude položek pro zadání emailu více, bude potvrzovací email zaslán na první uvedenou emailovou adresu!</strong></p>',	'',	'Pokud je nastaveno na Ano, po odeslání formuláře bude zaslán návštěvníkovi potvrzovací email. Pozor! Potvrzovací email bude zaslán jen v případě, že součásti formuláře je položka pro zadání emailu. Pokud bude položek pro zadání emailu více, bude potvrzovací email zaslán na první uvedenou emailovou adresu!'),
(95,	'Formuláře - Předmět potvrzení',	'<p>Předmět emailu s potvrzením.</p>',	'',	'Předmět emailu s potvrzením.'),
(96,	'Formuláře - potvrzení',	'<p>Zpráva s potvrzením o odeslání formuláře. Ke konci emailu se vždy automaticky připojí rekapitulace toho co bylo do formuláře zadáno.</p>',	'',	'Zpráva s potvrzením o odeslání formuláře. Ke konci emailu se vždy automaticky připojí rekapitulace toho co bylo do formuláře zadáno.'),
(97,	'Formuláře - Automaticky řadit do skupiny',	'<p>Pokud máte v administraci aktivován modul Emaily, máte možnost prostřednictvím modulu Formuláře sbírat emailové adresy. Zaškrtněte skupiny příjemců, do kterých se automaticky bude ukládat emailová adresa zadaná do formuláře. Takto nasbírané emailové kontakty můžete dále využívat v modulu Emaily k rozesílání svých reklamních emailů, newsletterů apod.</p>',	'',	'Pokud máte v administraci aktivován modul Emaily, máte možnost prostřednictvím modulu Formuláře sbírat emailové adresy. Zaškrtněte skupiny příjemců, do kterých se automaticky bude ukládat emailová adresa zadaná do formuláře. Takto nasbírané emailové kontakty můžete dále využívat v modulu Emaily k rozesílání svých reklamních emailů, newsletterů apod.'),
(98,	'Formuláře - Manuální převod všech dosud uložených odesílatelů do skupiny',	'<p>Vyberte skupinu příjemců, do které chcete přesunout emailové kontakty nasbírané prostřednictvím tohoto formuláře. Kontakty lze využívat v modulu Emaily k emailovým kampaním.</p>',	'',	'Vyberte skupinu příjemců, do které chcete přesunout emailové kontakty nasbírané prostřednictvím tohoto formuláře. Kontakty lze využívat v modulu Emaily k emailovým kampaním.'),
(99,	'Formuláře - Zprávy - název formuláře',	'<p>Formulář, ze kterého zpráva došla.</p>',	'',	'Formulář, ze kterého zpráva došla.'),
(100,	'Formuláře - Zprávy - datum a čas přijetí zprávy',	'<p>Datum a čas, kdy byla zpráva uložena - neboli také datum a čas úspěšného odeslání formuláře.</p>',	'',	'Datum a čas, kdy byla zpráva uložena - neboli také datum a čas úspěšného odeslání formuláře.'),
(101,	'Formuláře - Zprávy - stav',	'<p>Stav zprávy může být</p>\r\n<ul>\r\n<li><strong>Nová </strong>- zpráva byla uložena do systému a nebyla ještě vámi přečtena. </li>\r\n<li><strong>Přijatá </strong>- zpráva byla přečtena, ale nebylo na ni reagováno</li>\r\n<li><strong>Odpovězeno </strong>- zpráva byla přečtena a bylo na ni reagováno odesláním emailu</li>\r\n</ul>',	'',	'Stav zprávy může být\r\n\r\nNová - zpráva byla uložena do systému a nebyla ještě vámi přečtena. \r\nPřijatá - zpráva byla přečtena, ale nebylo na ni reagováno\r\nOdpovězeno - zpráva byla přečtena a bylo na ni reagováno odesláním emailu\r\n'),
(102,	'Formuláře - Zprávy - odesílatel',	'<p>Emailová adresa odesílatele formuláře. Tato adresa je uvedena jen v případě, že formuláře obsahuje položku pro zadání emailové adresy. Je uveden vždy, pokud je položka pro emailovou adresu povinná.</p>',	'',	'Emailová adresa odesílatele formuláře. Tato adresa je uvedena jen v případě, že formuláře obsahuje položku pro zadání emailové adresy. Je uveden vždy, pokud je položka pro emailovou adresu povinná.'),
(103,	'Formuláře - Zprávy - zpráva',	'<p>Rekapitulace vyplněných údajů, které návštěvník stránek zadal ve formuláři.</p>',	'',	'Rekapitulace vyplněných údajů, které návštěvník stránek zadal ve formuláři.'),
(104,	'Formuláře - Zprávy - zpráva',	'<p>Pokud je zpráva ve stavu Přijatá nebo Nová, lze na ni odpovědět. V případě, že jste již na zprávu odpověděli, nelze na ni odpovědět opakovaně.</p>',	'',	'Pokud je zpráva ve stavu Přijatá nebo Nová, lze na ni odpovědět. V případě, že jste již na zprávu odpověděli, nelze na ni odpovědět opakovaně.'),
(299,	'Dashboard - nastavení',	'<p>Vyberte boxy, které se budou zobrazovat na úvodní stránce redakčního systému.</p>',	'',	'Vyberte boxy, které se budou zobrazovat na úvodní stránce redakčního systému.'),
(300,	'Home - Panely - Šablona panelů',	'<p>Pokud zvolíte šablonu jako výchozí, nebude možné šablonu smazat a šablona se na stránkách bude zobrazovat standardně, pokud nemá stránka vybránu jinou šablonu.</p>',	'',	'Pokud zvolíte šablonu jako výchozí, nebude možné šablonu smazat a šablona se na stránkách bude zobrazovat standardně, pokud nemá stránka vybránu jinou šablonu.'),
(106,	'Stránky - Zařadit do menu',	'<p>Pokud je zvolena volba Ano, odkaz na tuto stránku se bude zobrazovat v hlavním menu. Samozřejmě jen za předpokladu, že má stránka povoleno zobrazování.</p>',	'',	'Pokud je zvolena volba Ano, odkaz na tuto stránku se bude zobrazovat v hlavním menu. Samozřejmě jen za předpokladu, že má stránka povoleno zobrazování.'),
(107,	'Novinky - počet novinek na úvodní stránku',	'<p>Počet novinek, které se zobrazí v hlavním obsahu na úvodní stránce. Pokud zadáte hodnotu 0, pak se na úvodní stránce nezobrazí žádná novinka. Na úvodní stránce se nezobrazuje stránkování, ale jen odkaz na stránku s výpisem všech novinek.</p>',	'',	'Počet novinek, které se zobrazí v hlavním obsahu na úvodní stránce. Pokud zadáte hodnotu 0, pak se na úvodní stránce nezobrazí žádná novinka. Na úvodní stránce se nezobrazuje stránkování, ale jen odkaz na stránku s výpisem všech novinek.'),
(109,	'Facebook - Url stránky na Facebooku',	'<p>Odkaz na vaši stránku na Facebooku, např. \"http://www.facebook.com/6546546505/mojestranka\".</p>',	'',	'Odkaz na vaši stránku na Facebooku, např. \"http://www.facebook.com/6546546505/mojestranka\".'),
(110,	'Facebook - Url stránky na Twitteru',	'<p>Pokud máte na Twitter.com založenou stránku, vložte zde odkaz na ni.</p>',	'',	'Pokud máte na Twitter.com založenou stránku, vložte zde odkaz na ni.'),
(111,	'Facebook - Id aplikace',	'<p>Id aplikace je číslo vygenerováno Facebookem při založení aplikace. Je důležité pro správnou funkci Facebook funkcí na webu a dalších aplikací Facebooku.</p>',	'',	'Id aplikace je číslo vygenerováno Facebookem při založení aplikace. Je důležité pro správnou funkci Facebook funkcí na webu a dalších aplikací Facebooku.'),
(112,	'Facebook - Id admin',	'<p>Id administrátora aplikace je číslo vygenerováno Facebookem při zakládání aplikace na Facebooku. Je potřebné pro správnou funkci Facebook aplikací na webu.</p>',	'',	'Id administrátora aplikace je číslo vygenerováno Facebookem při zakládání aplikace na Facebooku. Je potřebné pro správnou funkci Facebook aplikací na webu.'),
(113,	'Facebook - zobrazit',	'<p>Pokud zvolíte volbu Ano, všechny sociální pluginy budou mít povoleno zobrazování. V případě, že zvolíte možnost Ne, žádný z pluginů umístěných na stránkách se nebude zobrazovat.</p>',	'',	'Pokud zvolíte volbu Ano, všechny sociální pluginy budou mít povoleno zobrazování. V případě, že zvolíte možnost Ne, žádný z pluginů umístěných na stránkách se nebude zobrazovat.'),
(114,	'Facebook - Výška',	'<p>Zadejte výšku okna pluginu. Pokud si s tímto nevíte rady, ponechte nastavení na administrátorovi systému.</p>',	'',	'Zadejte výšku okna pluginu. Pokud si s tímto nevíte rady, ponechte nastavení na administrátorovi systému.'),
(115,	'Facebook - šířka',	'<p>Zadejte šířku okna pluginu. Pokud si s tímto nevíte rady, ponechte nastavení na administrátorovi systému.</p>',	'',	'Zadejte šířku okna pluginu. Pokud si s tímto nevíte rady, ponechte nastavení na administrátorovi systému.'),
(116,	'Facebook - počet komentářů',	'<p>Určuje maximální počet komentářů pro zobrazení v boxu určeném pro komentáře.</p>',	'',	'Určuje maximální počet komentářů pro zobrazení v boxu určeném pro komentáře.'),
(117,	'Facebook - počet řádků profilových fotek',	'<p>Určuje kolik řádků profilových fotek příznivců vašich stránek se zobrazí v okně pluginu.</p>',	'',	'Určuje kolik řádků profilových fotek příznivců vašich stránek se zobrazí v okně pluginu.'),
(118,	'Facebook - počet profilových fotek',	'<p>Určuje kolik profilových fotek příznivců vašich stránek se zobrazí v boxu pluginu.</p>',	'',	'Určuje kolik profilových fotek příznivců vašich stránek se zobrazí v boxu pluginu.'),
(119,	'Facebook - barevný motiv',	'<p>Určuje zbarvení boxu pluginu - bílá (light) nebo tmavě šedá (dark).</p>',	'',	'Určuje zbarvení boxu pluginu - bílá (light) nebo tmavě šedá (dark).'),
(120,	'Facebook - Font',	'<p>Vyberte font pro plugin, který nejvíce vyhovuje stylu písma vašich stránek.</p>',	'',	'Vyberte font pro plugin, který nejvíce vyhovuje stylu písma vašich stránek.'),
(121,	'Facebook - vzhled tlačítka',	'<p>Pokud vyberete možnost <strong>Bez počítadla</strong>, zobrazí se jen tlačítko. Pokud zvolíte <strong>Tlačítko s počítadlem</strong>, po pravé straně vedle tlačítka se zobrazí číselný údaj o počtu návštěvníků, kteří klikli na tlačítko \"To se mi líbí\". Pokud zvolíte možnost Box s počítadlem, nad tlačítkem se zobrazí číselný údaj o počtu lidí, kterým se vaše stránky líbí.</p>',	'',	'Pokud vyberete možnost Bez počítadla, zobrazí se jen tlačítko. Pokud zvolíte Tlačítko s počítadlem, po pravé straně vedle tlačítka se zobrazí číselný údaj o počtu návštěvníků, kteří klikli na tlačítko \"To se mi líbí\". Pokud zvolíte možnost Box s počítadlem, nad tlačítkem se zobrazí číselný údaj o počtu lidí, kterým se vaše stránky líbí.'),
(122,	'Facebook - zobrazit stream',	'<p>Povolením této možnost se bude v okně pluginu zobrazovat i část zdi vaší stránky na facebooku (poslední příspěvky).</p>',	'',	'Povolením této možnost se bude v okně pluginu zobrazovat i část zdi vaší stránky na facebooku (poslední příspěvky).'),
(123,	'Facebook - zobrazit plugin',	'<p>Pokud zvolíte Ano, plugin se na stránce bude zobrazovat, v opačném případě se vypně tento plugin na každé stránce.</p>',	'',	'Pokud zvolíte Ano, plugin se na stránce bude zobrazovat, v opačném případě se vypně tento plugin na každé stránce.'),
(124,	'Facebook - zobrazit fotky',	'<p>Pokud zvolíte Ano, budou se pod tlačítkem zobrazovat profilové fotky lidí, kteří také fandí vašim stránkám.</p>',	'',	'Pokud zvolíte Ano, budou se pod tlačítkem zobrazovat profilové fotky lidí, kteří také fandí vašim stránkám.'),
(125,	'Facebook - název pluginu',	'<p>Název pluginu se zobrazuje jako název bloku v případě, že umístíte plugin do jednoho z panelů na stránce. Pokud umístíte plugin na stránku, název se nezobrazí.</p>',	'',	'Název pluginu se zobrazuje jako název bloku v případě, že umístíte plugin do jednoho z panelů na stránce. Pokud umístíte plugin na stránku, název se nezobrazí.'),
(126,	'Statistiky - od',	'<p>Zadejte platné datum ve formátu dd.mm.rrrr, např. 12.05.2010. V případě, že datum neuvedete zobrazí se statistiky z od začátku měsíce uvedeného v datu u položky Časové období - Do.</p>',	'',	'Zadejte platné datum ve formátu dd.mm.rrrr, např. 12.05.2010. V případě, že datum neuvedete zobrazí se statistiky z od začátku měsíce uvedeného v datu u položky Časové období - Do.'),
(127,	'Statistiky - do',	'<p>Zadejte platné datum ve formátu dd.mm.rrrr, např. 12.05.2010. V případě,  že datum neuvedete zobrazí se statistiky od data uvedeného u položky Časové období - Od. Pokud tuto položku nevyplníte, použije se jako koncový údaj období dnešní den.</p>',	'',	'Zadejte platné datum ve formátu dd.mm.rrrr, např. 12.05.2010. V případě,  že datum neuvedete zobrazí se statistiky od data uvedeného u položky Časové období - Od. Pokud tuto položku nevyplníte, použije se jako koncový údaj období dnešní den.'),
(128,	'Statistiky - zobrazit',	'<p>Vyberte kritérium, které bude použito na ose X grafu, např. pokud vyberete dny, budou jednotlivé položky grafu znázorňovat návštěvnost po dnech, vyberete-li jazyky, statistika zobrazí návštěvnost po jazycích, jimiž mluví vaši návštěvníci apod.</p>',	'',	'Vyberte kritérium, které bude použito na ose X grafu, např. pokud vyberete dny, budou jednotlivé položky grafu znázorňovat návštěvnost po dnech, vyberete-li jazyky, statistika zobrazí návštěvnost po jazycích, jimiž mluví vaši návštěvníci apod.'),
(129,	'Statistika - Statistika návštěvnosti',	'<p>Statistika návštěvnosti využívá dat uložených v Google Analytics, pokud není na vašem webu nainstalován měřící kod a v nastavení statistik nejsou uvedeny požadované údaje, nelze zobrazit statistiku.</p>',	'',	'Statistika návštěvnosti využívá dat uložených v Google Analytics, pokud není na vašem webu nainstalován měřící kod a v nastavení statistik nejsou uvedeny požadované údaje, nelze zobrazit statistiku.'),
(130,	'Statistika - Statistika vyhledávanosti výrazů',	'<p>Statistika vyhledávanosti výrazů zobrazuje nejvíce vyhledávané výrazy na vašem webu. Podle této statistiky můžete snadno zjistit, co návštvěvníci požadují, co jim chybí, co je pro ně zajímavé, co se jim špatně hledá přes navigaci a menu a další příznaky.</p>',	'',	'Statistika vyhledávanosti výrazů zobrazuje nejvíce vyhledávané výrazy na vašem webu. Podle této statistiky můžete snadno zjistit, co návštvěvníci požadují, co jim chybí, co je pro ně zajímavé, co se jim špatně hledá přes navigaci a menu a další příznaky.'),
(131,	'Statistiky - GA email',	'<p>Email, kterým se přihlašujete ke službě Google Analytics</p>',	'',	'Email, kterým se přihlašujete ke službě Google Analytics'),
(132,	'Statistiky - GA heslo',	'<p>Heslo pro přihlášení k účetu Google Analytics</p>',	'',	'Heslo pro přihlášení k účetu Google Analytics'),
(133,	'Statistiky - Id profilu GA',	'<p>Identifikační číslo konkrétního profilu Google Analytics, které zjistíte v daném účtu Google Analytics.</p>',	'',	'Identifikační číslo konkrétního profilu Google Analytics, které zjistíte v daném účtu Google Analytics.'),
(134,	'Statistiky - měřící kod GA',	'<p><span class=\"search-term\">Číslo pro měření <span class=\"search-term\">Google</span> <span class=\"search-term\">Analytics</span> </span> umožňuje sledovat návštěvnost jednotlivých stránek a mnoho dalších webových statistik - odkud návštěvníci přicházejí, jakým jazykem mluví, jaké prohlížeče používají, zda navštívili důležitou stránku vašeho webu atd. Tento kod Vám byl vygenerován při založení vašeho účtu či profilu Google Analytics. Má tvar např. \"UA-26531947-9\".</p>',	'',	'Číslo pro měření Google Analytics  umožňuje sledovat návštěvnost jednotlivých stránek a mnoho dalších webových statistik - odkud návštěvníci přicházejí, jakým jazykem mluví, jaké prohlížeče používají, zda navštívili důležitou stránku vašeho webu atd. Tento kod Vám byl vygenerován při založení vašeho účtu či profilu Google Analytics. Má tvar např. \"UA-26531947-9\".'),
(135,	'Stránky - šablona panelů',	'<p>Vyberte šablonu panelů. Standardně je nastavena výchozí šablona, ale můžete vytvářet vlastní v modulu Vzhled webu. Šablona panelů určuje uspořádání vámi vytvořených bloků v panelech při zobrazení této stránky. Neboli, dojde-li ke zobrazení této stránky na webu, bude obsah panelů určen vybranou šablonou.</p>',	'',	'Vyberte šablonu panelů. Standardně je nastavena výchozí šablona, ale můžete vytvářet vlastní v modulu Vzhled webu. Šablona panelů určuje uspořádání vámi vytvořených bloků v panelech při zobrazení této stránky. Neboli, dojde-li ke zobrazení této stránky na webu, bude obsah panelů určen vybranou šablonou.'),
(136,	'Novinky - zobrazovat blok',	'<p>Pokud zvolíte možnost Ano, novinky se na webu budou zobrazovat. V opačném případě nikoliv.</p>',	'',	'Pokud zvolíte možnost Ano, novinky se na webu budou zobrazovat. V opačném případě nikoliv.'),
(137,	'Stránky - typ stránky',	'<p>Pokud bude obsahem stránky cokoliv kromě novinek a článků, zvolte typ Standardní stránka. Pokud budou obsahem novinky zvolte typ Stránka s novinkami. V případě že obsahem stránky budou články, zvolte typ Stránka s články. Pokud bude zvolena Prázdná stránka, pak se tato stránka bude objevovat v menu na webu, po kliknutí však bude přesměrována na první podstránku prázdné stránky.</p>',	'',	'Pokud bude obsahem stránky cokoliv kromě novinek a článků, zvolte typ Standardní stránka. Pokud budou obsahem novinky zvolte typ Stránka s novinkami. V případě že obsahem stránky budou články, zvolte typ Stránka s články. Pokud bude zvolena Prázdná stránka, pak se tato stránka bude objevovat v menu na webu, po kliknutí však bude přesměrována na první podstránku prázdné stránky.'),
(139,	'Články - nastavení - počet článků na stránku',	'<p>Počet článků, které se zobrazí na jedné stránce. Pokud bude článků více než nastavený počet, zobrazí se pod články stránkování.</p>',	'',	'Počet článků, které se zobrazí na jedné stránce. Pokud bude článků více než nastavený počet, zobrazí se pod články stránkování.'),
(140,	'Články - nastavení - Zobrazovat související články',	'<p>Související články jsou články, které jsou tématický příbuzné (související) k danému článku. Zobrazují se většinou pod obsahem článku.</p>',	'',	'Související články jsou články, které jsou tématický příbuzné (související) k danému článku. Zobrazují se většinou pod obsahem článku.'),
(141,	'Články - nastavení - Zobrazovat hodnocení článků',	'<p>Povolením hodnocení článku se zobrazí pod každým článkem hodnotící stupnice, pomocí které může uživatel článek ohodnotit. Může tak později zjistit, který článek byl nejvíce hodnocený nebo který článek měl největší hodnocení. Přehled o hodnocení jednotlivých článků máte v Seznamu článků.</p>',	'',	'Povolením hodnocení článku se zobrazí pod každým článkem hodnotící stupnice, pomocí které může uživatel článek ohodnotit. Může tak později zjistit, který článek byl nejvíce hodnocený nebo který článek měl největší hodnocení. Přehled o hodnocení jednotlivých článků máte v Seznamu článků.'),
(142,	'Články - nastavení - stupnice hodnocení',	'<p>Pokud povolíte rozšířenou stupnici hodnocení článku budou se články hodnotit 1 - 10 body. Pokud není rozšířená stupnice povolena, zobrazí se standardní stupnice 1 - 5.</p>',	'',	'Pokud povolíte rozšířenou stupnici hodnocení článku budou se články hodnotit 1 - 10 body. Pokud není rozšířená stupnice povolena, zobrazí se standardní stupnice 1 - 5.'),
(143,	'Články - nastavení - Název bloku s články',	'<p>Název bloku s články, který umístíte do pravého, horního, dolního nebo levého panelu.</p>',	'',	'Název bloku s články, který umístíte do pravého, horního, dolního nebo levého panelu.'),
(144,	'Články - nastavení - Počet náhodných článků v boxu',	'<p>Počet článků, které se budou zobrazovat v boxu s výpisem náhodných článků. Články budou řazeny náhodně.</p>',	'',	'Počet článků, které se budou zobrazovat v boxu s výpisem náhodných článků. Články budou řazeny náhodně.'),
(145,	'Články - nastavení - Zobrazit box',	'<p>Pokud je zobrazování zapnuto, box se bude zobrazovat v některém z panelů na webu. V opačném případě se zobrazovat nebude.</p>',	'',	'Pokud je zobrazování zapnuto, box se bude zobrazovat v některém z panelů na webu. V opačném případě se zobrazovat nebude.'),
(269,	'Diskuze - detail příspěvku - IP adresa',	'<p>Pokud je IP adresa povolena a je zapnuta filtrace příspěvků použitím blacklistu, pak každý příspěvek z této ip adresy bude považován za důvěryhodný. V opačeném případě bude příspěvek zablokován. Pokud chcete IP adresu příspěvku blokovat klikněte na odkaz Zakázat příspěvky z této IP adresy. Podobně, pokud chcete danou ip adresu označit za důvěryhodnou.</p>',	'',	'Pokud je IP adresa povolena a je zapnuta filtrace příspěvků použitím blacklistu, pak každý příspěvek z této ip adresy bude považován za důvěryhodný. V opačeném případě bude příspěvek zablokován. Pokud chcete IP adresu příspěvku blokovat klikněte na odkaz Zakázat příspěvky z této IP adresy. Podobně, pokud chcete danou ip adresu označit za důvěryhodnou.'),
(146,	'Články - nastavení - Název bloku s archívem článků',	'<p>Název bloku s archívem článků umístěném v panelu.</p>',	'',	'Název bloku s archívem článků umístěném v panelu.'),
(147,	'články - nastavení - Zobrazovat archív článků',	'<p>Volbou Ano povolíte zobrazování bloku s archívem článků a zobrazení stránky s archívem článků.</p>',	'',	'Volbou Ano povolíte zobrazování bloku s archívem článků a zobrazení stránky s archívem článků.'),
(148,	'články - nastavení - Počet posledních měsíců',	'<p>Počet posledních měsíců, které se mají v bloku Archív článků zobrazit.</p>',	'',	'Počet posledních měsíců, které se mají v bloku Archív článků zobrazit.'),
(149,	'Články - nastavení - související články',	'<p>Odkazy na související články se zobrazují na webu pod daným článkem v sekci Související články.</p>',	'',	'Odkazy na související články se zobrazují na webu pod daným článkem v sekci Související články.'),
(152,	'Facebook - facebook sdílení',	'<p>Zobrazí ikonku pro facebook, pomocí níž je možné sdílet mezi uživately facebooku odkaz na konkrétní stránku vašeho webu.</p>',	'',	'Zobrazí ikonku pro facebook, pomocí níž je možné sdílet mezi uživately facebooku odkaz na konkrétní stránku vašeho webu.'),
(153,	'Facebook - twitter sdílení',	'<p>Zobrazí ikonku pro twitter, pomocí níž je možné sdílet mezi uživately twitteru odkaz na konkrétní stránku vašeho webu.</p>',	'',	'Zobrazí ikonku pro twitter, pomocí níž je možné sdílet mezi uživately twitteru odkaz na konkrétní stránku vašeho webu.'),
(154,	'Facebook - linkuj cz sdílení',	'<p>Zobrazí ikonku portálu Linkuj.cz. Kliknutím na tuto ikonku bude pak možné sdílet odkaz na stránku prostřednictvím záložkovacího systému linkuj.cz</p>',	'',	'Zobrazí ikonku portálu Linkuj.cz. Kliknutím na tuto ikonku bude pak možné sdílet odkaz na stránku prostřednictvím záložkovacího systému linkuj.cz'),
(155,	'Facebook - delicious sdílení',	'<p>Pomocí ikonky delicious je možné přidat odkaz do světově uznávaného záložkovacího systému Delicious.com.</p>',	'',	'Pomocí ikonky delicious je možné přidat odkaz do světově uznávaného záložkovacího systému Delicious.com.'),
(156,	'Facebook - google bookmarks sdílení',	'<p>Prostřednictvím této ikony mohou uživatelé vašeho webu přidávat danou stránku do svých oblíbených záložek.</p>',	'',	'Prostřednictvím této ikony mohou uživatelé vašeho webu přidávat danou stránku do svých oblíbených záložek.'),
(157,	'Facebook - google reader sdílení',	'<p>Kliknutím na ikonku google reader je možné přidávat stránku do google čtečky, která uživateli zprostředkovává aktuální obsah vaši stránky.</p>',	'',	'Kliknutím na ikonku google reader je možné přidávat stránku do google čtečky, která uživateli zprostředkovává aktuální obsah vaši stránky.'),
(158,	'Facebook - rss sdílení',	'<p>ikona pro RSS kanál umožňuje zařadit všechny stránky vašeho webu do rss čtečky uživatele. Uživatel tak může ze svého počítače sledovat novinky na vašem webu atd.</p>',	'',	'ikona pro RSS kanál umožňuje zařadit všechny stránky vašeho webu do rss čtečky uživatele. Uživatel tak může ze svého počítače sledovat novinky na vašem webu atd.'),
(159,	'Facebook - zobrazovat ikonu pro tisk',	'<p>Kliknutím na ikonku Tisku je možné vyvolat dialog pro tisk a stránku jednoduše vytisknout.</p>',	'',	'Kliknutím na ikonku Tisku je možné vyvolat dialog pro tisk a stránku jednoduše vytisknout.'),
(160,	'Facebook - Zobrazovat ikonu pro email',	'<p>Kliknutím na ikonku pro Email bude vyvolán výchozí poštovní klient (outlook, thunderbird) s přednastavenou zprávou, kterou lze definovat u následujících položek - Předmět a Přednastavený text. Na konec emailu bude připojen odkaz na danou stránku. Uživatel tak může jednoduše poslat odkaz svému známému prostřednictvím emailu.</p>',	'',	'Kliknutím na ikonku pro Email bude vyvolán výchozí poštovní klient (outlook, thunderbird) s přednastavenou zprávou, kterou lze definovat u následujících položek - Předmět a Přednastavený text. Na konec emailu bude připojen odkaz na danou stránku. Uživatel tak může jednoduše poslat odkaz svému známému prostřednictvím emailu.'),
(161,	'Facebook - předmět',	'<p>Přednastavený předmět emailu po kliknutí na ikonku Email.</p>',	'',	'Přednastavený předmět emailu po kliknutí na ikonku Email.'),
(162,	'Facebook - Přednastavený text pro emailové sdílení',	'<p>Zde můžete napsat přednastavený text, který se zobrazí v poštovním klientu jako součást obsahu emailu po kliknutí na ikonku Email. Na konec emailu se automaticky připojuje odkaz na danou stránku.</p>',	'',	'Zde můžete napsat přednastavený text, který se zobrazí v poštovním klientu jako součást obsahu emailu po kliknutí na ikonku Email. Na konec emailu se automaticky připojuje odkaz na danou stránku.'),
(163,	'Domény - název webu',	'<p>Název webu se používá jako název odesílatele emailů, identifikace webu ve facebookové komunikaci apod.</p>',	'',	'Název webu se používá jako název odesílatele emailů, identifikace webu ve facebookové komunikaci apod.'),
(164,	'Domény - popis webu',	'<p>Stručný popis webu, který se používá jako doplněk meta informace title a v některých další případech.</p>',	'',	'Stručný popis webu, který se používá jako doplněk meta informace title a v některých další případech.'),
(165,	'Domény - doména',	'<p>Název domény, např. www.mujweb.cz nebo jen mujweb.cz.</p>',	'',	'Název domény, např. www.mujweb.cz nebo jen mujweb.cz.'),
(166,	'Domény - email',	'<p>Hlavní email webu, např. info@mujweb.cz. Tento email vystupuje jako odesílatel emailů v emailové komunikaci (odesílání formulářů atd.)</p>',	'',	'Hlavní email webu, např. info@mujweb.cz. Tento email vystupuje jako odesílatel emailů v emailové komunikaci (odesílání formulářů atd.)'),
(167,	'Domény - indexace stránek',	'<p>Povolení/zakázání indexace a procházení stránek vyhledávacím robotem vyhledávačů (Seznam.cz, Google.cz, ...). Nastavení ovlivňuje konfiguraci souboru robots.txt a meta informací webu.</p>',	'',	'Povolení/zakázání indexace a procházení stránek vyhledávacím robotem vyhledávačů (Seznam.cz, Google.cz, ...). Nastavení ovlivňuje konfiguraci souboru robots.txt a meta informací webu.'),
(168,	'Domény - zobrazovat',	'<p>Pokud je nastaveno na zobrazovat Ano, pak se doména na internetu zobrazuje. V opačném případě se web nezobrazuje a server vrací stavový kod 503.</p>',	'',	'Pokud je nastaveno na zobrazovat Ano, pak se doména na internetu zobrazuje. V opačném případě se web nezobrazuje a server vrací stavový kod 503.'),
(169,	'Domény - adresář webu',	'<p>Pokud je soubor index.php včetně zdrojových kodů umístěn v jiném adresáři než v rootu webu, pak zde uveďte tento adresář.</p>',	'',	'Pokud je soubor index.php včetně zdrojových kodů umístěn v jiném adresáři než v rootu webu, pak zde uveďte tento adresář.'),
(170,	'Domény - přesměrovat na www',	'<p>Pokud uživatel zadá do svého webového prohlížeče doménu ve tvaru např. http://mujweb.cz/moje-stranka pak tento tvar bude přesměrován na adresu http://www.mujweb.cz/moje-stranka. Pokud uživatel zadá http://www.mujweb.cz, přesměrování neproběhne.</p>',	'',	'Pokud uživatel zadá do svého webového prohlížeče doménu ve tvaru např. http://mujweb.cz/moje-stranka pak tento tvar bude přesměrován na adresu http://www.mujweb.cz/moje-stranka. Pokud uživatel zadá http://www.mujweb.cz, přesměrování neproběhne.'),
(171,	'Domény - struktura url adres',	'<p>Struktura url adres určuje vzhled url adresy webu.</p>\r\n<p>Pokud zvolíte vzhled url adresy id-název, může url adresa vypadat např. http://www.mujweb.cz/201_moje-stranka.</p>\r\n<p>V případě url adresy typu název-id např. takto: http://www.mujweb.cz/moje-stranka_201 a v případě, že bude struktura url typu název, pak může url vypadat následovně: http://www.mujweb.cz/moje-stranka.</p>\r\n<p>Url adresy s idéčkem stránky má tu výhodu, že pokud v budoucnu změnít url adresu stránky, bude stará url adresa přesměrována na novou url adresu. Můžete tedy libovolně měnit url adresy. V případě, že je url adresa složena jen z názvu stránky bez id a změnít později url adresu, stará url adresa bude zobrazovat chybový kod 404 - stránka nenalezena.</p>',	'',	'Struktura url adres určuje vzhled url adresy webu.\r\nPokud zvolíte vzhled url adresy id-název, může url adresa vypadat např. http://www.mujweb.cz/201_moje-stranka.\r\nV případě url adresy typu název-id např. takto: http://www.mujweb.cz/moje-stranka_201 a v případě, že bude struktura url typu název, pak může url vypadat následovně: http://www.mujweb.cz/moje-stranka.\r\nUrl adresy s idéčkem stránky má tu výhodu, že pokud v budoucnu změnít url adresu stránky, bude stará url adresa přesměrována na novou url adresu. Můžete tedy libovolně měnit url adresy. V případě, že je url adresa složena jen z názvu stránky bez id a změnít později url adresu, stará url adresa bude zobrazovat chybový kod 404 - stránka nenalezena.'),
(172,	'Domény - koncovka url adres',	'<p>Koncovka url adres může být např. html. V tomto případě může url adresa vypadat takto: http://www.mujweb.cz/moje-stranka.html nebo v případě koncovky php takto: http://www.mujweb.cz/23_moje-stranka.php.</p>',	'',	'Koncovka url adres může být např. html. V tomto případě může url adresa vypadat takto: http://www.mujweb.cz/moje-stranka.html nebo v případě koncovky php takto: http://www.mujweb.cz/23_moje-stranka.php.'),
(174,	'Domény - moduly',	'<p>Vyberte moduly redakčního systémy, které budou dostupné pro danou doménu.</p>',	'',	'Vyberte moduly redakčního systémy, které budou dostupné pro danou doménu.'),
(175,	'Domény - podmoduly',	'<p>Vyberte podmoduly modulů, které budou dostupné pro danou doménu. Tyto moduly jsou součástí některého z modulů a proto nemají svou ikonu.</p>',	'',	'Vyberte podmoduly modulů, které budou dostupné pro danou doménu. Tyto moduly jsou součástí některého z modulů a proto nemají svou ikonu.'),
(176,	'Základní nastavení - nastavení panelů',	'<p>Vytvořte oblasti na webu, do kterých bude možno vkládat boxy s libovolným obsahem či systémové boxy (novinky, galerie, nejnovější články, vyhledávací formulář atd.)</p>',	'',	'Vytvořte oblasti na webu, do kterých bude možno vkládat boxy s libovolným obsahem či systémové boxy (novinky, galerie, nejnovější články, vyhledávací formulář atd.)'),
(177,	'Domény - uživatelé',	'<p>Uživatelé, kteří mají právo spravovat tuto doménu. Kliknutím na odkaz \"odebrat\" zrušíte uživateli oprávnění spravovat tuto doménu.</p>',	'',	'Uživatelé, kteří mají právo spravovat tuto doménu. Kliknutím na odkaz \"odebrat\" zrušíte uživateli oprávnění spravovat tuto doménu.'),
(179,	'Domény - přístup ke google analytics',	'<p>Přístupové údaje ke službě google analytics. Tyto údaje jsou povinné pro modul Statistiky, který stahuje data z příslušného účtu GA.</p>',	'',	'Přístupové údaje ke službě google analytics. Tyto údaje jsou povinné pro modul Statistiky, který stahuje data z příslušného účtu GA.'),
(180,	'Uživatelé - Login',	'<p>Zadejte přihlašovací jméno, kterým se bude uživatel přihlašovat do redakčního systému.</p>',	'',	'Zadejte přihlašovací jméno, kterým se bude uživatel přihlašovat do redakčního systému.'),
(181,	'Uživatelé - Heslo',	'<p>Zadejte heslo, kterým se bude uživatel přihlašovat do redakčního systému. Heslo může obsahovat jakékoliv znaky. Maximální délka je 30 znaků.</p>',	'',	'Zadejte heslo, kterým se bude uživatel přihlašovat do redakčního systému. Heslo může obsahovat jakékoliv znaky. Maximální délka je 30 znaků.'),
(182,	'Uživatelé - Nové heslo',	'<p>Nové heslo uživatele, kterým se bude přihlašovat do redakčního systému. Pokud nebude vyplněno, nebude heslo změněno.</p>',	'',	'Nové heslo uživatele, kterým se bude přihlašovat do redakčního systému. Pokud nebude vyplněno, nebude heslo změněno.'),
(183,	'Uživatelé - stav',	'<p>Pokud je uživatel ve stavu Aktivní může se přihlašovat do systému. Pokud je uživatel ve stavu Blokovaný, nemá do redakčního systému přístup.</p>',	'',	'Pokud je uživatel ve stavu Aktivní může se přihlašovat do systému. Pokud je uživatel ve stavu Blokovaný, nemá do redakčního systému přístup.'),
(184,	'Uživatelé - práva',	'<p>Práva uživatele umožňují výběr z několika profilů práv - udávají rozsah oprávnění pro činnosti v redakčním systému.</p>',	'',	'Práva uživatele umožňují výběr z několika profilů práv - udávají rozsah oprávnění pro činnosti v redakčním systému.'),
(185,	'Uživatelé - Moduly',	'<p>Umožňuje nastavit uživateli přístup k jednotlivým modulům redakčního systému, které má možnost spravovat až do výše svých uživatelských práv.</p>',	'',	'Umožňuje nastavit uživateli přístup k jednotlivým modulům redakčního systému, které má možnost spravovat až do výše svých uživatelských práv.'),
(186,	'Uživatelé - domény',	'<p>Oprávnění uživatele spravovat vybrané domény.</p>',	'',	'Oprávnění uživatele spravovat vybrané domény.'),
(187,	'Uživatelé - Napsat email',	'<p>Na tomto místě můžete napsat uživateli email.</p>',	'',	'Na tomto místě můžete napsat uživateli email.'),
(207,	'Emaily - kampaně - odeslat email příjemci po x dnech',	'<p>Email bude zaslán příjemci nejdříve po zadaném počtu dnů od registrace nebo uložení kontaktu do databáze kontaktů. Pokud bude zadána hodnota 0, bude email odeslán v nejbližší době po spuštění kampaně.</p>',	'',	'Email bude zaslán příjemci nejdříve po zadaném počtu dnů od registrace nebo uložení kontaktu do databáze kontaktů. Pokud bude zadána hodnota 0, bude email odeslán v nejbližší době po spuštění kampaně.'),
(208,	'Emaily - kampaně - název',	'<p>Název kampaně je povinný údaj. Slouží pro identifikaci kampaně mezi ostatními kampaněmi.</p>',	'',	'Název kampaně je povinný údaj. Slouží pro identifikaci kampaně mezi ostatními kampaněmi.'),
(209,	'Emaily - kampaně - kod GA',	'<p>Označení kampaně pro snadnou identifikaci kampaně v prostředí Google Analytics. Pod tímto názvem bude kampaň figurovat ve statistikách Google Analytics.</p>',	'',	'Označení kampaně pro snadnou identifikaci kampaně v prostředí Google Analytics. Pod tímto názvem bude kampaň figurovat ve statistikách Google Analytics.'),
(210,	'Emaily - kampaně - odesílatel název',	'<p>Název odesílatele je nepovinná položka. Na začátku je předvyplněno názvem webu, např. \"Můj web\".</p>',	'',	'Název odesílatele je nepovinná položka. Na začátku je předvyplněno názvem webu, např. \"Můj web\".'),
(211,	'Emaily - kampaně - odesílatel email',	'<p>Email odesílatele emailu je povinná položka. Tato položka je předvyplněna hlavním emailem webu, např. \"info@mujweb.cz\" apod.</p>',	'',	'Email odesílatele emailu je povinná položka. Tato položka je předvyplněna hlavním emailem webu, např. \"info@mujweb.cz\" apod.'),
(212,	'Emaily - kampaně - skupiny příjemců',	'<p>Skupiny příjemců jsou povinnou součásti nastavení kampaně. Vyberte alespoň jednu skupinu, která obsahuje alespoň jednoho příjemce.</p>',	'',	'Skupiny příjemců jsou povinnou součásti nastavení kampaně. Vyberte alespoň jednu skupinu, která obsahuje alespoň jednoho příjemce.'),
(213,	'Emaily - kampaně - předmět',	'<p>Předmět emailu je povinná položka.</p>',	'',	'Předmět emailu je povinná položka.'),
(214,	'Emaily - kampaně - textový obsah',	'<p>Někteří Vaši příjemci čtou emaily v textové podobě nebo jejich poštovní klient nepodporuje HTML formát emailu. Z těchto důvodů je vhodné vyplnit i textovou část zprávy.</p>',	'',	'Někteří Vaši příjemci čtou emaily v textové podobě nebo jejich poštovní klient nepodporuje HTML formát emailu. Z těchto důvodů je vhodné vyplnit i textovou část zprávy.'),
(215,	'Emaily - kampaně - html obsah',	'<p>Html obsah emailu může obsahovat vložené odkazy, obrázky, formátování písma (tučné, kurzíva, podtržení), centrování, odrážky a další html elementy.</p>',	'',	'Html obsah emailu může obsahovat vložené odkazy, obrázky, formátování písma (tučné, kurzíva, podtržení), centrování, odrážky a další html elementy.'),
(216,	'Emaily - kampaně - přidat přílohu',	'<p>Kliknutím do políčka vyberete soubor z vašeho počítače. Lze vybrat i více souborů najednou pomocí kláves shift + šipky nebo ctrl + mezerník, popř. shift/ctrl + levé tlačítko myši (pokud to podporuje Váš prohlížeč).</p>',	'',	'Kliknutím do políčka vyberete soubor z vašeho počítače. Lze vybrat i více souborů najednou pomocí kláves shift + šipky nebo ctrl + mezerník, popř. shift/ctrl + levé tlačítko myši (pokud to podporuje Váš prohlížeč).'),
(217,	'Emaily - kampaně - přiložené přílohy',	'<p>Přílohy již přiložené k emailu. Tyto přiložené soubory budou odesílány jako součást emailu.</p>',	'',	'Přílohy již přiložené k emailu. Tyto přiložené soubory budou odesílány jako součást emailu.'),
(218,	'Emaily - kampaně - datum spuštění',	'<p>Datum spuštění neboli Odložený start - Pokud určíte datum spuštění a spustíte kampaň, kampaň se začne odesílat až tento den. Nesmí být uvedeno datum v minulosti. V tomto případě by byla kampaň odesílána stejným způsobem jako kdybyste datum neurčili vůbec.</p>',	'',	'Datum spuštění neboli Odložený start - Pokud určíte datum spuštění a spustíte kampaň, kampaň se začne odesílat až tento den. Nesmí být uvedeno datum v minulosti. V tomto případě by byla kampaň odesílána stejným způsobem jako kdybyste datum neurčili vůbec.'),
(219,	'Emaily - kampaně - automaticky kampaň ukončit po odeslání všech emailů',	'<p>Pokud zvolíte možnost Ano, bude kampaň automaticky ukončena po odeslání všech emailů. Tato funkce se dá využít například takto: Zvolíte možnost Ne, kampaň bude neustále aktivní a i když odešle všechny emaily, tak stále čeká na to, že se do skupiny příjemců dostanou další emaily. Pokud tedy zařadíte do skupiny příjemců kampaně nový email, bude odeslán i přesto, že již dříve byly odeslány všechny emaily skupiny. V tomto případě se jedná o nekonečnou kampaň. Kampaň skončí na Váš pokyn nebo pokud přepnete tuto volbu zpět na možnost Ano.</p>',	'',	'Pokud zvolíte možnost Ano, bude kampaň automaticky ukončena po odeslání všech emailů. Tato funkce se dá využít například takto: Zvolíte možnost Ne, kampaň bude neustále aktivní a i když odešle všechny emaily, tak stále čeká na to, že se do skupiny příjemců dostanou další emaily. Pokud tedy zařadíte do skupiny příjemců kampaně nový email, bude odeslán i přesto, že již dříve byly odeslány všechny emaily skupiny. V tomto případě se jedná o nekonečnou kampaň. Kampaň skončí na Váš pokyn nebo pokud přepnete tuto volbu zpět na možnost Ano.'),
(220,	'Emaily - kampaně - stav',	'<p>Kampaň může být ve stavu Čekající, pokud probíhá nastavování kampaně. Ikony pro spuštění, pozastavení a ukončení kampaně jsou připraveny. V případě, že je kampaň připravena na spuštění, klikněte na ikonu pro spuštění. Pokud již kampaň běží a chcete okamžitě pozastavit kampaň na nějakou dobu, klikněte na ikonu pro pozastavení kampaně. V případě, že chcete kampaň okamžitě zastavit bez možnosti opětovného spuštění, klikněte na ikonu Ukončit. Poté bude možné nastavení kampaně jen prohlížet, bez možnosti změnit její stav.</p>',	'',	'Kampaň může být ve stavu Čekající, pokud probíhá nastavování kampaně. Ikony pro spuštění, pozastavení a ukončení kampaně jsou připraveny. V případě, že je kampaň připravena na spuštění, klikněte na ikonu pro spuštění. Pokud již kampaň běží a chcete okamžitě pozastavit kampaň na nějakou dobu, klikněte na ikonu pro pozastavení kampaně. V případě, že chcete kampaň okamžitě zastavit bez možnosti opětovného spuštění, klikněte na ikonu Ukončit. Poté bude možné nastavení kampaně jen prohlížet, bez možnosti změnit její stav.'),
(221,	'Emaily - kampaně - důvody nespuštění',	'<p>Pokud nevíte proč se kampaň nechce spustit, důvody naleznete na tomto místě.</p>',	'',	'Pokud nevíte proč se kampaň nechce spustit, důvody naleznete na tomto místě.'),
(222,	'Emaily - kampaně - testovací email',	'<p>Pokud máte kampaň připravenou, odešlete si zkušební email. Tak zjistíte zda email odpovídá vašim představám. Email se odešle na Vámi vyplněnou emailovou adresu se všemi příloženými přílohami.</p>',	'',	'Pokud máte kampaň připravenou, odešlete si zkušební email. Tak zjistíte zda email odpovídá vašim představám. Email se odešle na Vámi vyplněnou emailovou adresu se všemi příloženými přílohami.'),
(223,	'Emaily - kontakty - import - soubor',	'<p>Vyberte soubor s daty z Vašeho disku. Soubor musí mít požadovanou  strukturu. Soubor může být ve formátu csv, xml nebo xls pro excel.</p>',	'',	'Vyberte soubor s daty z Vašeho disku. Soubor musí mít požadovanou  strukturu. Soubor může být ve formátu csv, xml nebo xls pro excel.'),
(224,	'Emaily - kontakty - import - formát',	'<p>Vyberte skupinu kontaktů, do které chcete kontakty ze souboru importovat. Databáze kontaktů nebude nahrazena těmito kontakty, nýbrž nové kontaky budou přidány pokud již neexistují.</p>',	'',	'Vyberte skupinu kontaktů, do které chcete kontakty ze souboru importovat. Databáze kontaktů nebude nahrazena těmito kontakty, nýbrž nové kontaky budou přidány pokud již neexistují.'),
(225,	'Emaily - kontakty - export - soubor',	'<p>Název souboru s vyexportovanými kontakty. Přednastavený název souboru je Kontakty. Název můžete zadat i bez přípony. Přípona bude automaticky doplněna.</p>',	'',	'Název souboru s vyexportovanými kontakty. Přednastavený název souboru je Kontakty. Název můžete zadat i bez přípony. Přípona bude automaticky doplněna.'),
(226,	'Emaily - kontakty - export - skupiny',	'<p>Vyberte skupinu kontaktů, kterou chcete vyexportovat. Skupina musí obsahovat alespoň jeden kontakt.</p>',	'',	'Vyberte skupinu kontaktů, kterou chcete vyexportovat. Skupina musí obsahovat alespoň jeden kontakt.'),
(227,	'Emaily - kontakty - export - Jen přihlášení k odběru',	'<p>Pokud zaškrtnete tuto volbu, budou vyexportovány jen kontakty, které se neodhlásily z odběru newsletteru</p>',	'',	'Pokud zaškrtnete tuto volbu, budou vyexportovány jen kontakty, které se neodhlásily z odběru newsletteru'),
(228,	'Emaily - skupiny - Url pro automatický import kontaktů',	'<p>Zde zadejte url adresu externího zdroje s kontakty. Podporované formáty jsou csv, xls a xml. Kontakty se budou načítat v pravidelných intervalech. Podrobnosti Vám sdělí tvůrce redakčního systému. Vaše kontakty tak budou vždy synchronizovány s Vaším externím zdrojem. Data musí mít strukturu uvedenou v části Import kontaktů.</p>',	'',	'Zde zadejte url adresu externího zdroje s kontakty. Podporované formáty jsou csv, xls a xml. Kontakty se budou načítat v pravidelných intervalech. Podrobnosti Vám sdělí tvůrce redakčního systému. Vaše kontakty tak budou vždy synchronizovány s Vaším externím zdrojem. Data musí mít strukturu uvedenou v části Import kontaktů.'),
(229,	'Emaily - skupiny - importovat ihned',	'<p>Pokud zvolíte volbu Ano, proběhne import ze zadané url adresy okamžitě po uložení. V opačném případě se bude aktualizace seznamu kontaktů spouštět v předem stanovené dny.</p>',	'',	'Pokud zvolíte volbu Ano, proběhne import ze zadané url adresy okamžitě po uložení. V opačném případě se bude aktualizace seznamu kontaktů spouštět v předem stanovené dny.'),
(230,	'Emaily - skupiny - typ',	'<p>Pokud zvolíte typ skupiny Veřejná, zobrazí se daná skupina návštěvníkovi webu a návštěvník se k této skupině může přihlásit. Uživatel se může například zaregistrovat k odběru newsletterů a vybere si skupiny \"Novinky ze světa sportu\" a \"Novinky ze světa počítačů\" apod.</p>',	'',	'Pokud zvolíte typ skupiny Veřejná, zobrazí se daná skupina návštěvníkovi webu a návštěvník se k této skupině může přihlásit. Uživatel se může například zaregistrovat k odběru newsletterů a vybere si skupiny \"Novinky ze světa sportu\" a \"Novinky ze světa počítačů\" apod.'),
(231,	'Emaily - uživatelé - skupiny',	'<p>Zaškrtnutím skupiny zařadíte uživatele do dané skupiny pro rozesílání emailů.</p>',	'',	'Zaškrtnutím skupiny zařadíte uživatele do dané skupiny pro rozesílání emailů.'),
(232,	'Emaily - uživatelé - Odhlášen z odběru',	'<p>Pokud je příjemce Nepotvrzen, pak to znamená, že nepotvrdil přihlášení svého emailu k odběru newsletterů (neklikl na odkaz pro potvrzení). Pokud je příjemce ve stavu Aktivní, pak mu jsou zasílány emaily z kampaní. Pokud je ve stavu odhlášen, uživatel se odhlásil z odběru emailů a další emaily mu nejsou zasílány.</p>',	'',	'Pokud je příjemce Nepotvrzen, pak to znamená, že nepotvrdil přihlášení svého emailu k odběru newsletterů (neklikl na odkaz pro potvrzení). Pokud je příjemce ve stavu Aktivní, pak mu jsou zasílány emaily z kampaní. Pokud je ve stavu odhlášen, uživatel se odhlásil z odběru emailů a další emaily mu nejsou zasílány.'),
(233,	'Emaily - statistiky - první odeslaný email',	'<p>Datum a čas startu rozesílání emailů neboli datum odeslání prvního emailu kampaně.</p>',	'',	'Datum a čas startu rozesílání emailů neboli datum odeslání prvního emailu kampaně.'),
(234,	'Emaily - statistiky - poslední odeslaný email',	'<p>Datum a čas konce rozesílání emailů neboli datum odeslání posledního emailu kampaně. V závislosti na nastavení kampaně a počtu emailů určených o rozeslání, mohou být ještě další emaily odeslány (emaily jsou odesílány po dávkách v nočních hodinách). Toto datum a čas je tedy orientační.</p>',	'',	'Datum a čas konce rozesílání emailů neboli datum odeslání posledního emailu kampaně. V závislosti na nastavení kampaně a počtu emailů určených o rozeslání, mohou být ještě další emaily odeslány (emaily jsou odesílány po dávkách v nočních hodinách). Toto datum a čas je tedy orientační.'),
(235,	'Emaily - statistiky - Celkem odesláno',	'<p>Celkový počet odeslaných emailů do dnešního dne. Toto číslo zahrnuje úspěšně i neúspěšně odeslané emaily.</p>',	'',	'Celkový počet odeslaných emailů do dnešního dne. Toto číslo zahrnuje úspěšně i neúspěšně odeslané emaily.'),
(236,	'Emaily - statistiky - Celkem odesláno úspěšně',	'<p>Celkový počet úspěšně odeslaných emailů. Za úspěšně odeslaný se považuje mail, který byl odeslán systémem poštovnímu serveru (smtp).</p>',	'',	'Celkový počet úspěšně odeslaných emailů. Za úspěšně odeslaný se považuje mail, který byl odeslán systémem poštovnímu serveru (smtp).'),
(237,	'Emaily - statistiky - Celkem přečteno',	'<p>Pokud email dorazí příjemci, příjemce si email zobrazí v html podobě a zároveň povolí zobrazení vzdálených obrázků, pak je započítáno přečtení emailu. Tato statistika je započítána i v případě, že si uživatel prohlídne email na webu. Pokud si email přečte více než 40 % příjemců, lze to považovat za úspěch.</p>',	'',	'Pokud email dorazí příjemci, příjemce si email zobrazí v html podobě a zároveň povolí zobrazení vzdálených obrázků, pak je započítáno přečtení emailu. Tato statistika je započítána i v případě, že si uživatel prohlídne email na webu. Pokud si email přečte více než 40 % příjemců, lze to považovat za úspěch.'),
(238,	'Emaily - statistiky - Celkem přečteno vícekrát',	'<p>Počet příjemců, kteří otevřeli respektive přečetli email v html formátu s povoleným zobrazením vzdálených obrázků více než jednou.</p>',	'',	'Počet příjemců, kteří otevřeli respektive přečetli email v html formátu s povoleným zobrazením vzdálených obrázků více než jednou.'),
(239,	'Emaily - statistiky - Celkem prokliknuto',	'<p>Pokud uživatel klikne v emailu na odkaz směřující na Váš web, bude započítán proklik. Pokud je míra prokliku větší než 20 %, lze to považovat za úspěch.</p>',	'',	'Pokud uživatel klikne v emailu na odkaz směřující na Váš web, bude započítán proklik. Pokud je míra prokliku větší než 20 %, lze to považovat za úspěch.'),
(240,	'Emaily - statistiky - Celkem zobrazeno na webu z html emailu',	'<p>Celkový počet emailů jejichž příjemci klikli v emailu ve formátu html na odkaz pro zobrazení emailu na webu. To se může dít v případě, že uživatel nechce povolit stahování vzdálených obrázků na svůj počítač a nebo se příjemci zobrazil email nekorektně.</p>',	'',	'Celkový počet emailů jejichž příjemci klikli v emailu ve formátu html na odkaz pro zobrazení emailu na webu. To se může dít v případě, že uživatel nechce povolit stahování vzdálených obrázků na svůj počítač a nebo se příjemci zobrazil email nekorektně.'),
(241,	'Emaily - statistiky - Celkem zobrazeno na webu z textového emailu',	'<p>Pokud si příjemce zobrazil email v textovém formátu, který je bez grafiky a klikne na odkaz pro zobrazení html emailu na webu,  bude započítána tato statistika.</p>',	'',	'Pokud si příjemce zobrazil email v textovém formátu, který je bez grafiky a klikne na odkaz pro zobrazení html emailu na webu,  bude započítána tato statistika.'),
(242,	'Emaily - statistiky - Celkem odhlášeno',	'<p>Celkový počet emailů, které byly v rámci kampaně odhlášeny z dalšího rozesílání emailů. Jedná se o nezájem o Vaše emaily ze strany příjemce a je nutné toto respektovat. Pokud se odhlásí z odběru emailů méně než 1 % příjemců, lze to považovat za úspěch.</p>',	'',	'Celkový počet emailů, které byly v rámci kampaně odhlášeny z dalšího rozesílání emailů. Jedná se o nezájem o Vaše emaily ze strany příjemce a je nutné toto respektovat. Pokud se odhlásí z odběru emailů méně než 1 % příjemců, lze to považovat za úspěch.'),
(243,	'Emaily - statistiky - Celkem konverzí',	'<p>Nejdůležitější ukazatel pro měření úspěšnosti kampaně. Celkový počet konverzí (odeslání kontaktního formuláře, návštěva důležité stránky, uskutečnění objednávky, stažení požadovaného souboru atd.). Sledování konverzí není standarní funkcí redakčního systému, protože každý považuje za konverzi něco jiného. Proto pokud nemáte instalován kod pro měření konverzí, kontaktujte správce systému, aby Vám kod nainstaloval na Vámi definovanou konverzi. Pokud se konverzní poměr pohybuje v hodnotách nad 4 %, lze to považovat za úspěch.</p>',	'',	'Nejdůležitější ukazatel pro měření úspěšnosti kampaně. Celkový počet konverzí (odeslání kontaktního formuláře, návštěva důležité stránky, uskutečnění objednávky, stažení požadovaného souboru atd.). Sledování konverzí není standarní funkcí redakčního systému, protože každý považuje za konverzi něco jiného. Proto pokud nemáte instalován kod pro měření konverzí, kontaktujte správce systému, aby Vám kod nainstaloval na Vámi definovanou konverzi. Pokud se konverzní poměr pohybuje v hodnotách nad 4 %, lze to považovat za úspěch.'),
(244,	'Emaily - kampaně - nastavení šablony',	'<p>Do obsahu emailu můžete zakomponovat dynamické prvky - jméno (v 1. - 7. pádě), příjmení či email uživatele, název společnosti, odkaz na odhlášení z odběru emailů, odkaz na zobrazení emailu na webu.</p>',	'',	'Do obsahu emailu můžete zakomponovat dynamické prvky - jméno (v 1. - 7. pádě), příjmení či email uživatele, název společnosti, odkaz na odhlášení z odběru emailů, odkaz na zobrazení emailu na webu.'),
(245,	'Emaily - kampaně - náhrada za jméno 1 pád',	'<p>Pokud chcete v emailu zobrazit jméno uživatele v 1. pádě, tak do obsahu emailu vložte následující řetězec ve složených závorkách - {jmeno1}. Pokud chcete do emailu doplnit jméno uživatele např. v 5. pádě, vložte do obsahu {jmeno5} apod. Pokud jméno uživatele není v databázi uvedeno, bude zobrazen alternativní text, který zde uvedete - standardně \"uživatel\". Pokud uvedete např. řetězec {jmeno1}, bude řetězec nahrazen jménem v 1. pádu s počátečním malým písmenem. Pokud uvedete např. řetězec {Jmeno7}, bude řetězec nahrazen jménem v 7. pádě s počátečním velkým písmenem. Stejné pravidlo platí u i řetězců {email},{prijmeni} a {spolecnost}.</p>',	'',	'Pokud chcete v emailu zobrazit jméno uživatele v 1. pádě, tak do obsahu emailu vložte následující řetězec ve složených závorkách - {jmeno1}. Pokud chcete do emailu doplnit jméno uživatele např. v 5. pádě, vložte do obsahu {jmeno5} apod. Pokud jméno uživatele není v databázi uvedeno, bude zobrazen alternativní text, který zde uvedete - standardně \"uživatel\". Pokud uvedete např. řetězec {jmeno1}, bude řetězec nahrazen jménem v 1. pádu s počátečním malým písmenem. Pokud uvedete např. řetězec {Jmeno7}, bude řetězec nahrazen jménem v 7. pádě s počátečním velkým písmenem. Stejné pravidlo platí u i řetězců {email},{prijmeni} a {spolecnost}.'),
(246,	'Emaily - kampaně - náhrada za příjmení',	'<p>Pokud chcete do emailu doplnit příjmení uživatele, vložte  do obsahu řetězec {prijmeni}. Pokud příjmení uživatele není v databázi uvedeno,  bude zobrazen alternativní text, který zde uvedete - standardně prázdný řetězec.</p>',	'',	'Pokud chcete do emailu doplnit příjmení uživatele, vložte  do obsahu řetězec {prijmeni}. Pokud příjmení uživatele není v databázi uvedeno,  bude zobrazen alternativní text, který zde uvedete - standardně prázdný řetězec.'),
(251,	'Emaily - nastavení - obsah',	'<p>Zadejte doprovodný text formuláře, který se zobrazí v boxu.</p>',	'',	'Zadejte doprovodný text formuláře, který se zobrazí v boxu.'),
(252,	'Emaily - nastavení - Zobrazovat jméno a příjmení',	'<p>Pokud je nastaveno na Ano, pak bude součástí formuláře pro přihlašování k odběru newsletteru i nepovinné políčko pro zadání jména a příjmení uživatele.</p>',	'',	'Pokud je nastaveno na Ano, pak bude součástí formuláře pro přihlašování k odběru newsletteru i nepovinné políčko pro zadání jména a příjmení uživatele.'),
(248,	'Emaily - kampaně - náhrada za společnost',	'<p>Pokud chcete do emailu doplnit název společnosti uživatele, vložte  do obsahu {spolecnost} apod. Pokud název společnosti uživatele není v databázi uveden,  bude zobrazen alternativní text, který zde uvedete - standardně prázdný řetězec.</p>',	'',	'Pokud chcete do emailu doplnit název společnosti uživatele, vložte  do obsahu {spolecnost} apod. Pokud název společnosti uživatele není v databázi uveden,  bude zobrazen alternativní text, který zde uvedete - standardně prázdný řetězec.'),
(249,	'Emaily - kampaně - Název odkazu pro odhlášení z odběru emailů',	'<p>Pokud chcete do emailu vložit odkaz pro odhlášení z odběru emailů, vložte do obsahu emailu řetězec {odhlasit}, který bude při odeslání emailu nahrazen odkazem pro odhlášení. Zde zadejte název odkazu pro odhlášení. Pokud budete mít v emailu text např. v tomto tvaru \"...Pokud již nechcete odebírat emaily klikněte {odhlasit}\". Při odeslání emailu bude text {odhlasit} nahrazen např. slovem \"zde\" a text bude vypadat následovně: \"...Pokud již nechcete odebírat emaily klikněte zde\", přičemž slovo \"zde\" bude odkazem pro odhlášení. Pokud řetězec {odhlasit} uvedete do textové části emailu, bude řetězec nahrazen odkazem ve tvaru \"http://www.mujweb.cz/odhlaseni...\" apod.</p>',	'',	'Pokud chcete do emailu vložit odkaz pro odhlášení z odběru emailů, vložte do obsahu emailu řetězec {odhlasit}, který bude při odeslání emailu nahrazen odkazem pro odhlášení. Zde zadejte název odkazu pro odhlášení. Pokud budete mít v emailu text např. v tomto tvaru \"...Pokud již nechcete odebírat emaily klikněte {odhlasit}\". Při odeslání emailu bude text {odhlasit} nahrazen např. slovem \"zde\" a text bude vypadat následovně: \"...Pokud již nechcete odebírat emaily klikněte zde\", přičemž slovo \"zde\" bude odkazem pro odhlášení. Pokud řetězec {odhlasit} uvedete do textové části emailu, bude řetězec nahrazen odkazem ve tvaru \"http://www.mujweb.cz/odhlaseni...\" apod.'),
(250,	'Emaily - kampaně - Název odkazu pro zobrazení emailu na webu',	'<p>Pokud chcete do obsahu emailu vložit odkaz pro zobrazení emailu na webu, vložte do obsahu emailu řetězec {zobrazit}. Tento řetězec bude při odeslání emailu nahrazen odkazem pro odhlášení. Název odkazu vyplňte zde. Pokud řetězec {zobrazit} uvedete do textové části emailu, bude řetězec nahrazen odkazem ve tvaru \"http://www.mujweb.cz/odhlaseni_z_odberu.html\" apod.</p>',	'',	'Pokud chcete do obsahu emailu vložit odkaz pro zobrazení emailu na webu, vložte do obsahu emailu řetězec {zobrazit}. Tento řetězec bude při odeslání emailu nahrazen odkazem pro odhlášení. Název odkazu vyplňte zde. Pokud řetězec {zobrazit} uvedete do textové části emailu, bude řetězec nahrazen odkazem ve tvaru \"http://www.mujweb.cz/odhlaseni_z_odberu.html\" apod.'),
(253,	'Emaily - nastavení - Zobrazovat název společnosti',	'<p>Pokud je nastaveno na Ano, bude součástí formuláře pro přihlašování k odběru newsletteru i nepovinné políčko pro zadání názvu společnosti.</p>',	'',	'Pokud je nastaveno na Ano, bude součástí formuláře pro přihlašování k odběru newsletteru i nepovinné políčko pro zadání názvu společnosti.'),
(254,	'Emaily - nastavení - zobrazovat editbox',	'<p>Pokud bude nastaveno na Ano, bude zobrazování formuláře pro přihlašování k odběru newsletteru povoleno.</p>',	'',	'Pokud bude nastaveno na Ano, bude zobrazování formuláře pro přihlašování k odběru newsletteru povoleno.'),
(263,	'Emaily - kontakty -  import - speciální formát',	'<p>Pokud vyberete vlastní definici xml formátu, bude nutné před importem kontaktů nastavit požadovanou strukturu vašeho xml souboru.</p>',	'',	'Pokud vyberete vlastní definici xml formátu, bude nutné před importem kontaktů nastavit požadovanou strukturu vašeho xml souboru.'),
(264,	'Emaily - kontakty - import - zdroj-cil',	'<p>Zdrojem je tag nebo atribut v xml souboru, cíl určuje položku kontaktu, kam se zdroj uloží.</p>',	'',	'Zdrojem je tag nebo atribut v xml souboru, cíl určuje položku kontaktu, kam se zdroj uloží.'),
(265,	'emaily - import - nastaveni - cil',	'<p>Cíl pro uložení - vyberte položku kontaktu, do které se hodnota tagu či atributu uloží. Berte prosím v úvahu, že pokud se bude ukládat např. text do sloupečku adresáře definovaného jako číslo, bude tento text převeden na číslo! Snažte se tedy ukládat například text do textového pole, číslo do číselného pole apod.</p>',	'',	'Cíl pro uložení - vyberte položku kontaktu, do které se hodnota tagu či atributu uloží. Berte prosím v úvahu, že pokud se bude ukládat např. text do sloupečku adresáře definovaného jako číslo, bude tento text převeden na číslo! Snažte se tedy ukládat například text do textového pole, číslo do číselného pole apod.'),
(267,	'Galerie - detail galerie a složky - Zanoření do složky',	'<p>Vyberte složku, kde bude umístěna složka/galerie. Pokud nevyberete žádné umístění, bude složka či galerie zařazena do kořene stromu galerie. Nebude tedy vnořena do žádné složky.</p>',	'',	'Vyberte složku, kde bude umístěna složka/galerie. Pokud nevyberete žádné umístění, bude složka či galerie zařazena do kořene stromu galerie. Nebude tedy vnořena do žádné složky.'),
(268,	'Galerie - seznam složek a galerií - Posun',	'<p>Kliknutím na šipku nahoru posunete pořadí galerie či složky před položku, která je nad ní ve stejné úrovni. Pro posun dolů klikněte na šipku dolů.</p>',	'',	'Kliknutím na šipku nahoru posunete pořadí galerie či složky před položku, která je nad ní ve stejné úrovni. Pro posun dolů klikněte na šipku dolů.'),
(270,	'Diskuze - detail příspěvku - Zadáno administrátorem',	'<p>Pokud byl příspěvek zadán skrze administraci redakčního systému, byl označen jako administrátorský a pravděpodobně bude i na webu odlišen od uživatelských příspěvků.</p>',	'',	'Pokud byl příspěvek zadán skrze administraci redakčního systému, byl označen jako administrátorský a pravděpodobně bude i na webu odlišen od uživatelských příspěvků.'),
(271,	'Diskuze - detail příspěvku - Datum',	'<p>Datum a čas vložení příspěvku do diskuze</p>',	'',	'Datum a čas vložení příspěvku do diskuze'),
(272,	'Diskuze - detail příspěvku - Zobrazovat',	'<p>Pokud je nastaveno na Ano, pak se příspěvek na webu zobrazuje. V opačném případě nikoliv. V případě že je zapnutá automatická cenzura a zadaný příspěvek neprojde touto cenzurou, bude automaticky mít volbu Zobrazovat nastavenou na Ne. Pokud je zapnutá manuální cenzura, pak bude mít každý příspěvek nastavenu volbu Zobrazovat na Ne, administrátor tak má možnost prohlédnout si příspěvek a povolit zobrazení či ponechat ve stavu Zobrazovat Ne. V případě, že není povolena žádná cenzura, pak je automaticky každý příspěvek zobrazován na webu, má tedy nastavenu volbu Zobrazovat Ano.</p>',	'',	'Pokud je nastaveno na Ano, pak se příspěvek na webu zobrazuje. V opačném případě nikoliv. V případě že je zapnutá automatická cenzura a zadaný příspěvek neprojde touto cenzurou, bude automaticky mít volbu Zobrazovat nastavenou na Ne. Pokud je zapnutá manuální cenzura, pak bude mít každý příspěvek nastavenu volbu Zobrazovat na Ne, administrátor tak má možnost prohlédnout si příspěvek a povolit zobrazení či ponechat ve stavu Zobrazovat Ne. V případě, že není povolena žádná cenzura, pak je automaticky každý příspěvek zobrazován na webu, má tedy nastavenu volbu Zobrazovat Ano.'),
(273,	'Diskuze - blacklist - alternativy ip',	'<p>Vyberte jednu z možností. Od obecnějšího nastavení ip adresy po konkrétní ip adresu. Pokud chcete zakázat například všechny příspěvky z ip adresy 192.168.10.1 a navíc víte, že vám chodí příspěvky z ip adres 192.168.10.2 a 192.168.10.3 a 192.168.10.4, pak je vhodné vybrat do blacklistu volbu 192.168.10.*, kdy bude odfiltrován každý příspěvek pocházející z uvedených ip adres a navíc i adresy jako např. 192.168.10.10, 192.168.10.150 atd.</p>',	'',	'Vyberte jednu z možností. Od obecnějšího nastavení ip adresy po konkrétní ip adresu. Pokud chcete zakázat například všechny příspěvky z ip adresy 192.168.10.1 a navíc víte, že vám chodí příspěvky z ip adres 192.168.10.2 a 192.168.10.3 a 192.168.10.4, pak je vhodné vybrat do blacklistu volbu 192.168.10.*, kdy bude odfiltrován každý příspěvek pocházející z uvedených ip adres a navíc i adresy jako např. 192.168.10.10, 192.168.10.150 atd.'),
(274,	'Diskuze - blacklist - ip adresa',	'<p>Vybraná ip adresa či zobecněná ip adresa (maska IP adresy obsahující hvězdičku *).</p>',	'',	'Vybraná ip adresa či zobecněná ip adresa (maska IP adresy obsahující hvězdičku *).'),
(275,	'Diskuze - filtr příspěvků - výraz',	'<p>Zvolte výraz. Můžete používat operátor hvězdička (*). Např. pokud zadáte výraz pro filtraci \"Viagra\", budou filtrovány příspěvky obsahující slovo \"viagra\", \"Viagra\", \"ViAgRa\" atd. Pokud zadáte výraz \"*Viagra\", pak se budou filtrovat příspěvky obsahující výrazy jako \"viagra\", \"VVVViagra\", \"xxViagra\" atd. Pokud zadáte výraz \"viagra*\", pak se budou filtrovat příspěvky jako \"Viagra\", \"Viagraaaa\" atd. a pokud zadáte výraz \"*viagra*\", budou se filtrovat texty příspěvků obsahující slova jako například \"vvvvviagraaaa\", \"viagra\", \"vvvviagra\", \"viagraaa\" atd. Operátor hvězdička tedy nahrazuje libovolný počet písmen ve slově.</p>',	'',	'Zvolte výraz. Můžete používat operátor hvězdička (*). Např. pokud zadáte výraz pro filtraci \"Viagra\", budou filtrovány příspěvky obsahující slovo \"viagra\", \"Viagra\", \"ViAgRa\" atd. Pokud zadáte výraz \"*Viagra\", pak se budou filtrovat příspěvky obsahující výrazy jako \"viagra\", \"VVVViagra\", \"xxViagra\" atd. Pokud zadáte výraz \"viagra*\", pak se budou filtrovat příspěvky jako \"Viagra\", \"Viagraaaa\" atd. a pokud zadáte výraz \"*viagra*\", budou se filtrovat texty příspěvků obsahující slova jako například \"vvvvviagraaaa\", \"viagra\", \"vvvviagra\", \"viagraaa\" atd. Operátor hvězdička tedy nahrazuje libovolný počet písmen ve slově.'),
(276,	'Diskuze - filtr příspěvků - zobrazit',	'<p>Pokud je nastavena volba Zobrazovat na ANO, daný výraz je aktivní a provádí se filtra pomocí tohoto slova. V opačném případě nikoliv.</p>',	'',	'Pokud je nastavena volba Zobrazovat na ANO, daný výraz je aktivní a provádí se filtra pomocí tohoto slova. V opačném případě nikoliv.'),
(278,	'Diskuze - nastavení - odesílat příspěvky na email',	'<p>Každý zadaný diskuzní příspěvek bude odeslán na tento email. Pokud není email uveden, nebudou příspěvky odesílány.</p>',	'',	'Každý zadaný diskuzní příspěvek bude odeslán na tento email. Pokud není email uveden, nebudou příspěvky odesílány.'),
(279,	'Diskuze - nastavení - smajlíci',	'<p>Paleta smajlíků, se zobrazuje ve formuláři pro odeslání diskuzního příspěvku. Protože palety smajlíků mohou obsahovat různý počet smajlíků, doporučujeme vybrat jednu paletu smajlíků a tu používat po celou dobu běhu webu. Pokud se rozhodnete změnit paletu smajlíků na jinou, nemusí být zobrazení diskuzních příspěvků korektní a to z důvodů chybějících smajlíků ve vybrané paletě.</p>',	'',	'Paleta smajlíků, se zobrazuje ve formuláři pro odeslání diskuzního příspěvku. Protože palety smajlíků mohou obsahovat různý počet smajlíků, doporučujeme vybrat jednu paletu smajlíků a tu používat po celou dobu běhu webu. Pokud se rozhodnete změnit paletu smajlíků na jinou, nemusí být zobrazení diskuzních příspěvků korektní a to z důvodů chybějících smajlíků ve vybrané paletě.'),
(280,	'Diskuze - nastavení - cenzura příspěvků',	'<p>Pokud je cenzura diskuzních příspěvků vypnuta, každý zadaný příspěvek se ihned po zadání bude zobrazovat na webu. Pokud cenzuru povolíte, bude muset příspěvek projít schvalovacím procesem. </p>',	'',	'Pokud je cenzura diskuzních příspěvků vypnuta, každý zadaný příspěvek se ihned po zadání bude zobrazovat na webu. Pokud cenzuru povolíte, bude muset příspěvek projít schvalovacím procesem. '),
(323,	'Diskuze - cenzura manuální/automatická',	'<p>Pokud je automatická cenzura zakázána, žádný zadaný příspěvek se nebude zobrazovat na webu bez povolení administrátora webu. Administrátor příspěvek zkontroluje a vyhodnotí a na tomto základě povolí či zakáže zobrazení příspěvku na webu. V případě povolené automatické cenzůry se na příspěvky aplikuje filtr zakázaných výrazů a popř. i blacklist. Pokud je v příspěvku nalezen zakázaný výraz a nebo bude ip adresa zakázána v blacklistu, pak se příspěvek nebude zobrazovat a jeho zobrazování může povolit až administrátor diskuze.</p>',	'',	'Pokud je automatická cenzura zakázána, žádný zadaný příspěvek se nebude zobrazovat na webu bez povolení administrátora webu. Administrátor příspěvek zkontroluje a vyhodnotí a na tomto základě povolí či zakáže zobrazení příspěvku na webu. V případě povolené automatické cenzůry se na příspěvky aplikuje filtr zakázaných výrazů a popř. i blacklist. Pokud je v příspěvku nalezen zakázaný výraz a nebo bude ip adresa zakázána v blacklistu, pak se příspěvek nebude zobrazovat a jeho zobrazování může povolit až administrátor diskuze.'),
(281,	'Diskuze - nastavení - používat blacklist',	'<p>Pokud je povoleno používání blacklistu a zároveň je použita automatická cenzura, pak se blacklist používá společně s filtrem zakázaných výrazů při rozhodování zda je příspěvek důvěryhodný či nikoliv. IP adresa uživatele, který příspěvek zadal je porovnána se seznamem zakázaných IP adres (blacklist) a pokud je v tomto seznamu nalezena, je příspěvek označen jako závadný.</p>',	'',	'Pokud je povoleno používání blacklistu a zároveň je použita automatická cenzura, pak se blacklist používá společně s filtrem zakázaných výrazů při rozhodování zda je příspěvek důvěryhodný či nikoliv. IP adresa uživatele, který příspěvek zadal je porovnána se seznamem zakázaných IP adres (blacklist) a pokud je v tomto seznamu nalezena, je příspěvek označen jako závadný.'),
(282,	'Diskuze - nastavení - zakázaná slova vytečkovat',	'<p>Pokud je tato možnost povolena, použije se filtr zakázaných výrazů na text příspěvku a zakázaná slova vytečkuje, respektive nahradí je hvězdičkou (*).</p>',	'',	'Pokud je tato možnost povolena, použije se filtr zakázaných výrazů na text příspěvku a zakázaná slova vytečkuje, respektive nahradí je hvězdičkou (*).'),
(320,	'Galerie - nastavení - Vodoznak - obrázek',	'<p>Pokud zde nahrajete obrázek, bude automaticky vložen do střední a velké fotky galerie jako ochrana před odcizením a použitím fotky pod jiným jménem. Doporučujeme nahrávat průhledný png soubor, aby byl zachován vzhled fotky.</p>',	'',	'Pokud zde nahrajete obrázek, bude automaticky vložen do střední a velké fotky galerie jako ochrana před odcizením a použitím fotky pod jiným jménem. Doporučujeme nahrávat průhledný png soubor, aby byl zachován vzhled fotky.'),
(285,	'Galerie - nastavení - počet v panelu',	'<p>Počet reprezentativních fotek v boxu galerie. Fotky se v tomto boxu zobrazují náhodně.</p>',	'',	'Počet reprezentativních fotek v boxu galerie. Fotky se v tomto boxu zobrazují náhodně.'),
(286,	'Galerie - nastavení - box zobrazit',	'<p>Pokud je zaškrtnuta volba Ano, box se zobrazuje. V opačném případě nikoliv.</p>',	'',	'Pokud je zaškrtnuta volba Ano, box se zobrazuje. V opačném případě nikoliv.'),
(287,	'Statistiky - vyhledávací filtr - stránky',	'<p>Vyberte stránku vašeho webu, které se bude statistika týkat.</p>',	'',	'Vyberte stránku vašeho webu, které se bude statistika týkat.'),
(288,	'Statistiky - statistika návštěvnosti webu - Nový vs. vracející se',	'<p>Tento graf třídí návštěvy podle typu návštěvníka (nový nebo vracející se). Proto když někdo navštíví stránky poprvé, je jeho návštěva zařazena jako Návštěva nového návštěvníka. Jestliže tento uživatel stránky již dříve navštívil, návštěva je zařazena jako Návštěva vracejícího se návštěvníka.</p>',	'',	'Tento graf třídí návštěvy podle typu návštěvníka (nový nebo vracející se). Proto když někdo navštíví stránky poprvé, je jeho návštěva zařazena jako Návštěva nového návštěvníka. Jestliže tento uživatel stránky již dříve navštívil, návštěva je zařazena jako Návštěva vracejícího se návštěvníka.'),
(289,	'Statistiky - statistika návštěvnosti stránek - Unikátní zobrazení vs. zobrazení stránek',	'<p>Unikátní zobrazení stránek je celkový počet unikátních návštěvníků dané stránky. Celkový počet zobrazení stránky označuje veškeré zobrazení stránky včetně vícenásobného navštívení stránky jedním návštěvníkem.</p>',	'',	'Unikátní zobrazení stránek je celkový počet unikátních návštěvníků dané stránky. Celkový počet zobrazení stránky označuje veškeré zobrazení stránky včetně vícenásobného navštívení stránky jedním návštěvníkem.'),
(290,	'Statistiky - statistika Zdroje návštěvnosti - Zdroje návštěvnosti',	'<p>Každý uživatel se na vaše stránky musel nějak dostat. V zásadě jde říci, že jsou 4 způsoby, jak to udělat. Tyto Google Analytics rozeznává následovně<abbr> - Přímá návštěvnost</abbr> (Direct),<abbr> Odkazující stránky</abbr> (Referring),<abbr> Vyhledávače</abbr> (Organic) a Kampaně a ostatní zdroje</p>',	'',	'Každý uživatel se na vaše stránky musel nějak dostat. V zásadě jde říci, že jsou 4 způsoby, jak to udělat. Tyto Google Analytics rozeznává následovně - Přímá návštěvnost (Direct), Odkazující stránky (Referring), Vyhledávače (Organic) a Kampaně a ostatní zdroje'),
(291,	'Statistiky - statistika Zdroje návštěvnosti - Odkazující stránky',	'<p>Z tabulky Odkazující stránky zjistíte, které z webů, na kterých máte umístěn odkaz na vaše stránky, vám přivedl nejvíce návštěvníků stránek. Dokážete tak například snadno poznat, kam na internetu má cenu umístit svou reklamu. Na základě tohoto přehledu můžete například vypnout reklamu na webu, ze kterého na vaše stránky přicházejí uživatelé, kteří si nic nekoupili, nebo stránku hned opustili.</p>',	'',	'Z tabulky Odkazující stránky zjistíte, které z webů, na kterých máte umístěn odkaz na vaše stránky, vám přivedl nejvíce návštěvníků stránek. Dokážete tak například snadno poznat, kam na internetu má cenu umístit svou reklamu. Na základě tohoto přehledu můžete například vypnout reklamu na webu, ze kterého na vaše stránky přicházejí uživatelé, kteří si nic nekoupili, nebo stránku hned opustili.'),
(292,	'Statistiky - statistika Zdroje návštěvnosti - Klíčová slova',	'<p>V tabulce Klíčová slova je uvedeno jaká klíčová slova přivedla nejvíce uživatelů na vaše stránky. Míra opuštění vám ukáže jaká klíčová slova zadali uživatelé, kteří nebyli vaším webem příliš zaujati a hledané informace zde nejspíše nenašli a nebo právě naopak.</p>',	'',	'V tabulce Klíčová slova je uvedeno jaká klíčová slova přivedla nejvíce uživatelů na vaše stránky. Míra opuštění vám ukáže jaká klíčová slova zadali uživatelé, kteří nebyli vaším webem příliš zaujati a hledané informace zde nejspíše nenašli a nebo právě naopak.'),
(296,	'Galerie - obsah - řazení fotek',	'<p>Uchopte fotku myší a následným tažením přesunete fotku na požadovanou pozici.</p>',	'',	'Uchopte fotku myší a následným tažením přesunete fotku na požadovanou pozici.'),
(295,	'Nastavování práv v modulu Nastavení',	'Kliknutím na ikonu povolíte/zakážete určitou činnost pro danou uživatelskou roli.',	'',	'Kliknutím na ikonu povolíte/zakážete určitou činnost pro danou uživatelskou roli.'),
(31,	'Přístup ke stránkám - aktivní',	'<p>Pokud je zaškrtnuta volba Ano, uživatel má povoleno přihlašování. V opačném případě se nelze k daným stránkám přihlásit. Používá se pro účely okamžité blokace přihlašování.</p>',	'',	'Pokud je zaškrtnuta volba Ano, uživatel má povoleno přihlašování. V opačném případě se nelze k daným stránkám přihlásit. Používá se pro účely okamžité blokace přihlašování.'),
(297,	'cms stránka 404 - text',	'<p>Stránka nebyla v redakčním systému nalazena nebo nemáte oprávnění k dané stránce!</p>',	'',	'Stránka nebyla v redakčním systému nalazena nebo nemáte oprávnění k dané stránce!'),
(298,	'Stránky - Umístění stránky',	'<p>Vyberte stránku, pod kterou bude tato stránka umístěna. Pokud necháte předvyplněnou možnost \"kořen webu\", pak bude stránka hlavní a nebude zanořena v žádné stránce.</p>',	'',	'Vyberte stránku, pod kterou bude tato stránka umístěna. Pokud necháte předvyplněnou možnost \"kořen webu\", pak bude stránka hlavní a nebude zanořena v žádné stránce.'),
(301,	'Home - Panely - obsah panelů',	'<p>Myší (technikou táhni a pusť) libovolně přesunujte položky do oblastí kde je potřebujete na webu zobrazit.</p>',	'',	'Myší (technikou táhni a pusť) libovolně přesunujte položky do oblastí kde je potřebujete na webu zobrazit.'),
(302,	'Články - maximální šířka náhledového obrázku',	'<p>Maximální šířka náhledové fotky k článku. Fotka se většinou zobrazuje na stránce se seznamem článků. <strong>Zadání rozměrů přenechte kodérovi nebo programátorovi.</strong></p>',	'',	'Maximální šířka náhledové fotky k článku. Fotka se většinou zobrazuje na stránce se seznamem článků. Zadání rozměrů přenechte kodérovi nebo programátorovi.'),
(303,	'Články - maximální výška náhledového obrázku',	'<p>Maximální výška náhledové fotky k článku. Fotka se většinou zobrazuje na stránce se seznamem článků. <strong>Zadání rozměrů přenechte kodérovi nebo programátorovi.</strong></p>',	'',	'Maximální výška náhledové fotky k článku. Fotka se většinou zobrazuje na stránce se seznamem článků. Zadání rozměrů přenechte kodérovi nebo programátorovi.'),
(304,	'Články - maximální šířka velké fotky',	'<p>Maximální šířka velké fotky k článku. Fotka se většinou zobrazuje na stránce s detailem článku. Zadání rozměrů přenechte kodérovi nebo programátorovi.</p>',	'',	'Maximální šířka velké fotky k článku. Fotka se většinou zobrazuje na stránce s detailem článku. Zadání rozměrů přenechte kodérovi nebo programátorovi.'),
(305,	'Články - maximální výška velké fotky',	'<p>Maximální výška velké fotky k článku. Fotka se většinou zobrazuje na stránce s detailem článku. <strong>Zadání rozměrů přenechte kodérovi nebo programátorovi.</strong></p>',	'',	'Maximální výška velké fotky k článku. Fotka se většinou zobrazuje na stránce s detailem článku. Zadání rozměrů přenechte kodérovi nebo programátorovi.'),
(306,	'Články - nastavení - počet nejnovějších článků v boxu',	'<p>Počet článků, které se budou zobrazovat v boxu Nejnovější články. Články budou řazeny od nejnovějšího.</p>',	'',	'Počet článků, které se budou zobrazovat v boxu Nejnovější články. Články budou řazeny od nejnovějšího.'),
(307,	'Články - nastavení - počet nejlepších článků v boxu',	'<p>Počet článků, které se budou zobrazovat v boxu Nejlepší články. Články budou řazeny od nejlepšího - nejlépe hodnoceného.</p>',	'',	'Počet článků, které se budou zobrazovat v boxu Nejlepší články. Články budou řazeny od nejlepšího - nejlépe hodnoceného.'),
(308,	'Novinky - nastavení - maximální šířka náhledového obrázku',	'<p>Maximální šířka náhledové fotky novinky. Fotka se zobrazuje na stránce s přehledem novinek. <strong>Nastavení tohoto rozměru doporučujeme přenechat kodérovi nebo programátorovi.</strong></p>',	'',	'Maximální šířka náhledové fotky novinky. Fotka se zobrazuje na stránce s přehledem novinek. Nastavení tohoto rozměru doporučujeme přenechat kodérovi nebo programátorovi.'),
(309,	'Novinky - nastavení - maximální výška náhledového obrázku',	'<p>Maximální výška náhledové fotky novinky. Fotka se zobrazuje na stránce s přehledem novinek. <strong>Nastavení tohoto rozměru doporučujeme přenechat kodérovi nebo programátorovi.</strong></p>',	'',	'Maximální výška náhledové fotky novinky. Fotka se zobrazuje na stránce s přehledem novinek. Nastavení tohoto rozměru doporučujeme přenechat kodérovi nebo programátorovi.'),
(310,	'Članky - zobrazit RSS',	'<p>Můžete povolit povolit generování RSS feedu. RSS feed je XML soubor, který si může návštěvník stáhnout do svého počítače a sledovat tak články na vašem webu aniž by musel navštívit váš web. Odkaz na RSS feed se zobrazuje pod výpisem článků nebo i na jiných místech webu.</p>',	'',	'Můžete povolit povolit generování RSS feedu. RSS feed je XML soubor, který si může návštěvník stáhnout do svého počítače a sledovat tak články na vašem webu aniž by musel navštívit váš web. Odkaz na RSS feed se zobrazuje pod výpisem článků nebo i na jiných místech webu.'),
(311,	'Galerie - Počet fotek v jednom řádku',	'<p>Počet fotek nebo složek galerie na jednom řádku na stránce.</p>',	'',	'Počet fotek nebo složek galerie na jednom řádku na stránce.'),
(312,	'Galerie - Počet řádků na stránku',	'<p>Počet řádků s fotkami či složkami galerie na jedné stránce.</p>',	'',	'Počet řádků s fotkami či složkami galerie na jedné stránce.'),
(313,	'Galerie - Maximální výška náhledové fotky galerie',	'<p>Maximální výška náhledové fotky galerie. Fotka se zobrazuje na stránce s přehledem fotek dané galerie. <strong>Nastavení tohoto rozměru doporučujeme přenechat kodérovi nebo programátorovi.</strong></p>',	'',	'Maximální výška náhledové fotky galerie. Fotka se zobrazuje na stránce s přehledem fotek dané galerie. Nastavení tohoto rozměru doporučujeme přenechat kodérovi nebo programátorovi.'),
(314,	'Galerie - Maximální šířka náhledové fotky galerie',	'<p>Maximální šířka náhledové fotky galerie. Fotka se zobrazuje na stránce s přehledem fotek dané galerie. <strong>Nastavení tohoto rozměru doporučujeme přenechat kodérovi nebo programátorovi.</strong></p>',	'',	'Maximální šířka náhledové fotky galerie. Fotka se zobrazuje na stránce s přehledem fotek dané galerie. Nastavení tohoto rozměru doporučujeme přenechat kodérovi nebo programátorovi.'),
(315,	'Galerie - nastavení - maximální šířka středního obrázku',	'<p>Maximální šířka střední fotky galerie. Fotka se zobrazuje na stránce s detailem fotky dané galerie. <strong>Nastavení tohoto rozměru doporučujeme přenechat kodérovi nebo programátorovi.</strong></p>',	'',	'Maximální šířka střední fotky galerie. Fotka se zobrazuje na stránce s detailem fotky dané galerie. Nastavení tohoto rozměru doporučujeme přenechat kodérovi nebo programátorovi.'),
(316,	'Galerie - nastavení - maximální výška středního obrázku',	'<p>Maximální výška střední fotky galerie. Fotka se zobrazuje na stránce s detailem fotky dané galerie. <strong>Nastavení tohoto rozměru doporučujeme přenechat kodérovi nebo programátorovi.</strong></p>',	'',	'Maximální výška střední fotky galerie. Fotka se zobrazuje na stránce s detailem fotky dané galerie. Nastavení tohoto rozměru doporučujeme přenechat kodérovi nebo programátorovi.'),
(317,	'Galerie - nastavení - maximální šířka velkého obrázku',	'<p>Maximální šířka velké fotky galerie. Fotka se zobrazuje na stránce s detailem fotky dané galerie po kliknutí na střední fotku galerie. <strong>Nastavení tohoto rozměru doporučujeme přenechat kodérovi nebo programátorovi.</strong></p>',	'',	'Maximální šířka velké fotky galerie. Fotka se zobrazuje na stránce s detailem fotky dané galerie po kliknutí na střední fotku galerie. Nastavení tohoto rozměru doporučujeme přenechat kodérovi nebo programátorovi.'),
(318,	'Galerie - nastavení - maximální výška velkého obrázku',	'<p>Maximální výška velké fotky galerie. Fotka se zobrazuje na stránce s detailem fotky dané galerie po kliknutí na střední fotku galerie. <strong>Nastavení tohoto rozměru doporučujeme přenechat kodérovi nebo programátorovi.</strong></p>',	'',	'Maximální výška velké fotky galerie. Fotka se zobrazuje na stránce s detailem fotky dané galerie po kliknutí na střední fotku galerie. Nastavení tohoto rozměru doporučujeme přenechat kodérovi nebo programátorovi.'),
(319,	'Galerie - nastavení - Vodoznak - text',	'<p>Pokud je vyplněn text vodoznaku, pak se tento text vkládá automaticky do střední a velké fotky galerie jako ochrana před odcizením a použitím fotky cizím jménem.</p>',	'',	'Pokud je vyplněn text vodoznaku, pak se tento text vkládá automaticky do střední a velké fotky galerie jako ochrana před odcizením a použitím fotky cizím jménem.'),
(321,	'Galerie - nastavení - Barva textu ve vodoznaku',	'<p>Zvolte barvu textu ve vodoznaku. Standardně se použije bílá.</p>',	'',	'Zvolte barvu textu ve vodoznaku. Standardně se použije bílá.'),
(322,	'Diskuze - Počet příspěvků na stránku',	'<p>Počet diskuzních příspěvků na jedné stránce. Pokud bude příspěvků více než se zobrazí na jedné stránce, zobrazí se pod seznamem diskuzních příspěvků stránkování.</p>',	'',	'Počet diskuzních příspěvků na jedné stránce. Pokud bude příspěvků více než se zobrazí na jedné stránce, zobrazí se pod seznamem diskuzních příspěvků stránkování.'),
(324,	'Statistiky - nastavení - email pro zasílání reportů',	'<p>Email, na který budou zasílány statistické reporty o návštěvnosti webu. Pokud email není vyplněn, reporty se nebudou odesílat.</p>',	'',	'Email, na který budou zasílány statistické reporty o návštěvnosti webu. Pokud email není vyplněn, reporty se nebudou odesílat.'),
(325,	'Statistiky - nastavení - upozornění na pokles návštěvnosti',	'<p>Pokud návštěvnost webu z předešlého dne překročí zadanou spodní hranici, bude odeslán email s upozorněním. Pokud je hranice nastavena na 0, report nebude odeslán.</p>',	'',	'Pokud návštěvnost webu z předešlého dne překročí zadanou spodní hranici, bude odeslán email s upozorněním. Pokud je hranice nastavena na 0, report nebude odeslán.'),
(326,	'Statistika - nastavení - informace o návštěvnosti každý den',	'<p>Každý den bude zaslán statistický report s informacemi o návštěvnosti z předešlého dne.</p>',	'',	'Každý den bude zaslán statistický report s informacemi o návštěvnosti z předešlého dne.'),
(327,	'Statistika - nastavení - informace o návštěvnosti každý týden',	'<p>Jednou týdně bude zaslán statistický report s informacemi o návštěvnosti z předešlého týdne.</p>',	'',	'Jednou týdně bude zaslán statistický report s informacemi o návštěvnosti z předešlého týdne.'),
(328,	'Statistika - nastavení - informace o návštěvnosti každý měsíc',	'<p>Jednou měsíčně bude zaslán statistický report informující o návštěvnosti z minulého měsíce.</p>',	'',	'Jednou měsíčně bude zaslán statistický report informující o návštěvnosti z minulého měsíce.'),
(329,	'Facebook - App Secret',	'<p>App Secret je číslo generováno Facebookem při zakládání aplikace. Je důležité pro správnou funkci některých facebook aplikací na webu.</p>',	'',	'App Secret je číslo generováno Facebookem při zakládání aplikace. Je důležité pro správnou funkci některých facebook aplikací na webu.'),
(330,	'Facebook - Komentáře - počet komentářů na jednu stránku',	'<p>Počet komentářů na jednu stránku. Pokud bude komentářů více, zobrazí se po komentáři tlačítko na rozkrytí dalších komentářů.</p>',	'',	'Počet komentářů na jednu stránku. Pokud bude komentářů více, zobrazí se po komentáři tlačítko na rozkrytí dalších komentářů.'),
(331,	'Facebook - Komentáře - šířka boxu',	'<p>Šířka boxu, ve kterém se vypisují facebook komentáře.</p>',	'',	'Šířka boxu, ve kterém se vypisují facebook komentáře.'),
(332,	'Facebook - Likebox - šířka boxu',	'<p>Šířka boxu Facebook LikeBox. Minimální podporovaná šířka je 272px.</p>',	'',	'Šířka boxu Facebook LikeBox. Minimální podporovaná šířka je 272px.'),
(333,	'Facebook - Likebox - výška boxu',	'<p>Výška boxu Facebook Likebox.</p>',	'',	'Výška boxu Facebook Likebox.'),
(334,	'Google webmaster tools - ověřovací kod',	'<p>Google webmaster tools - ověřovací kod. Pomocí tohoto kodu bude web propojen se službou pro vylepšování viditelnosti webu ve vyhledávači Google. Služba poskytuje zprávu o viditelnosti stránek ve vyhledávači Google.</p>',	'',	'Google webmaster tools - ověřovací kod. Pomocí tohoto kodu bude web propojen se službou pro vylepšování viditelnosti webu ve vyhledávači Google. Služba poskytuje zprávu o viditelnosti stránek ve vyhledávači Google.'),
(335,	'Vyhledávání - počet výsledků na jedné stránce',	'<p>Počet výsledků vyhledávání na jedné stránce. Pokud bude vyhledáno více záznamů, zobrazí se pod výsledky vyhledávání stránkování.</p>',	'',	'Počet výsledků vyhledávání na jedné stránce. Pokud bude vyhledáno více záznamů, zobrazí se pod výsledky vyhledávání stránkování.'),
(336,	'Kontrola odkazů - kontrolovat ihned při ukládání',	'<p>Odkazy jsou defaultně kontrolovány ihned při ukládání obsahu stránky/novinky/článku/galerie/boxu. Pokud je tato volba povolena, může ukládání trvat déle než obvykle. Pokud vás tato funkce zdržuje od práce, můžete ji vypnout. Doporučujeme však mít ji zapnutou.</p>',	'',	'Odkazy jsou defaultně kontrolovány ihned při ukládání obsahu stránky/novinky/článku/galerie/boxu. Pokud je tato volba povolena, může ukládání trvat déle než obvykle. Pokud vás tato funkce zdržuje od práce, můžete ji vypnout. Doporučujeme však mít ji zapnutou.'),
(337,	'Zálohy obsahu - Počet uchovávaných záloh pro každou stránku',	'<p>Maximální počet uchovávaných záloh každé stránky, článku, novinky atd. Nejstarší zálohy se následně ihned mažou.</p>',	'',	'Maximální počet uchovávaných záloh každé stránky, článku, novinky atd. Nejstarší zálohy se následně ihned mažou.'),
(338,	'Logování akcí - počet uchovávaných záznamů',	'<p>Maximální počet uchovávaných záznamů o akcích provedených v redakčním systému. Nejstarší záznamy se následně automaticky mažou.</p>',	'',	'Maximální počet uchovávaných záznamů o akcích provedených v redakčním systému. Nejstarší záznamy se následně automaticky mažou.'),
(339,	'Kontrola odkazů - počet odkazů pro jednorázovou kontrolu ajaxem',	'<p>Maximální počet jednorázově zkontrolovaných odkazů při každém zavolání skriptu na kontrolu dávky odkazů. Čím je číslo menší, tím lépe vypadá progress bar, který znázorňuje průběh kontroly odkazů. Čím je číslo vyšší, tím je kontrola rychlejší, ale progress bar skáče po velkých částech a nevypadá to pěkně.</p>',	'',	'Maximální počet jednorázově zkontrolovaných odkazů při každém zavolání skriptu na kontrolu dávky odkazů. Čím je číslo menší, tím lépe vypadá progress bar, který znázorňuje průběh kontroly odkazů. Čím je číslo vyšší, tím je kontrola rychlejší, ale progress bar skáče po velkých částech a nevypadá to pěkně.'),
(340,	'Záloha databáze - použití GZ komprese',	'<p>Pokud je použita při záloze databáze GZ komprese je výsledná záloha mnohem menší než nezkomprimovaná. Ušetří se tak místo na disku.</p>',	'',	'Pokud je použita při záloze databáze GZ komprese je výsledná záloha mnohem menší než nezkomprimovaná. Ušetří se tak místo na disku.'),
(341,	'Nastavení - Maximální počet přiložených příloh k emailu',	'<p>Maximální počet souborů, které lze připojit k emailu např. v newsletterové kampani.</p>',	'',	'Maximální počet souborů, které lze připojit k emailu např. v newsletterové kampani.'),
(342,	'Nastavení - Maximální počet uploadovaných souborů',	'<p>Maximální počet jednorázově uploadovaných souborů, např. nahrávání obrázku v galerii.</p>',	'',	'Maximální počet jednorázově uploadovaných souborů, např. nahrávání obrázku v galerii.'),
(343,	'Nastavení - míra komprese jpeg souborů',	'<p>Akceptovány jsou hodnoty 1 - 100. Tato hodnota určuje kvalitu nahraného obrázku. Čím vyšší je míra komprese (čím nižší číslo), tím více ztrácí fotka na kvalitě.</p>',	'',	'Akceptovány jsou hodnoty 1 - 100. Tato hodnota určuje kvalitu nahraného obrázku. Čím vyšší je míra komprese (čím nižší číslo), tím více ztrácí fotka na kvalitě.'),
(344,	'Nastavení - limit odeslání emailů',	'<p>Skript pro časované rozesílání emailů se spouští v určitých intervalech. Při jednom spouštění tohoto skriptu dojde k odeslání zde nastaveného počtu emailů. Při opětovných spuštěních se odesílají emaily, které ještě nebyly rozeslány.</p>',	'',	'Skript pro časované rozesílání emailů se spouští v určitých intervalech. Při jednom spouštění tohoto skriptu dojde k odeslání zde nastaveného počtu emailů. Při opětovných spuštěních se odesílají emaily, které ještě nebyly rozeslány.'),
(345,	'nastavení - limit chybně odeslaných emailů',	'<p>Určuje po kolika bezprostředně po sobě chybně odeslaných emailech dojde k přerušení skriptu z bezpečnostních důvodů. Mohlo by jinak docházet z důvodu chyby serveru k chybnému rozesílání i nadále. K dalšímu rozeslání emailů dojde při dalším spuštění skriptu.</p>',	'',	'Určuje po kolika bezprostředně po sobě chybně odeslaných emailech dojde k přerušení skriptu z bezpečnostních důvodů. Mohlo by jinak docházet z důvodu chyby serveru k chybnému rozesílání i nadále. K dalšímu rozeslání emailů dojde při dalším spuštění skriptu.'),
(346,	'Nastavení - Počet záznamů zobrazených v cms ve výpisu položek na jedné stránce',	'<p>Maximální počet položek zobrazených v tabulce, např. ve výpisu stránek, článků, novinek, boxů, galerií, výpisu logů atd.</p>',	'',	'Maximální počet položek zobrazených v tabulce, např. ve výpisu stránek, článků, novinek, boxů, galerií, výpisu logů atd.'),
(347,	'Nastavení - Ukládat stavy řazení výpisů pro opětovný návrat na stránku',	'<p>Při každém seřazení tabulky záznamů dojde k uložení do cookies a tím se zapamatuje řazení podle určitého sloupce tabulky pro případ opětovného návratu na výpis záznamů.</p>',	'',	'Při každém seřazení tabulky záznamů dojde k uložení do cookies a tím se zapamatuje řazení podle určitého sloupce tabulky pro případ opětovného návratu na výpis záznamů.'),
(348,	'Nastavení - verze redakčního sytému',	'<p>Aktuální verze redakčního systému</p>',	'',	'Aktuální verze redakčního systému'),
(349,	'Nastavení - Název redakčního systému',	'Název redakčního systému se používá v titulku redakčního systému a popř. vystupuje i jako název odesílatele některých emailů.',	'',	'Název redakčního systému se používá v titulku redakčního systému a popř. vystupuje i jako název odesílatele některých emailů.'),
(350,	'Home sekce Logování akcí',	'<p>Přehled všech činností, které provedli uživatelé redakčního systému. Snadno tak zjistíte kdy, kdo a jakou činnost prováděl. Například kdy uživatel Jeník smazal stránku s Kontakty, nebo kdy uživatelka Vlasta upravila text v článku o bydlení, kdy a v kolik hodin se přihlásil do systému Honza a nebo kdo před týdnem nahrával fotky do galerie.</p>',	'',	'Přehled všech činností, které provedli uživatelé redakčního systému. Snadno tak zjistíte kdy, kdo a jakou činnost prováděl. Například kdy uživatel Jeník smazal stránku s Kontakty, nebo kdy uživatelka Vlasta upravila text v článku o bydlení, kdy a v kolik hodin se přihlásil do systému Honza a nebo kdo před týdnem nahrával fotky do galerie.'),
(351,	'Home sekce Chybné odkazy',	'<p>Přehled všech odkazů, které vedou na neexistující nebo dočasně nedostupnou stránku nebo obrázek či jiný soubor.<br />\r\nMůžete spustit kontrolu odkazů a zkontrolovat tak odkazy znovu. Pokud je to systémem povoleno, odkazy jsou<br />\r\nstandardně kontrolovány při ukládání stránek, článků, novinek atd.</p>',	'',	'Přehled všech odkazů, které vedou na neexistující nebo dočasně nedostupnou stránku nebo obrázek či jiný soubor.\r\nMůžete spustit kontrolu odkazů a zkontrolovat tak odkazy znovu. Pokud je to systémem povoleno, odkazy jsou\r\nstandardně kontrolovány při ukládání stránek, článků, novinek atd.'),
(352,	'Home - seznam šablon panelů',	'<p>Přehled šablon panelů neboli editovatelných oblastí webu. Můžete tak vytvořit šablonu a tu pak přiřadit stránce a určit tak, aby se například na dané stránce zobrazoval v hlavičce reklamní banner a v pravém sloupci seznam novinek. Další šablonu pak můžete přiřadit jiné stránce, na které se bude zobrazovat v hlavičce jiný banner a pravém sloupci kontaktní formulář apod.</p>',	'',	'Přehled šablon panelů neboli editovatelných oblastí webu. Můžete tak vytvořit šablonu a tu pak přiřadit stránce a určit tak, aby se například na dané stránce zobrazoval v hlavičce reklamní banner a v pravém sloupci seznam novinek. Další šablonu pak můžete přiřadit jiné stránce, na které se bude zobrazovat v hlavičce jiný banner a pravém sloupci kontaktní formulář apod.'),
(353,	'Home - Překlady webu',	'<p>Překlady webů obsahují texty, které se objevují na webu na místech, které nemůžete běžným způsobem ovlivňovat. Můžete tak ovlivnit překlady pro tolik jazykových mutací, kolik jich obsahuje váš web.</p>',	'',	'Překlady webů obsahují texty, které se objevují na webu na místech, které nemůžete běžným způsobem ovlivňovat. Můžete tak ovlivnit překlady pro tolik jazykových mutací, kolik jich obsahuje váš web.'),
(354,	'Home - osobní údaje',	'<p>V části osobní údaje můžete změnit nastavení jazykové verze redakčního systému, vzhled redakčního systému, změnit heslo pro přístup k redakčnímu systému, nastavit úvodní stránku redakčního systému a najdete zde mnoho informací o vašem účtu.</p>',	'',	'V části osobní údaje můžete změnit nastavení jazykové verze redakčního systému, vzhled redakčního systému, změnit heslo pro přístup k redakčnímu systému, nastavit úvodní stránku redakčního systému a najdete zde mnoho informací o vašem účtu.'),
(355,	'Home - nastavení',	'<p>Přehled veškerých nastavení, které můžete ovlivnit. Najdete zde nastavení téměř pro všechny moduly a funkce redakčního systému, ale i nastavení pro web.</p>',	'',	'Přehled veškerých nastavení, které můžete ovlivnit. Najdete zde nastavení téměř pro všechny moduly a funkce redakčního systému, ale i nastavení pro web.'),
(356,	'články - seznam rubrik',	'<p>Přehled stránek s články (rubriky). Rubrika obsahuje články. Na webu je rubrika zobrazena jako seznam článků z dané rubriky. Smazat rubriku je možné jen tehdy, pokud neobsahuje žádné články. Rubriku lze smazat v modulu Stránky v přehledu stránek.</p>',	'',	'Přehled stránek s články (rubriky). Rubrika obsahuje články. Na webu je rubrika zobrazena jako seznam článků z dané rubriky. Smazat rubriku je možné jen tehdy, pokud neobsahuje žádné články. Rubriku lze smazat v modulu Stránky v přehledu stránek.'),
(357,	'Novinky',	'<p>Novinky slouží k prezentování aktuálních událostí ve společnosti, na webu či jinde. Seznam novinek se na webu vypisuje na stránce s novinkami. Stránku s novinkami nelze v modulu Stránky smazat, protože se jedná o systémovou stránku.</p>',	'',	'Novinky slouží k prezentování aktuálních událostí ve společnosti, na webu či jinde. Seznam novinek se na webu vypisuje na stránce s novinkami. Stránku s novinkami nelze v modulu Stránky smazat, protože se jedná o systémovou stránku.'),
(358,	'Galerie',	'<p>Přehled obsahuje galerie fotek a složky galerie. Galerie fotek obsahuje fotky, složka galerie obsahuje další složky či galerie. V seznamu stránek v modulu Stránky najdete stránku typu Galerie, která je kořenem celé galerie. Tato stránka obsahuje složky a galerie v zanoření 0. Galerii lze smazat i v případě, že obsahuje fotky.</p>',	'',	'Přehled obsahuje galerie fotek a složky galerie. Galerie fotek obsahuje fotky, složka galerie obsahuje další složky či galerie. V seznamu stránek v modulu Stránky najdete stránku typu Galerie, která je kořenem celé galerie. Tato stránka obsahuje složky a galerie v zanoření 0. Galerii lze smazat i v případě, že obsahuje fotky.'),
(359,	'Diskuze - seznam diskuzních for',	'<p>Přehled stránek, které mají povolenou diskuzi. Diskuzní forum, neboli stránku, která má povolenou diskuzi, můžete smazat v přehledu stránek v modulu Stránky a nebo jednoduše tak, že příslušné stránce zakážete diskuzi.</p>',	'',	'Přehled stránek, které mají povolenou diskuzi. Diskuzní forum, neboli stránku, která má povolenou diskuzi, můžete smazat v přehledu stránek v modulu Stránky a nebo jednoduše tak, že příslušné stránce zakážete diskuzi.'),
(360,	'Diskuze - diskuzní příspěvky',	'<p>Přehled diskuzních příspěvků vybrané diskuze.</p>',	'',	'Přehled diskuzních příspěvků vybrané diskuze.'),
(361,	'Diskuze - Blacklist',	'<p>Seznam zakázaných IP adres. Pokud se diskuze plní spamy, můžete do blacklistu přidat IP adresu takového příspěvku. Příspěvek ze zadané IP adresy se příště v diskuzi neobjeví.</p>',	'',	'Seznam zakázaných IP adres. Pokud se diskuze plní spamy, můžete do blacklistu přidat IP adresu takového příspěvku. Příspěvek ze zadané IP adresy se příště v diskuzi neobjeví.'),
(362,	'Diskuze - blacklist - nová ip adresa',	'<p>IP adresa může mít tvar např. 100.100.155.15 nebo může být i ve tvaru s maskou, např. 20.20.*. Následně diskuzní příspěvky např. z IP adres 20.20.1.2, 20.20.2.155, 20.20.111.250 apod. nebudou zobrazeny.</p>',	'',	'IP adresa může mít tvar např. 100.100.155.15 nebo může být i ve tvaru s maskou, např. 20.20.*. Následně diskuzní příspěvky např. z IP adres 20.20.1.2, 20.20.2.155, 20.20.111.250 apod. nebudou zobrazeny.'),
(363,	'Diskuze - filtr příspěvků',	'<p>Filtr příspěvků slouží k detekci zakázaných výrazů v diskuzních příspěvcích. Pokud např. vytvoříte filtr \"viag*\", příspěvky obsahující slova jako viagra, viagggra nebo ViaGRRA budou označeny jako závadné.</p>',	'',	'Filtr příspěvků slouží k detekci zakázaných výrazů v diskuzních příspěvcích. Pokud např. vytvoříte filtr \"viag*\", příspěvky obsahující slova jako viagra, viagggra nebo ViaGRRA budou označeny jako závadné.'),
(364,	'Diskuze - Filtr - editace filtru',	'<p>Zadávejte výrazy ve tvaru např. viagra, viagra*, *viagra, *viagra*. Maska je povolena pouze na konci a na začátku výrazu. Hvězdička zastupuje libovolné znaky.</p>',	'',	'Zadávejte výrazy ve tvaru např. viagra, viagra*, *viagra, *viagra*. Maska je povolena pouze na konci a na začátku výrazu. Hvězdička zastupuje libovolné znaky.'),
(365,	'Editboxy - editbox kolotoč - obsah',	'<p>Obsahem carouselu jsou boxy. Vyberte boxy, které se budou v carouselu střídat.</p>',	'',	'Obsahem carouselu jsou boxy. Vyberte boxy, které se budou v carouselu střídat.'),
(366,	'Editboxy - editbox kolotoč - sledovat prokliky',	'<p>Pokud je tato volba aktivována, každé kliknutí do boxu se započítá do statistik. Tuto volbu je vhodné používat pokud např. vystavujete na webu reklamní bannery a chcete mít pod kontrolou počet kliknutí.</p>',	'',	'Pokud je tato volba aktivována, každé kliknutí do boxu se započítá do statistik. Tuto volbu je vhodné používat pokud např. vystavujete na webu reklamní bannery a chcete mít pod kontrolou počet kliknutí.'),
(368,	'Editboxy - střídání',	'<p>Náhodné střídání bude zobrazovat boxy náhodně při každém obnovení stránky. Carousel s rovnoměrným střídáním bude boxy zobrazovat jeden po druhém jak jdou po sobě při každém obnovení stránky. Carousel s dynamickým střídáním bude boxy zobrazovat rovnoměrně po sobě bez obnovení stránky.</p>',	'',	'Náhodné střídání bude zobrazovat boxy náhodně při každém obnovení stránky. Carousel s rovnoměrným střídáním bude boxy zobrazovat jeden po druhém jak jdou po sobě při každém obnovení stránky. Carousel s dynamickým střídáním bude boxy zobrazovat rovnoměrně po sobě bez obnovení stránky.'),
(369,	'Editboxy - efekt',	'<p>Efekt určuje způsob střídání boxů v carouselu bez obnovení stránky.</p>',	'',	'Efekt určuje způsob střídání boxů v carouselu bez obnovení stránky.'),
(370,	'Editboxy - prodleva',	'<p>Prodleva určuje čas v sekundách než dojde ke zobrazení dalšícho editobxu v pořadí.</p>',	'',	'Prodleva určuje čas v sekundách než dojde ke zobrazení dalšícho editobxu v pořadí.'),
(371,	'Editbox - rychlost efektu',	'<p>Určuje rychlost výměny dvou boxů v sekundách.</p>',	'',	'Určuje rychlost výměny dvou boxů v sekundách.'),
(372,	'Statistiky - návštěvnost webu',	'<p>Statistiky návštěvnosti webu vykreslí 2 grafy - <strong>Návštěvnost webu a Noví vs. vracející se návštěvníci</strong>. Pokud nezadáte časové rozmezí statistik od-do, pak se zobrazí grafy počínaje prvním dnem aktuálního měsíce a konče aktuálním dnem. Pozn.: statistika návštěvnosti využívá dat uložených v Google Analytics, pokud není na vašem webu nainstalován měřící kod a v nastavení statistik nejsou uvedeny požadované údaje, nelze statistiku zobrazit.</p>',	'',	'Statistiky návštěvnosti webu vykreslí 2 grafy - Návštěvnost webu a Noví vs. vracející se návštěvníci. Pokud nezadáte časové rozmezí statistik od-do, pak se zobrazí grafy počínaje prvním dnem aktuálního měsíce a konče aktuálním dnem. Pozn.: statistika návštěvnosti využívá dat uložených v Google Analytics, pokud není na vašem webu nainstalován měřící kod a v nastavení statistik nejsou uvedeny požadované údaje, nelze statistiku zobrazit.'),
(373,	'Statistiky - návštěvnost stránek',	'<p>Statistiky návštěvnosti stránek vykreslí jeden graf - <strong>Zobrazení stránek</strong>. Pokud nezadáte časové rozmezí statistik od-do, pak se zobrazí grafy počínaje prvním dnem aktuálního měsíce a konče aktuálním dnem. Pozn.: statistika návštěvnosti využívá dat uložených v Google Analytics, pokud není na vašem webu nainstalován měřící kod a v nastavení statistik nejsou uvedeny požadované údaje, nelze statistiku zobrazit.</p>',	'',	'Statistiky návštěvnosti stránek vykreslí jeden graf - Zobrazení stránek. Pokud nezadáte časové rozmezí statistik od-do, pak se zobrazí grafy počínaje prvním dnem aktuálního měsíce a konče aktuálním dnem. Pozn.: statistika návštěvnosti využívá dat uložených v Google Analytics, pokud není na vašem webu nainstalován měřící kod a v nastavení statistik nejsou uvedeny požadované údaje, nelze statistiku zobrazit.'),
(374,	'Statistiky - Zdroje návštěvnosti',	'<p>Statistiky zdrojů návštěvnosti vykreslí graf <strong>Zdroje návštěvnosti</strong> a 2 tabulky - Odkazující stránky a Klíčová slova. Kliknutím do názvu sloupce tabulky můžete záznamy třídit podle daného sloupce vzestupně nebo sestupně. Pokud nezadáte časové rozmezí statistik od-do, pak se zobrazí grafy počínaje prvním dnem aktuálního měsíce a konče aktuálním dnem. Pozn.: statistika návštěvnosti využívá dat uložených v Google Analytics, pokud není na vašem webu nainstalován měřící kod a v nastavení statistik nejsou uvedeny požadované údaje, nelze statistiku zobrazit.</p>',	'',	'Statistiky zdrojů návštěvnosti vykreslí graf Zdroje návštěvnosti a 2 tabulky - Odkazující stránky a Klíčová slova. Kliknutím do názvu sloupce tabulky můžete záznamy třídit podle daného sloupce vzestupně nebo sestupně. Pokud nezadáte časové rozmezí statistik od-do, pak se zobrazí grafy počínaje prvním dnem aktuálního měsíce a konče aktuálním dnem. Pozn.: statistika návštěvnosti využívá dat uložených v Google Analytics, pokud není na vašem webu nainstalován měřící kod a v nastavení statistik nejsou uvedeny požadované údaje, nelze statistiku zobrazit.'),
(375,	'Statistiky - nejlepší stránky',	'<p>Statistiky nejlepší stránky vykreslí tabulku <strong>Statistika stránek</strong>. Kliknutím do názvu sloupce tabulky můžete záznamy třídit podle daného sloupce vzestupně nebo sestupně. Pokud nezadáte časové rozmezí statistik od-do, pak se zobrazí grafy počínaje prvním dnem aktuálního měsíce a konče aktuálním dnem. Pozn.: statistika návštěvnosti využívá dat uložených v Google Analytics, pokud není na vašem webu nainstalován měřící kod a v nastavení statistik nejsou uvedeny požadované údaje, nelze statistiku zobrazit.</p>',	'',	'Statistiky nejlepší stránky vykreslí tabulku Statistika stránek. Kliknutím do názvu sloupce tabulky můžete záznamy třídit podle daného sloupce vzestupně nebo sestupně. Pokud nezadáte časové rozmezí statistik od-do, pak se zobrazí grafy počínaje prvním dnem aktuálního měsíce a konče aktuálním dnem. Pozn.: statistika návštěvnosti využívá dat uložených v Google Analytics, pokud není na vašem webu nainstalován měřící kod a v nastavení statistik nejsou uvedeny požadované údaje, nelze statistiku zobrazit.'),
(376,	'Uživatelé - Seznam uživatelů',	'<p>Přehled uživatelů redakčního systému.</p>',	'',	'Přehled uživatelů redakčního systému.'),
(377,	'Domény - seznam domén',	'<p>Přehled domén webů napojených na redakční systém. Smazáním domény příjdete o veškerá data daného webu.</p>',	'',	'Přehled domén webů napojených na redakční systém. Smazáním domény příjdete o veškerá data daného webu.'),
(378,	'Admin - překlady administrace',	'<p>Překlady všech textů, které se nacházejí v redakčním systému.</p>',	'',	'Překlady všech textů, které se nacházejí v redakčním systému.'),
(379,	'Admin - překlady nápovědy',	'<p>Přehled nápověd, které se objevují v redakčním systému jako bublinová nápověda nebo jako úvodní odstavec části modulu nebo jako popis části stránky.</p>',	'',	'Přehled nápověd, které se objevují v redakčním systému jako bublinová nápověda nebo jako úvodní odstavec části modulu nebo jako popis části stránky.'),
(380,	'Admin - zálohy databáze',	'<p>Přehled vytvořených záloh databáze prostřednictvím redakčního systému. <strong>Nedoporučujeme </strong>ponechávat vytvořené zálohy na serveru. Zálohu si vždy raději stáhněte k sobě do počítače a smažte ze serveru, aby nedošlo k jejímu zneužití.</p>',	'',	'Přehled vytvořených záloh databáze prostřednictvím redakčního systému. Nedoporučujeme ponechávat vytvořené zálohy na serveru. Zálohu si vždy raději stáhněte k sobě do počítače a smažte ze serveru, aby nedošlo k jejímu zneužití.'),
(381,	'Kontaktní formulář - email',	'<p>Email, na který budou odesílány vyplněné kontaktní formuláře. Pokud email nevyplníte, nebudou zprávy odesílány.</p>',	'',	'Email, na který budou odesílány vyplněné kontaktní formuláře. Pokud email nevyplníte, nebudou zprávy odesílány.'),
(382,	'Galerie - kopírovat fotky z galerie',	'<p>Pokud chcete zkopírovat fotky z některé z existujících galerií do této galerie, pak vyberte galerii, ze které se budou fotky kopírovat. Při kopírování bude ověřováno, zda se již v galerii daná fotka nenachází. Pokud je již v této galerii fotka obsažena, nebude kopírována. Fotky, které jsou dosud v galerii uloženy, nebudou nahrazeny ani smazány.</p>',	'',	'Pokud chcete zkopírovat fotky z některé z existujících galerií do této galerie, pak vyberte galerii, ze které se budou fotky kopírovat. Při kopírování bude ověřováno, zda se již v galerii daná fotka nenachází. Pokud je již v této galerii fotka obsažena, nebude kopírována. Fotky, které jsou dosud v galerii uloženy, nebudou nahrazeny ani smazány.'),
(383,	'Kalendář akcí -typ akce  - barva',	'<p>Každá akce tohoto typu bude v kalendáři akcí na webu odlišena touto barvou.</p>',	'',	'Každá akce tohoto typu bude v kalendáři akcí na webu odlišena touto barvou.'),
(384,	'Kalendář akcí - Maximální šířka náhledového obrázku',	'<p>Maximální šířka náhledové fotky ke kalendářní akci. Fotka se většinou zobrazuje na stránce se seznamem kalendářních akcí. Zadání rozměrů přenechte kodérovi nebo programátorovi.</p>',	'',	'Maximální šířka náhledové fotky ke kalendářní akci. Fotka se většinou zobrazuje na stránce se seznamem kalendářních akcí. Zadání rozměrů přenechte kodérovi nebo programátorovi.'),
(385,	'Kalendář akcí - maximální výška náhledového obrázku',	'<p>Maximální výška náhledové fotky ke kalendářní akci. Fotka se většinou zobrazuje na stránce se seznamem kalendářních akcí. Zadání rozměrů přenechte kodérovi nebo programátorovi.</p>',	'',	'Maximální výška náhledové fotky ke kalendářní akci. Fotka se většinou zobrazuje na stránce se seznamem kalendářních akcí. Zadání rozměrů přenechte kodérovi nebo programátorovi.'),
(386,	'Kalendář akcí - počet akcí na stránku',	'<p>Počet akcí, které se zobrazí na jedné stránce. Pokud bude kalendářních akcí více než nastavený počet, zobrazí se pod akcemi stránkování.</p>',	'',	'Počet akcí, které se zobrazí na jedné stránce. Pokud bude kalendářních akcí více než nastavený počet, zobrazí se pod akcemi stránkování.'),
(387,	'Články - nastavení - Tagy',	'<p>Štítky u článku určují jeho relevanci vůči ostatním článkům. Na základě štítků se vypisují související články pod daným článkem. Články zadáváte rychle a jednoduše oddělováním jednotlivých štítků čárkou. Pokud štítek neexistuje, je automaticky vytvořen. Štítky můžete spravovat v Seznamu štítků.<br />\r\n&nbsp;</p>',	'',	'Štítky u článku určují jeho relevanci vůči ostatním článkům. Na základě štítků se vypisují související články pod daným článkem. Články zadáváte rychle a jednoduše oddělováním jednotlivých štítků čárkou. Pokud štítek neexistuje, je automaticky vytvořen. Štítky můžete spravovat v Seznamu štítků.\r\n&nbsp;'),
(388,	'Články - seznam štítků',	'<p>Štítky u článků slouží k určení souvislosti mezi jednotlivými články. Na základě štítků se vypisují související články pod daným článkem.</p>',	'',	'Štítky u článků slouží k určení souvislosti mezi jednotlivými články. Na základě štítků se vypisují související články pod daným článkem.'),
(389,	'Nastavení - počet souvisejících článků',	'<p>Maximální počet souvisejících článků/stránek/novinek vypsaných pod obsahem.</p>',	'',	'Maximální počet souvisejících článků/stránek/novinek vypsaných pod obsahem.'),
(390,	'Nastavení - počet posledních komentářů v diskuzi',	'<p>Počet posledních komentářů napříč všemi diskuzemi zobrazených v boxu.</p>',	'',	'Počet posledních komentářů napříč všemi diskuzemi zobrazených v boxu.'),
(391,	'Nastavení - ID stránky se štítky',	'<p>Vyberte stránku, která bude obsahovat seznam štítků.</p>',	'',	'Vyberte stránku, která bude obsahovat seznam štítků.'),
(392,	'Nastavení - ID stránky s kalendářem akcí',	'<p>Vyberte stránku, která bude obsahovat kalendář akcí.</p>',	'',	'Vyberte stránku, která bude obsahovat kalendář akcí.'),
(393,	'Nastavení - ID stránky s novinkami',	'<p>Vyberte stránku, která bude obsahovat novinky.</p>',	'',	'Vyberte stránku, která bude obsahovat novinky.'),
(394,	'Nastavení - ID stránky s galerií',	'<p>Vyberte základní kořenovou stránku pro celou galerii fotek.</p>',	'',	'Vyberte základní kořenovou stránku pro celou galerii fotek.'),
(395,	'Nastavení - ID stránky s výsledky vyhledávání',	'<p>Vyberte stránku, která bude obsahovat výsledky vyhledávání</p>',	'',	'Vyberte stránku, která bude obsahovat výsledky vyhledávání'),
(396,	'Nastavení - ID stránky s mapou webu',	'<p>Vyberte stránku, která bude obsahovat stromu webu - mapu webu.</p>',	'',	'Vyberte stránku, která bude obsahovat stromu webu - mapu webu.'),
(398,	'Rss - výrazy',	'<p>Každý filtrovací výraz zadávejte na jeden řádek.</p>',	'',	'Každý filtrovací výraz zadávejte na jeden řádek.'),
(397,	'rss - URL',	'<p>Url adresy RSS feedů zadávejte na každý řádek zvlášť. Jedna url adresa = jeden řádek. Každý řádek musí být ve tvaru NAZEV;POUZIT_FILTR;URL_ADRESA_RSS. Např. policejnidenik.cz;1;policejnidenik.cz/feed - 1 znamená, že bude na články z daného zdroje aplikován filtr slov.</p>',	'',	'Url adresy RSS feedů zadávejte na každý řádek zvlášť. Jedna url adresa = jeden řádek. Každý řádek musí být ve tvaru NAZEV;POUZIT_FILTR;URL_ADRESA_RSS. Např. policejnidenik.cz;1;policejnidenik.cz/feed - 1 znamená, že bude na články z daného zdroje aplikován filtr slov.'),
(399,	'Články - poznámka redakce',	'<p>Zde napište důvod přepnutí článku zpět na stav Rozpracováno nebo proč byl článek zamítnut. Poznámku uvidí redaktor.</p>',	'',	'Zde napište důvod přepnutí článku zpět na stav Rozpracováno nebo proč byl článek zamítnut. Poznámku uvidí redaktor.'),
(400,	'článek - poznámka redakce pro editora',	'<p>Poznámka redakce může obsahovat důvod zamítnutí článku nebo proč neprošel článek kontrolou.</p>',	'',	'Poznámka redakce může obsahovat důvod zamítnutí článku nebo proč neprošel článek kontrolou.'),
(401,	'Nastavení - články - odesílat upozornění při změně stavu editorem',	'<p>Pokud povolíte tuto funkci, bude při změně stavu článku editorem/vydavatelem (na rozepsáno, zamítnuto, hotovo ) odesláno upozornění zakladateli článku (redaktorovi).<br />\r\n&nbsp;</p>',	'',	'Pokud povolíte tuto funkci, bude při změně stavu článku editorem/vydavatelem (na rozepsáno, zamítnuto, hotovo ) odesláno upozornění zakladateli článku (redaktorovi).\r\n&nbsp;'),
(402,	'Články - stavy',	'<p>Pokud je článek ve stavu Hotovo, pak je povoleno jeho zobrazení na webu. Pokud je ve stavu rozepsáno, pak to označuje stav, kdy se na článku ještě pracuje. Pokud je článek ve stavu odmítnuto, pak není možné článek redaktorem přepnout do jiného stavu. Pokud je ve stavu Ke kontrole, pak článek čeká na vyjádření nebo kontrolu vydavatele článku. Redaktor může přepínat mezi stavy Rozepsáno a Ke kontrole. Vydavatelé mohou měnit libovolné stavy.</p>',	'',	'Pokud je článek ve stavu Hotovo, pak je povoleno jeho zobrazení na webu. Pokud je ve stavu rozepsáno, pak to označuje stav, kdy se na článku ještě pracuje. Pokud je článek ve stavu odmítnuto, pak není možné článek redaktorem přepnout do jiného stavu. Pokud je ve stavu Ke kontrole, pak článek čeká na vyjádření nebo kontrolu vydavatele článku. Redaktor může přepínat mezi stavy Rozepsáno a Ke kontrole. Vydavatelé mohou měnit libovolné stavy.'),
(403,	'články - související články a štítky',	'<p>Související články můžete definovat dvěma způsoby - buď přímo výběrem souvisejících článků a nebo nepřímo určením štítků článku. Související články mají při zobrazování odkazů souvisejících článků pod článkem na webu větší prioritu než články generované pomocí štítků. To znamená, že nejdříve budou vypisovány články zadané jako související a poté budou vypisovány odkazy na související články na základě nejvyšších počtů shod štítků.</p>',	'',	'Související články můžete definovat dvěma způsoby - buď přímo výběrem souvisejících článků a nebo nepřímo určením štítků článku. Související články mají při zobrazování odkazů souvisejících článků pod článkem na webu větší prioritu než články generované pomocí štítků. To znamená, že nejdříve budou vypisovány články zadané jako související a poté budou vypisovány odkazy na související články na základě nejvyšších počtů shod štítků.'),
(404,	'Uživatelé - Seznam skupin',	'<p>Uživatelé se řadí do skupin. Každá skupina uživatelů pak může mít přístup k jiné části webu.</p>',	'',	'Uživatelé se řadí do skupin. Každá skupina uživatelů pak může mít přístup k jiné části webu.'),
(408,	'eshop - seznam kategorií produktu',	'<p>Přehled kategorií produktů. Kategorie produktu obsahuje produkty. Na webu je kategorie produktů zobrazena jako seznam produktů z dané kategorie produktů. Smazat kategorii produktů je možné jen tehdy, pokud neobsahuje žádné produkty. Kategorii produktů lze smazat v modulu Stránky v přehledu stránek.</p>',	'',	'Přehled kategorií produktů. Kategorie produktu obsahuje produkty. Na webu je kategorie produktů zobrazena jako seznam produktů z dané kategorie produktů. Smazat kategorii produktů je možné jen tehdy, pokud neobsahuje žádné produkty. Kategorii produktů lze smazat v modulu Stránky v přehledu stránek.'),
(409,	'Produkt - krátký popis',	'<p>Krátký popis produktu, který se zobrazí u daného produktu v přehledu produktů</p>',	'',	'Krátký popis produktu, který se zobrazí u daného produktu v přehledu produktů'),
(410,	'Produkty - cena bez dph',	'<p>Uveďte cenu bez dph. Pokud bude výše dph nastavena v nastavení, pak se bude konečná cena s dph na webu dopočítávat automaticky. Pokud nebude cena uvedena vůbec nebo bude cena nulová, pak se cena nezobrazí ani na webu.</p>',	'',	'Uveďte cenu bez dph. Pokud bude výše dph nastavena v nastavení, pak se bude konečná cena s dph na webu dopočítávat automaticky. Pokud nebude cena uvedena vůbec nebo bude cena nulová, pak se cena nezobrazí ani na webu.'),
(411,	'Produkty - zobrazovat cenu',	'<p>Pokud zvolíte možnost Ano, cena se bude zobrazovat na webu. V opačném případě se nezobrazí.</p>',	'',	'Pokud zvolíte možnost Ano, cena se bude zobrazovat na webu. V opačném případě se nezobrazí.'),
(412,	'Produkty - maximální šířka náhledové fotky',	'<p><span class=\"search-term\">Maximální</span> <span class=\"search-term\">šířka</span> velké fotky k produktu. Fotka se zobrazuje na stránce s detailem produktu. Zadání rozměrů přenechte kodérovi nebo programátorovi.</p>',	'',	'Maximální šířka velké fotky k produktu. Fotka se zobrazuje na stránce s detailem produktu. Zadání rozměrů přenechte kodérovi nebo programátorovi.'),
(413,	'Produkty - maximální výška velké fotky',	'<p><span class=\"search-term\">Maximální</span> výška velké fotky k produktu. Fotka se zobrazuje na stránce s detailem produktu. Zadání rozměrů přenechte kodérovi nebo programátorovi.</p>',	'',	'Maximální výška velké fotky k produktu. Fotka se zobrazuje na stránce s detailem produktu. Zadání rozměrů přenechte kodérovi nebo programátorovi.'),
(414,	'Produkty - maximální šířka náhledové fotky',	'<p>Maximální šířka náhledového obrázku produktu.</p>',	'',	'Maximální šířka náhledového obrázku produktu.'),
(415,	'Produkty - maximální výška náhledové fotky',	'<p>Maximální výška náhledové fotky produktu.</p>',	'',	'Maximální výška náhledové fotky produktu.'),
(416,	'nastavení - stránky s obchodními podmínkami',	'<p>Vyberte stránku, na které se zobrazí obchodní podmínky eshopu.</p>',	'',	'Vyberte stránku, na které se zobrazí obchodní podmínky eshopu.'),
(417,	'nastavení - stránka s objednávkou',	'<p>Stránka, která obsahuje objednávkových formulář pro eshop</p>',	'',	'Stránka, která obsahuje objednávkových formulář pro eshop'),
(418,	'Nastavení - stránka pro newslettery',	'<p>Stránka, která obsahuje formulář pro přihlášení k odběru newsletterů a odhlášení z odběru newsletterů.</p>',	'',	'Stránka, která obsahuje formulář pro přihlášení k odběru newsletterů a odhlášení z odběru newsletterů.'),
(419,	'základní nastavení - Postfix titulku',	'<p>Text se připojí na konec meta tagu TITLE</p>',	'',	'Text se připojí na konec meta tagu TITLE'),
(420,	'základní nastavení - Prefix titulku',	'<p>Text se připojí na začátek meta tagu TITLE na každé stránce webu.</p>',	'',	'Text se připojí na začátek meta tagu TITLE na každé stránce webu.'),
(421,	'Nastavení - produkty - počet produktů na stránku',	'<p>Maximální počet produktů zobrazených na jedné stránce. Pro procházení dalších produktů bude použito stránkování.<br />\r\n&nbsp;</p>',	'',	'Maximální počet produktů zobrazených na jedné stránce. Pro procházení dalších produktů bude použito stránkování.\r\n&nbsp;'),
(422,	'Nastavení - produkty - zobrazovat související produkty',	'<p>Související produkty se zobrazí v detailu produktu pod obsahem pokud je volba nastavena na Ano.<br />\r\n&nbsp;</p>',	'',	'Související produkty se zobrazí v detailu produktu pod obsahem pokud je volba nastavena na Ano.\r\n&nbsp;'),
(423,	'Nastavení - počet souvisejících produktů',	'<p>Počet souvisejících produktů, které se na webu zobrazí pod obsahem v detailu produktu</p>',	'',	'Počet souvisejících produktů, které se na webu zobrazí pod obsahem v detailu produktu'),
(424,	'Produkty - nastavení - související produkty',	'<p>Odkazy na související produkty se zobrazují na webu pod obsahem produktu v sekci pro související produkty.</p>',	'',	'Odkazy na související produkty se zobrazují na webu pod obsahem produktu v sekci pro související produkty.'),
(425,	'Emaily - cron početní limit',	'<p>Maximální počet odesílaných emailů při jednom spuštění skriptu prostřednictvím služby Cron. Tento limit může být algoritmicky snižován pokud by byl vzhledem k velikosti emailů překročen i druhý limit - objemový. Oba limity je potřeba ověřit u hostingové společnosti.<br />\r\n&nbsp;</p>',	'',	'Maximální počet odesílaných emailů při jednom spuštění skriptu prostřednictvím služby Cron. Tento limit může být algoritmicky snižován pokud by byl vzhledem k velikosti emailů překročen i druhý limit - objemový. Oba limity je potřeba ověřit u hostingové společnosti.\r\n&nbsp;'),
(426,	'Emaily - cron datový limit',	'<p>Maximální datový objem odesílaných emailů při jednom spuštění skriptu prostřednictvím služby Cron. Tento limit může být algoritmicky snižován pokud by byl vzhledem k počtu odesílaných emailů překročen i druhý limit - početní. Oba limity je potřeba ověřit u hostingové společnosti. Konečný limit může být také snižován na základě již odeslaných emailů v hodinovém intervalu. Tzn. pokud za poslední hodinu bylo odesláno 100 emailů a limit je 500, pak bude odesláno maximálně 400 emailů.</p>',	'',	'Maximální datový objem odesílaných emailů při jednom spuštění skriptu prostřednictvím služby Cron. Tento limit může být algoritmicky snižován pokud by byl vzhledem k počtu odesílaných emailů překročen i druhý limit - početní. Oba limity je potřeba ověřit u hostingové společnosti. Konečný limit může být také snižován na základě již odeslaných emailů v hodinovém intervalu. Tzn. pokud za poslední hodinu bylo odesláno 100 emailů a limit je 500, pak bude odesláno maximálně 400 emailů.'),
(427,	'Emaily - text pro html verzi',	'<p>Zadejte text, kterým bude nahrazena v obsahu emailu značka {html-verze}. Část textu, která bude uzavřena ve složených závorkách bude označena jako odkaz, na který lze kliknout pro zobrazení html verze emailu v prohlížeči uživatele. Příklad: \"Pokud máte technické poroblémy, klikněte {zde}\".</p>',	'',	'Zadejte text, kterým bude nahrazena v obsahu emailu značka {html-verze}. Část textu, která bude uzavřena ve složených závorkách bude označena jako odkaz, na který lze kliknout pro zobrazení html verze emailu v prohlížeči uživatele. Příklad: \"Pokud máte technické poroblémy, klikněte {zde}\".'),
(428,	'Emaily - odhlášení z odběru',	'<p>Text pro odhlášení z odběru newsletteru. Tento text nahradí v obsahu emailu značku {odhlasit}. Část textu, která bude uzavřena ve složených závorkách bude nahrazena odkazem. Text může mít tvar např. \"Pro odhlášení z odběru klikněte {zde}\"</p>',	'',	'Text pro odhlášení z odběru newsletteru. Tento text nahradí v obsahu emailu značku {odhlasit}. Část textu, která bude uzavřena ve složených závorkách bude nahrazena odkazem. Text může mít tvar např. \"Pro odhlášení z odběru klikněte {zde}\"'),
(429,	'Emaily - Obsah newsletteru',	'<p>Do obsahu předmětu, nebo textové či html verze emailu můžete vkládat tyto značky ve složených závorkách:<br />\r\n<br />\r\n<strong>{odhlaseni}</strong> - bude nahrazeno odkazem pro odhlášení uživatele z odběru newsletterů<br />\r\n<strong>{html-verze}</strong> - bude nahrazeno odkazem pro zobrazení webové verze emailu v prohlížeči uživatele<br />\r\n<strong>{organizace}</strong> - bude nahrazeno názvem společnosti, např. Obuv Novák s.r.o.<br />\r\n<strong>{cele-jmeno}</strong> - bude nahrazeno jménem a příjmením uživatele, např. Jan Novák<br />\r\n<strong>{jmeno}</strong> - bude nahrazeno jménem uživatele, např. Jan<br />\r\n<strong>{prijmeni}</strong> - bude nahrazeno příjmením uživatele, např. Novák<br />\r\n<strong>{email-prijemce}</strong> - bude nahrazeno emailem příjemce, např. jan.novak@seznam.cz<br />\r\n<strong>{email-odesilatele}</strong> - bude nahrazeno emailem odesílatele, např. info@mujweb.cz<br />\r\n<strong>{nazev-odesilatele}</strong> - bude nahrazeno emailem příjemce, např. MůjWeb.cz<br />\r\n<strong>{osloveni}</strong> - bude nahrazeno oslovením příjemce, např. Nováku, Františku Nováku...<br />\r\n<strong>{cele-osloveni}</strong> - bude nahrazeno kompletním oslovením příjemce, např. Vážený pane Nováku, Milý zákazníku, ... (pokud je oslovení nastaveno)<br />\r\n<strong>{dnes}</strong> - bude nahrazeno aktuálním datumem ve formátu dd.mm.RRRR</p>',	'',	'Do obsahu předmětu, nebo textové či html verze emailu můžete vkládat tyto značky ve složených závorkách:\r\n\r\n{odhlaseni} - bude nahrazeno odkazem pro odhlášení uživatele z odběru newsletterů\r\n{html-verze} - bude nahrazeno odkazem pro zobrazení webové verze emailu v prohlížeči uživatele\r\n{organizace} - bude nahrazeno názvem společnosti, např. Obuv Novák s.r.o.\r\n{cele-jmeno} - bude nahrazeno jménem a příjmením uživatele, např. Jan Novák\r\n{jmeno} - bude nahrazeno jménem uživatele, např. Jan\r\n{prijmeni} - bude nahrazeno příjmením uživatele, např. Novák\r\n{email-prijemce} - bude nahrazeno emailem příjemce, např. jan.novak@seznam.cz\r\n{email-odesilatele} - bude nahrazeno emailem odesílatele, např. info@mujweb.cz\r\n{nazev-odesilatele} - bude nahrazeno emailem příjemce, např. MůjWeb.cz\r\n{osloveni} - bude nahrazeno oslovením příjemce, např. Nováku, Františku Nováku...\r\n{cele-osloveni} - bude nahrazeno kompletním oslovením příjemce, např. Vážený pane Nováku, Milý zákazníku, ... (pokud je oslovení nastaveno)\r\n{dnes} - bude nahrazeno aktuálním datumem ve formátu dd.mm.RRRR'),
(430,	'Emaily - kampaně - oslovení muže',	'<p>Zadejte obecné oslovení příjemce - muže. Např. \"Vážený pane\", \"Milý\". Pokud u daného příjemce máte nastavené pohlaví na Muž a zároveň máte vyplněno oslovení příjemce v 5.pádě, pak konečné oslovení muže bude např. \"Vážený pane Nováku\". Přičemž \"Nováku\" bude oslovení nastavené u daného příjemce.</p>',	'',	'Zadejte obecné oslovení příjemce - muže. Např. \"Vážený pane\", \"Milý\". Pokud u daného příjemce máte nastavené pohlaví na Muž a zároveň máte vyplněno oslovení příjemce v 5.pádě, pak konečné oslovení muže bude např. \"Vážený pane Nováku\". Přičemž \"Nováku\" bude oslovení nastavené u daného příjemce.'),
(431,	'Emaily - kampaně - nastavení oslovení ženy',	'<p>Zadejte obecné oslovení příjemce - ženy. Např. \"Vážená paní\", \"Milá slečno\". Pokud u daného příjemce máte nastavené pohlaví na Žena a zároveň máte vyplněno oslovení příjemce v 5.pádě, pak konečné oslovení ženy bude např. \"Vážená paní Nováková\", \"Milý slečno Nováková\". Přičemž \"Nováková\" bude oslovení nastavené u daného příjemce.</p>',	'',	'Zadejte obecné oslovení příjemce - ženy. Např. \"Vážená paní\", \"Milá slečno\". Pokud u daného příjemce máte nastavené pohlaví na Žena a zároveň máte vyplněno oslovení příjemce v 5.pádě, pak konečné oslovení ženy bude např. \"Vážená paní Nováková\", \"Milý slečno Nováková\". Přičemž \"Nováková\" bude oslovení nastavené u daného příjemce.'),
(432,	'Emaily - kampaně - nastavení oslovení ostatní',	'<p>Zadejte obecné oslovení příjemce bez nastaveného pohlaví. Např. \"Vážený uživateli\", \"Milý čtenáři\". Pokud u daného příjemce máte nastavené pohlaví na Neuvedeno a nemáte vyplněno oslovení příjemce v 5.pádě, pak konečné oslovení daného příjemce bude např. \"Vážený uživateli\", \"Milý čtenáři\"...</p>',	'',	'Zadejte obecné oslovení příjemce bez nastaveného pohlaví. Např. \"Vážený uživateli\", \"Milý čtenáři\". Pokud u daného příjemce máte nastavené pohlaví na Neuvedeno a nemáte vyplněno oslovení příjemce v 5.pádě, pak konečné oslovení daného příjemce bude např. \"Vážený uživateli\", \"Milý čtenáři\"...'),
(433,	'Emaily - kampaně - odeslat kampaň',	'<p>Pokud jste si veškerý obsah emailu zkontrolovali, odeslali jste si testovací email a vše je v pořádku, pak tuto skutečnost potvrďte zaškrnutím potvrzovacího políčka. Poté co dáte Uložit, začne se kampaň odesílat. Berte prosím na vědomí, že v případě, kdy se kampaň začne odesílat, nelze měnit obsah ani jiné údaje kampaně.</p>',	'',	'Pokud jste si veškerý obsah emailu zkontrolovali, odeslali jste si testovací email a vše je v pořádku, pak tuto skutečnost potvrďte zaškrnutím potvrzovacího políčka. Poté co dáte Uložit, začne se kampaň odesílat. Berte prosím na vědomí, že v případě, kdy se kampaň začne odesílat, nelze měnit obsah ani jiné údaje kampaně.'),
(434,	'Emaily - kampaně - odesláno emailů',	'<p>Počet reálně odeslaných emailů. Pokud je kampaň ve stavu hotovo (odesláno), pak zde zjistíte, skutečný počet úspěšně odeslaných emailů.</p>',	'',	'Počet reálně odeslaných emailů. Pokud je kampaň ve stavu hotovo (odesláno), pak zde zjistíte, skutečný počet úspěšně odeslaných emailů.'),
(435,	'Emaily - kampaně - otevřeno emailů',	'<p>Změřený počet otevřených emailů. Za otevřený email se počítá email, jehož uživatel má v poštovním klientovi povoleno načítání vzdáleného obsahu (obrázků) a také událost otevření emailu v prohlížeči.</p>',	'',	'Změřený počet otevřených emailů. Za otevřený email se počítá email, jehož uživatel má v poštovním klientovi povoleno načítání vzdáleného obsahu (obrázků) a také událost otevření emailu v prohlížeči.'),
(436,	'Emaily - kampaně - prokliknuto emailů',	'<p>Počet příjemců, kteří se z emailu proklikli na Váš web, neboli počet příjemců, kteří navštívili Váš web přes nějaký odkaz z emailu. Do prokliku se nezapočítává kliknutí na odkaz na odhlášení.</p>',	'',	'Počet příjemců, kteří se z emailu proklikli na Váš web, neboli počet příjemců, kteří navštívili Váš web přes nějaký odkaz z emailu. Do prokliku se nezapočítává kliknutí na odkaz na odhlášení.'),
(437,	'Emaily - kampaně - nedoručitelné emaily',	'<p>Pokud se nějaký email nepodaří odeslat ani na 5-tý pokus, pak se už systém newsletter na daný email nepokouší odesílat a označí emailovou adresu za nedoručitelnou. Pokud jsou mezi nedoručitelnými emaily i emaily, o kterých si myslíte, že není důvod, aby byl email označen za nedoručitelný, kontaktujte správce systému, aby to prověřil.</p>',	'',	'Pokud se nějaký email nepodaří odeslat ani na 5-tý pokus, pak se už systém newsletter na daný email nepokouší odesílat a označí emailovou adresu za nedoručitelnou. Pokud jsou mezi nedoručitelnými emaily i emaily, o kterých si myslíte, že není důvod, aby byl email označen za nedoručitelný, kontaktujte správce systému, aby to prověřil.'),
(438,	'Emaily - kampaně - počet odhlášených emailů',	'<p>Počet emailů, které příjemce odhlásil z odběru dalších newsletterů prostřednictvím této kampaně.</p>',	'',	'Počet emailů, které příjemce odhlásil z odběru dalších newsletterů prostřednictvím této kampaně.'),
(439,	'Emaily - kampaně - export kontaktů',	'<p>Export kontaktů do CSV souboru. CSV soubor bude v každém řádku obsahovat tyto údaje v pořadí:<br />\r\n- email<br />\r\n- jméno<br />\r\n- příjmení<br />\r\n- společnost<br />\r\n- oslovení<br />\r\n- pohlaví, kde 0 = neuvedeno, 1 = muž, 2 = žena<br />\r\n- stav, kde 0 = nepotvrzen, 1 = aktivní, 2 = odhlášen z odběru<br />\r\n- zkratka jazyka, např. cz, en, de...<br />\r\n- id skupiny</p>',	'',	'Export kontaktů do CSV souboru. CSV soubor bude v každém řádku obsahovat tyto údaje v pořadí:\r\n- email\r\n- jméno\r\n- příjmení\r\n- společnost\r\n- oslovení\r\n- pohlaví, kde 0 = neuvedeno, 1 = muž, 2 = žena\r\n- stav, kde 0 = nepotvrzen, 1 = aktivní, 2 = odhlášen z odběru\r\n- zkratka jazyka, např. cz, en, de...\r\n- id skupiny'),
(440,	'Emaily - kampaně - import',	'<p>Import kontaktů z CSV souboru. CSV soubor bude v každém řádku obsahovat tyto údaje v pořadí:<br />\r\n- <strong>email </strong>(musí být uveden na každém řádku - povinné pole)<br />\r\n- <strong>jméno </strong>(nepovinné)<br />\r\n- <strong>příjmení </strong>(nepovinné)<br />\r\n- <strong>společnost </strong>(nepovinné)<br />\r\n- <strong>oslovení </strong>(nepovinné)<br />\r\n- <strong>pohlaví</strong>, kde 0 = neuvedeno, 1 = muž, 2 = žena (nepovinné, pokud není úvedeno, uloží se 0)<br />\r\n- <strong>stav</strong>, kde 0 = nepotvrzen, 1 = aktivní, 2 = odhlášen z odběru (nepovinné, pokud není uvedeno, uloží se 1)<br />\r\n- <strong>zkratka jazyka</strong>, např. cz, en, de... (nepovinné, pokud není uvedeno, uloží se aktivní jazyk - podle jazykové mutace, kterou aktuálně spravujete v administraci)<br />\r\n- <strong>id skupiny</strong> (nepovinné, pokud není uvedeno, tak nebude kontakt přiřazen žádné skupině)</p>\r\n\r\n<p>Pozor! Pokud nastavíte nějaký parametr pro import (jazyk, pohlaví, stav, skupina, kódování) na hodnotu <em>auto</em>, budou se importovat hodnoty použité v csv souboru. Pokud zvolíte hodnotu jinou než <em>auto</em>, pak se upřednostní tato hodnota při importu před hodnotami v csv souboru. Např. Pokud např. nastavíte pohlaví na Muž, pak se všechny kontakty importují s tímto příznakem, bez ohledu na to, jaké pohlaví je uvedeno v csv souboru.</p>',	'',	'Import kontaktů z CSV souboru. CSV soubor bude v každém řádku obsahovat tyto údaje v pořadí:\r\n- email (musí být uveden na každém řádku - povinné pole)\r\n- jméno (nepovinné)\r\n- příjmení (nepovinné)\r\n- společnost (nepovinné)\r\n- oslovení (nepovinné)\r\n- pohlaví, kde 0 = neuvedeno, 1 = muž, 2 = žena (nepovinné, pokud není úvedeno, uloží se 0)\r\n- stav, kde 0 = nepotvrzen, 1 = aktivní, 2 = odhlášen z odběru (nepovinné, pokud není uvedeno, uloží se 1)\r\n- zkratka jazyka, např. cz, en, de... (nepovinné, pokud není uvedeno, uloží se aktivní jazyk - podle jazykové mutace, kterou aktuálně spravujete v administraci)\r\n- id skupiny (nepovinné, pokud není uvedeno, tak nebude kontakt přiřazen žádné skupině)\r\n\r\nPozor! Pokud nastavíte nějaký parametr pro import (jazyk, pohlaví, stav, skupina, kódování) na hodnotu auto, budou se importovat hodnoty použité v csv souboru. Pokud zvolíte hodnotu jinou než auto, pak se upřednostní tato hodnota při importu před hodnotami v csv souboru. Např. Pokud např. nastavíte pohlaví na Muž, pak se všechny kontakty importují s tímto příznakem, bez ohledu na to, jaké pohlaví je uvedeno v csv souboru.'),
(441,	'Emaily - kampaně - soubor pro import',	'<p>Přiložte CSV soubor se správnou strukturou.<br />\r\n&nbsp;</p>',	'',	'Přiložte CSV soubor se správnou strukturou.\r\n&nbsp;'),
(442,	'Emaily - box - odběr novinek - text',	'<p>Tento text se zobrazí jako úvodní text k boxu Odběr novinek. Text může vypadat např. takto: \"Chcete dostávat aktuální informace, přihlašte se!\"</p>',	'',	'Tento text se zobrazí jako úvodní text k boxu Odběr novinek. Text může vypadat např. takto: \"Chcete dostávat aktuální informace, přihlašte se!\"'),
(443,	'Telefon webu',	'<p>Telefonní kontakt webu, např. +420 777 123 456.</p>',	'',	'Telefonní kontakt webu, např. +420 777 123 456.'),
(444,	'Nastavení - Emaily - text emailu pro potvrzení odběru newsletterů',	'<p>Text emailu, který obsahuje odkaz pro potvrzení k odběru newsletterů. Email s tímto zněním příjde tomu, kdo si zaregistruje svoji emailovou adresu k odběru newsletterů. Část textu, která má být odkazem uzavřete do složených závorek, např. \"Potvrďte svůj email k {odběru newsleterů}\".</p>',	'',	'Text emailu, který obsahuje odkaz pro potvrzení k odběru newsletterů. Email s tímto zněním příjde tomu, kdo si zaregistruje svoji emailovou adresu k odběru newsletterů. Část textu, která má být odkazem uzavřete do složených závorek, např. \"Potvrďte svůj email k {odběru newsleterů}\".'),
(445,	'Nastavení - emaily - předmět emailu k potvrzení odběru newsletteru',	'<p>Předmět emailu s odkazem pro potvrzení odběru newsletterů.</p>',	'',	'Předmět emailu s odkazem pro potvrzení odběru newsletterů.'),
(446,	'Nastavení - Produkty - měna',	'<p>Označení měny, která se bude zobrazovat za cenou např. u produktů. Označení měny může být např. Kč, EUR, CZK apod.</p>',	'',	'Označení měny, která se bude zobrazovat za cenou např. u produktů. Označení měny může být např. Kč, EUR, CZK apod.'),
(447,	'Články - Top článek',	'<p>Top článek je článek, který se zobrazí na webu v boxu s top články, popř. na jiném vyhrazeném místě.</p>',	'',	'Top článek je článek, který se zobrazí na webu v boxu s top články, popř. na jiném vyhrazeném místě.'),
(448,	'Články - maximální šířka obrázku v boxu',	'<p>Maximální šířka fotky k článku, která se zobrazuje jako miniatura v boxu s top články, nejnovějšími články apod. Zadání rozměrů přenechte kodérovi nebo programátorovi.</p>',	'',	'Maximální šířka fotky k článku, která se zobrazuje jako miniatura v boxu s top články, nejnovějšími články apod. Zadání rozměrů přenechte kodérovi nebo programátorovi.'),
(449,	'Články - maximální výška obrázku v boxu',	'<p>Maximální výška fotky k článku, která se zobrazuje jako miniatura v boxu s top články, nejnovějšími články apod. Zadání rozměrů přenechte kodérovi nebo programátorovi.</p>',	'',	'Maximální výška fotky k článku, která se zobrazuje jako miniatura v boxu s top články, nejnovějšími články apod. Zadání rozměrů přenechte kodérovi nebo programátorovi.'),
(450,	'Články - nastavení - počet top článků v boxu',	'<p>Maximální počet článků, které se budou zobrazovat v boxu s výpisem TOP článků. Články budou řazeny od nejnovějšího.</p>',	'',	'Maximální počet článků, které se budou zobrazovat v boxu s výpisem TOP článků. Články budou řazeny od nejnovějšího.'),
(451,	'Články - nastavení - počet nejdiskutovanějších článků v boxu',	'<p>Maximální počet článků, které se budou zobrazovat v boxu s výpisem Nejdiskutovanějších článků. Články budou řazeny od podle největšího počtu diskuzních příspěvků.</p>',	'',	'Maximální počet článků, které se budou zobrazovat v boxu s výpisem Nejdiskutovanějších článků. Články budou řazeny od podle největšího počtu diskuzních příspěvků.'),
(452,	'Facebook - pinterest',	'<p>Pokud máte na sociální síti Pinterest založený profil, vložte sem odkaz na něj.</p>',	'',	'Pokud máte na sociální síti Pinterest založený profil, vložte sem odkaz na něj.'),
(453,	'Přiřazení boxů do panelů',	'<p>Technikou \"Táhni a pusť\" přesuňte boxy z oblasti <strong>Nepřiřazené boxy</strong> do některé z oblastí webu (Pravý panel, levý panel, ...). Pokud chcete odstranit nějaký box z některé oblasti, postupujte opačně. Pořádí boxů v rámci oblasti můžete měnit přehazováním boxů mezi sebou. Na webu se boxy v dané oblasti zobrazí ve stejném pořadí.</p>',	'',	'Technikou \"Táhni a pusť\" přesuňte boxy z oblasti Nepřiřazené boxy do některé z oblastí webu (Pravý panel, levý panel, ...). Pokud chcete odstranit nějaký box z některé oblasti, postupujte opačně. Pořádí boxů v rámci oblasti můžete měnit přehazováním boxů mezi sebou. Na webu se boxy v dané oblasti zobrazí ve stejném pořadí.'),
(454,	'Nastavení - galerie - zobrazit detail fotky',	'<p>Pokud je povoleno zobrazení detailu fotky na webu, pak má fotka svoji url adresu (stránku na webu). V opačném případě se odkazy na detail fotky nebudou zobrazovat ani v sitemap, ani nikde na webu.</p>',	'',	'Pokud je povoleno zobrazení detailu fotky na webu, pak má fotka svoji url adresu (stránku na webu). V opačném případě se odkazy na detail fotky nebudou zobrazovat ani v sitemap, ani nikde na webu.'),
(455,	'Home - přesměrování - seznam přesměrování',	'<p>Vytvořte páry adres Zdrojová url - cílová url. Při načtení stránky bude porovnávána aktuální url adresa se zdrojovými url adresami v databázi a pokud bude nalezena shoda, bude stránka přesměrována na cílovou url adresu pomocí kódu 301. Pokud jste přestavěli starý web na nový a změnili se přitom url adresy stránek je vhodné přesměrovat neexistující url adresy na nové.</p>',	'',	'Vytvořte páry adres Zdrojová url - cílová url. Při načtení stránky bude porovnávána aktuální url adresa se zdrojovými url adresami v databázi a pokud bude nalezena shoda, bude stránka přesměrována na cílovou url adresu pomocí kódu 301. Pokud jste přestavěli starý web na nový a změnili se přitom url adresy stránek je vhodné přesměrovat neexistující url adresy na nové.'),
(456,	'Home - přesměrování - zdrojová url',	'<p>Zadejte url adresu v relativním (např. \"/kontakty.html\" ) nebo absolutním tvaru (\"http://www.mujweb.cz/kontakty.html\").</p>',	'',	'Zadejte url adresu v relativním (např. \"/kontakty.html\" ) nebo absolutním tvaru (\"http://www.mujweb.cz/kontakty.html\").'),
(457,	'Základní nastavení - podpora schema.org',	'<p><!--StartFragment-->„Schema“ definuje způsob, jak na webové stránky přidat strukturovaná data – ty potom mohou využívat vyhledávací stroje, prohlížeče a jakékoliv další způsoby automatizovaného zpracování. <!--EndFragment--><!--StartFragment-->Schema.org je společný projekt společností Google, Microsoft a Yahoo!, jehož cílem je zlepšit web vytvořením společného schématu pro popis dat na webu. Pokud na své stránky HTML přidáte označení dle specifikace schema.org, mnoho společností a služeb – včetně Vyhledávání Google – údajům na vašich stránkách bude rozumět.<!--EndFragment--></p>',	'',	'„Schema“ definuje způsob, jak na webové stránky přidat strukturovaná data – ty potom mohou využívat vyhledávací stroje, prohlížeče a jakékoliv další způsoby automatizovaného zpracování. Schema.org je společný projekt společností Google, Microsoft a Yahoo!, jehož cílem je zlepšit web vytvořením společného schématu pro popis dat na webu. Pokud na své stránky HTML přidáte označení dle specifikace schema.org, mnoho společností a služeb – včetně Vyhledávání Google – údajům na vašich stránkách bude rozumět.'),
(458,	'Základní nastavení - kód v patičce',	'<p>Do patičky webu se vkládají různé měřící kódy, kódy pro live chat a další služby. Buďte opatrní a vkládejte kód přesně.</p>',	'',	'Do patičky webu se vkládají různé měřící kódy, kódy pro live chat a další služby. Buďte opatrní a vkládejte kód přesně.');

DROP TABLE IF EXISTS `nastaveni`;
CREATE TABLE `nastaveni` (
  `idNastaveni` int(11) NOT NULL AUTO_INCREMENT,
  `nazev` varchar(100) COLLATE utf8_czech_ci NOT NULL,
  `konstanta` varchar(100) COLLATE utf8_czech_ci NOT NULL,
  `hodnota` text COLLATE utf8_czech_ci NOT NULL,
  `typ` enum('input','input-lang','textarea','textarea-lang','radio','editor','editor-lang','barva','smajlici','ga','file','strom') COLLATE utf8_czech_ci NOT NULL,
  `idModulu` int(11) NOT NULL,
  `podmodul` int(11) NOT NULL DEFAULT '0',
  `idNapovedy` int(11) NOT NULL DEFAULT '0',
  `poradi` int(11) NOT NULL DEFAULT '0',
  `aktivni` tinyint(4) NOT NULL DEFAULT '1',
  `admin` tinyint(4) NOT NULL DEFAULT '0',
  `zakladni` tinyint(4) NOT NULL DEFAULT '0',
  PRIMARY KEY (`idNastaveni`)
) ENGINE=MyISAM DEFAULT CHARSET=utf8 COLLATE=utf8_czech_ci;

INSERT INTO `nastaveni` (`idNastaveni`, `nazev`, `konstanta`, `hodnota`, `typ`, `idModulu`, `podmodul`, `idNapovedy`, `poradi`, `aktivni`, `admin`, `zakladni`) VALUES
(1,	'TPOCET_CLANKU_NA_STRANKU',	'POCET_CLANKU_NA_STRANKU',	'5',	'input',	22,	0,	139,	0,	1,	0,	1),
(2,	'TZOBRAZOVAT_SOUVISEJICI_CLANKY',	'ZOBRAZOVAT_SOUVISEJICI_CLANKY',	'0',	'radio',	22,	0,	140,	0,	1,	0,	1),
(3,	'TUMOZNIT_HODNOCENI_CLANKU',	'ZOBRAZIT_HODNOCENI_CLANKU',	'0',	'radio',	22,	0,	141,	0,	1,	0,	0),
(4,	'TROZSAH_STUPNICE_HODNOCENI',	'ROZSIRENA_STUPNICE_HODNOCENI_CLANKU',	'0',	'radio',	22,	0,	142,	0,	1,	0,	0),
(5,	'TMAXIMALNI_SIRKA_NAHLEDOVEHO_OBRAZKU',	'OBRAZEK_CLANKU_MINI_X',	'160',	'input',	22,	0,	302,	0,	1,	1,	0),
(6,	'TMAXIMALNI_VYSKA_NAHLEDOVEHO_OBRAZKU',	'OBRAZEK_CLANKU_MINI_Y',	'120',	'input',	22,	0,	303,	0,	1,	1,	0),
(7,	'TMAXIMALNI_SIRKA_VELKEHO_OBRAZKU',	'OBRAZEK_CLANKU_MAXI_X',	'500',	'input',	22,	0,	304,	0,	1,	1,	0),
(8,	'TMAXIMALNI_VYSKA_VELKEHO_OBRAZKU',	'OBRAZEK_CLANKU_MAXI_Y',	'370',	'input',	22,	0,	305,	0,	1,	1,	0),
(9,	'TPOCET_NAHODNYCH_CLANKU_V_BOXU',	'POCET_NAHODNYCH_CLANKU_V_BOXU',	'2',	'input',	22,	0,	144,	0,	1,	0,	1),
(10,	'TPOCET_NEJNOVEJSICH_CLANKU_V_BOXU',	'POCET_NEJNOVEJSICH_CLANKU_V_BOXU',	'2',	'input',	22,	0,	306,	0,	1,	0,	1),
(11,	'TPOCET_NEJLEPSICH_CLANKU_V_BOXU',	'POCET_NEJLEPSICH_CLANKU_V_BOXU',	'2',	'input',	22,	0,	307,	0,	1,	0,	1),
(12,	'TMAXIMALNI_SIRKA_NAHLEDOVEHO_OBRAZKU',	'OBRAZEK_NOVINKY_MINI_X',	'160',	'input',	4,	0,	308,	0,	1,	1,	0),
(13,	'TMAXIMALNI_VYSKA_NAHLEDOVEHO_OBRAZKU',	'OBRAZEK_NOVINKY_MINI_Y',	'120',	'input',	4,	0,	309,	0,	1,	1,	0),
(14,	'TPOCET_NOVINEK_NA_STRANKU',	'POCET_NOVINEK_NA_STRANKU',	'5',	'input',	4,	0,	75,	0,	1,	0,	1),
(15,	'TPOCET_NA_UVODNI_STRANKU',	'POCET_NA_UVODNI_STRANKU',	'5',	'input',	4,	0,	107,	0,	1,	0,	1),
(16,	'TPOCET_NOVINEK_V_BOXU',	'POCET_NOVINEK_V_BOXU',	'2',	'input',	4,	0,	78,	0,	1,	0,	1),
(17,	'TZOBRAZIT_RSS',	'ZOBRAZIT_RSS',	'1',	'radio',	4,	0,	82,	0,	1,	0,	0),
(18,	'TPOCET_FOTEK_V_JEDNOM_RADKU',	'POCET_FOTEK_V_JEDNOM_RADKU',	'3',	'input',	8,	0,	311,	0,	1,	0,	0),
(19,	'TPOCET_RADKU_NA_STRANKU',	'POCET_RADKU_NA_STRANKU',	'4',	'input',	8,	0,	312,	0,	1,	0,	1),
(20,	'TMAXIMALNI_SIRKA_NAHLEDOVEHO_OBRAZKU',	'OBRAZEK_GALERIE_MINI_X',	'160',	'input',	8,	0,	314,	0,	1,	1,	0),
(21,	'TMAXIMALNI_VYSKA_NAHLEDOVEHO_OBRAZKU',	'OBRAZEK_GALERIE_MINI_Y',	'120',	'input',	8,	0,	313,	0,	1,	1,	0),
(22,	'TMAXIMALNI_SIRKA_STREDNIHO_OBRAZKU',	'OBRAZEK_GALERIE_MEDIUM_X',	'500',	'input',	8,	0,	315,	0,	1,	1,	0),
(23,	'TMAXIMALNI_VYSKA_STREDNIHO_OBRAZKU',	'OBRAZEK_GALERIE_MEDIUM_Y',	'370',	'input',	8,	0,	316,	0,	1,	1,	0),
(24,	'TMAXIMALNI_SIRKA_VELKEHO_OBRAZKU',	'OBRAZEK_GALERIE_MAXI_X',	'800',	'input',	8,	0,	317,	0,	1,	1,	0),
(25,	'TMAXIMALNI_VYSKA_VELKEHO_OBRAZKU',	'OBRAZEK_GALERIE_MAXI_Y',	'600',	'input',	8,	0,	318,	0,	1,	1,	0),
(26,	'TVODOZNAK_TEXT',	'VODOZNAK_TEXT',	'',	'input',	8,	0,	319,	0,	1,	0,	1),
(27,	'TVODOZNAK_OBRAZEK',	'VODOZNAK_OBRAZEK',	'',	'',	8,	0,	320,	0,	0,	0,	0),
(28,	'TBARVA_TEXTU_VE_VODOZNAKU',	'BARVA_TEXTU_VE_VODOZNAKU',	'ffffff',	'barva',	8,	0,	321,	0,	1,	0,	0),
(29,	'TPOCET_FOTEK_V_BOXU',	'POCET_FOTEK_V_BOXU',	'2',	'input',	8,	0,	285,	0,	1,	0,	1),
(30,	'THODNOTY_VYSLEDKU_HLASOVANI',	'ZOBRAZOVAT_POCET_HLASU',	'0',	'radio',	6,	0,	67,	0,	1,	0,	0),
(31,	'TPOCET_PRISPEVKU_NA_STRANKU',	'POCET_PRISPEVKU_NA_STRANKU',	'10',	'input',	14,	0,	322,	0,	1,	0,	1),
(32,	'TODESILAT_PRISPEVKY_NA_EMAIL',	'ODESILAT_PRISPEVKY_NA_EMAIL',	'',	'input',	14,	0,	278,	0,	1,	0,	1),
(36,	'TPOVOLIT_CENZURU_PRISPEVKU',	'POVOLIT_CENZURU_PRISPEVKU',	'0',	'radio',	14,	0,	280,	0,	1,	0,	0),
(35,	'TSMAJLICI',	'SMAJLICI',	'0',	'smajlici',	14,	0,	279,	0,	1,	0,	0),
(37,	'TAUTOMATICKA_CENZURA_PRISPEVKU',	'AUTOMATICKA_CENZURA_PRISPEVKU',	'0',	'radio',	14,	0,	323,	0,	1,	0,	0),
(38,	'TPOUZIVAT_BLACKLIST',	'POVOLIT_BLACKLIST',	'0',	'radio',	14,	0,	281,	0,	1,	0,	0),
(39,	'TFILTROVAT_TEXTY_PRISPEVKU',	'POVOLIT_FILTR_PRISPEVKU',	'0',	'radio',	14,	0,	282,	0,	1,	0,	0),
(41,	'TEMAIL_PRO_ZASILANI_REPORTU',	'EMAIL_PRO_ZASILANI_REPORTU_STATISTIK',	'',	'input',	11,	0,	324,	0,	1,	0,	0),
(42,	'TNAZEV_WEBU',	'NAZEV_WEBU',	'',	'input',	7,	0,	34,	0,	1,	0,	1),
(43,	'TEMAIL_WEBU',	'EMAIL_WEBU',	'',	'input',	7,	0,	36,	0,	1,	0,	1),
(44,	'TPOPIS_WEBU',	'POPIS_WEBU',	'a:1:{s:3:\"typ\";s:13:\"textarea-lang\";}',	'textarea-lang',	7,	0,	35,	0,	1,	0,	1),
(45,	'TMERICI_KOD_GOOGLE_ANALYTICS',	'GA_KOD',	'',	'input',	7,	0,	134,	0,	1,	0,	0),
(46,	'TCHCI_BYT_UPOZORNEN_KDYZ_2',	'STATISTIKA_UPOZORNENI_NA_POKLES_NAVSTEVNOSTI',	'0',	'input',	11,	0,	325,	0,	1,	0,	0),
(47,	'TCHCI_BYT_UPOZORNEN_KDYZ_3',	'STATISTIKA_INFORMACE_O_NAVSTEVNOSTI_KAZDY_DEN',	'0',	'radio',	11,	0,	326,	0,	1,	0,	0),
(48,	'TCHCI_BYT_UPOZORNEN_KDYZ_4',	'STATISTIKA_NAVSTEVNOSTI_MINULY_TYDEN',	'0',	'radio',	11,	0,	327,	0,	1,	0,	0),
(49,	'TCHCI_BYT_UPOZORNEN_KDYZ_5',	'STATISTIKA_NAVSTEVNOSTI_MINULY_MESIC',	'0',	'radio',	11,	0,	328,	0,	1,	0,	0),
(50,	'TPRISTUP_KE_GOOGLE_ANALYTICS',	'GA_PRISTUP',	'',	'ga',	11,	0,	40,	0,	1,	0,	0),
(51,	'TZOBRAZIT_RSS',	'ZOBRAZIT_RSS_CLANKY',	'0',	'radio',	22,	0,	310,	0,	1,	0,	0),
(52,	'TFACEBOOK_APP_ID',	'FACEBOOK_APP_ID',	'',	'input',	20,	0,	111,	0,	1,	0,	0),
(53,	'TFACEBOOK_ADMIN_ID',	'FACEBOOK_ADMIN_ID',	'',	'input',	20,	0,	112,	0,	1,	0,	0),
(54,	'TFACEBOOK_APP_SECRET',	'FACEBOOK_APP_SECRET',	'',	'input',	20,	0,	329,	0,	1,	0,	0),
(55,	'TURL_STRANKY_NA_FACEBOOKU',	'FACEBOOK_URL_STRANKY',	'',	'input',	20,	0,	109,	0,	1,	0,	0),
(56,	'TTWITTER_URL_STRANKY',	'TWITTER_URL_STRANKY',	'',	'input',	20,	0,	110,	0,	1,	0,	0),
(57,	'TFACEBOOK_POCET_KOMENTARU',	'FACEBOOK_COMMENTS_POCET',	'5',	'input',	20,	0,	330,	0,	1,	0,	0),
(58,	'TFACEBOOK_COMMENTS_SIRKA',	'FACEBOOK_COMMENTS_SIRKA',	'470',	'input',	20,	0,	331,	0,	1,	0,	0),
(59,	'TFACEBOOK_LIKEBOX_SIRKA',	'FACEBOOK_LIKEBOX_SIRKA',	'292',	'input',	20,	0,	332,	0,	1,	0,	0),
(60,	'TFACEBOOK_LIKEBOX_VYSKA',	'FACEBOOK_LIKEBOX_VYSKA',	'200',	'input',	20,	0,	333,	0,	1,	0,	0),
(61,	'TINDEXOVAT_WEB',	'POVOLIT_INDEXACI_WEBU',	'1',	'radio',	7,	0,	167,	0,	1,	0,	0),
(62,	'TGOOGLE_WEBMASTER_TOOLS_KOD',	'GOOGLE_WEBMASTER_TOOLS_KOD',	'',	'input',	7,	0,	334,	0,	1,	0,	0),
(63,	'TVYHLEDAVANI_POCET_NA_STRANKU',	'VYHLEDAVANI_POCET_NA_STRANKU',	'10',	'input',	27,	0,	335,	0,	1,	0,	1),
(64,	'TKONTROLOVAT_ODKAZY_PRI_UKLADANI',	'KONTROLOVAT_ODKAZY_PRI_UKLADANI',	'1',	'radio',	26,	0,	336,	0,	1,	0,	0),
(65,	'TPOCET_UCHOVAVANYCH_ZALOH',	'POCET_UCHOVAVANYCH_ZALOH',	'15',	'input',	25,	0,	337,	0,	1,	1,	0),
(66,	'TPOCET_UCHOVAVANYCH_LOGU',	'POCET_UCHOVAVANYCH_LOGU',	'1000',	'input',	28,	0,	338,	0,	1,	1,	0),
(67,	'TPOCET_ODKAZU_PRO_JEDNORAZOVOU_KONTROLU_AJAXEM',	'POCET_ODKAZU_PRO_JEDNORAZOVOU_KONTROLU_AJAXEM',	'5',	'input',	26,	0,	339,	0,	1,	1,	0),
(68,	'TPOUZIT_GZ_KOMPRESI',	'POUZIT_GZ_KOMPRESI',	'1',	'radio',	10,	0,	340,	0,	1,	1,	0),
(133,	'TPODPORA_SCHEMA_ORG',	'PODPORA_SCHEMA_ORG',	'',	'radio',	7,	0,	457,	0,	1,	1,	0),
(134,	'TKOD_DO_PATICKY',	'PATICKA_KOD',	'',	'textarea',	7,	0,	458,	0,	1,	0,	1),
(71,	'TCOMPRESS_JPEG',	'COMPRESS_JPEG',	'70',	'input',	10,	0,	343,	0,	1,	1,	0),
(72,	'TLIMIT_SEND_NEWSLETTER',	'LIMIT_SEND_NEWSLETTER',	'100',	'input',	10,	0,	344,	0,	1,	1,	0),
(73,	'TLIMIT_NOT_SEND_NEWSLETTER',	'LIMIT_NOT_SEND_NEWSLETTER',	'5',	'input',	10,	0,	345,	0,	1,	1,	0),
(74,	'TPOCET_ZAZNAMU_NA_JEDNU_STRANKU',	'POCET_ZAZNAMU_NA_JEDNU_STRANKU',	'50',	'input',	10,	0,	346,	0,	1,	1,	0),
(75,	'TUKLADAT_STAVY_FILTRU_SEZNAMU',	'UKLADAT_STAVY_FILTRU_SEZNAMU',	'0',	'radio',	10,	0,	347,	0,	1,	1,	0),
(76,	'TCMS_VERZE',	'CMS_VERZE',	'3.5',	'input',	10,	0,	348,	0,	1,	1,	0),
(77,	'TCMS_NAME',	'CMS_NAME',	'CMS Carmeo',	'input',	10,	0,	349,	0,	1,	1,	0),
(78,	'TEMAIL_PRO_KONTAKTNI_FORMULAR',	'KONTAKTNI_FORMULAR_EMAIL',	'',	'input',	32,	0,	381,	0,	1,	0,	1),
(79,	'TMAXIMALNI_SIRKA_NAHLEDOVEHO_OBRAZKU',	'OBRAZEK_KALENDAR_MINI_X',	'160',	'input',	34,	0,	384,	0,	1,	1,	0),
(80,	'TMAXIMALNI_VYSKA_NAHLEDOVEHO_OBRAZKU',	'OBRAZEK_KALENDAR_MINI_Y',	'120',	'input',	34,	0,	385,	0,	1,	1,	0),
(81,	'TPOCET_AKCI_NA_STRANKU',	'POCET_AKCI_NA_STRANKU',	'10',	'input',	34,	0,	386,	0,	1,	0,	1),
(82,	'TPOCET_SOUVISEJICICH_CLANKU',	'POCET_SOUVISEJICICH_CLANKU',	'5',	'input',	22,	0,	389,	0,	1,	0,	1),
(83,	'TPOCET_POSLEDNICH_KOMENTARU_V_BOXU',	'POCET_POSLEDNICH_KOMENTARU_V_BOXU',	'10',	'input',	14,	0,	390,	0,	1,	0,	1),
(84,	'TSTRANKA_STITKY',	'ID_STRANKY_TAGY',	'a:1:{s:3:\"typ\";s:4:\"tagy\";}',	'strom',	22,	0,	391,	0,	1,	0,	0),
(85,	'TSTRANKA_KALENDAR_AKCI',	'ID_STRANKY_KALENDAR_AKCI',	'a:1:{s:3:\"typ\";s:13:\"kalendar-akci\";}',	'strom',	34,	0,	392,	0,	1,	0,	0),
(86,	'TSTRANKA_NOVINKY',	'ID_STRANKY_NOVINKY',	'a:1:{s:3:\"typ\";s:7:\"novinky\";}',	'strom',	4,	0,	393,	0,	1,	0,	0),
(87,	'TSTRANKA_GALERIE',	'ID_STRANKY_GALERIE',	'a:1:{s:3:\"typ\";s:15:\"stranka-galerie\";}',	'strom',	8,	0,	394,	0,	1,	0,	0),
(88,	'TSTRANKA_VYHLEDAVANI',	'ID_STRANKY_VYHLEDAVANI',	'a:1:{s:3:\"typ\";s:11:\"vyhledavani\";}',	'strom',	27,	0,	395,	0,	1,	0,	0),
(89,	'TSTRANKA_SITEMAP',	'ID_STRANKY_SITEMAP',	'a:1:{s:3:\"typ\";s:7:\"sitemap\";}',	'strom',	3,	0,	396,	0,	1,	0,	0),
(93,	'TRSS_VYRAZY',	'RSS_VYRAZY',	'',	'textarea',	22,	0,	398,	0,	1,	0,	0),
(92,	'TRSS_URL',	'RSS_URL',	'',	'textarea',	22,	0,	397,	0,	1,	0,	0),
(91,	'TSKYPE',	'SKYPE',	'',	'input',	20,	0,	0,	0,	1,	0,	1),
(90,	'TURL_YOUTUBE',	'URL_YOUTUBE',	'',	'input',	20,	0,	0,	0,	1,	0,	1),
(94,	'TODESILAT_UPOZORNENI_PRI_ZMENE_STAVU_CLANKU',	'ODESILAT_UPOZORNENI_PRI_ZMENE_STAVU_CLANKU',	'1',	'radio',	22,	0,	401,	0,	1,	0,	0),
(95,	'TPRIHLASOVACI_STRANKA',	'ID_PRIHLASOVACI_STRANKA',	'a:1:{s:3:\"typ\";s:5:\"login\";}',	'strom',	23,	0,	405,	0,	1,	0,	0),
(96,	'TTEXT_EMAILU_PRO_NOVE_HESLO',	'TEXT_EMAILU_PRO_NOVE_HESLO',	'a:5:{s:1:\"1\";s:198:\"<p>Vážený uživateli</p>\r\n<p>pro Váš účet <strong>[login]</strong> bylo nastaveno osmimístné heslo: <strong>[heslo]</strong></p>\r\n<p>Doporučujeme heslo ihned po přihlášení změnit.</p>\";s:1:\"2\";s:0:\"\";s:1:\"3\";s:0:\"\";s:1:\"4\";s:0:\"\";s:1:\"5\";s:0:\"\";}',	'editor-lang',	23,	0,	406,	0,	1,	0,	0),
(97,	'TTEXT_EMAILU_PRO_ZMENU_HESLA',	'TEXT_EMAILU_PRO_ZMENU_HESLA',	'a:5:{s:1:\"1\";s:112:\"<p>Vážený uživateli</p>\r\n<p>pro Váš účet [login] jste nastavil nové heslo: <strong>[heslo]</strong></p>\";s:1:\"2\";s:0:\"\";s:1:\"3\";s:0:\"\";s:1:\"4\";s:0:\"\";s:1:\"5\";s:0:\"\";}',	'editor-lang',	23,	0,	407,	0,	1,	0,	0),
(98,	'TMAXIMALNI_SIRKA_VELKEHO_OBRAZKU',	'OBRAZEK_PRODUKTU_MAXI_X',	'500',	'input',	36,	0,	412,	0,	1,	1,	0),
(99,	'TMAXIMALNI_VYSKA_VELKEHO_OBRAZKU',	'OBRAZEK_PRODUKTU_MAXI_Y',	'375',	'input',	36,	0,	413,	0,	1,	1,	0),
(100,	'TMAXIMALNI_SIRKA_NAHLEDOVEHO_OBRAZKU',	'OBRAZEK_PRODUKTU_MINI_X',	'200',	'input',	36,	0,	414,	0,	1,	1,	0),
(101,	'TMAXIMALNI_VYSKA_NAHLEDOVEHO_OBRAZKU',	'OBRAZEK_PRODUKTU_MINI_Y',	'150',	'input',	36,	0,	415,	0,	1,	1,	0),
(102,	'TSTRANKA_OBCHODNI_PODMINKY',	'ID_STRANKA_OBCHODNI_PODMINKY',	'a:1:{s:3:\"typ\";s:17:\"obchodni-podminky\";}',	'strom',	36,	0,	416,	0,	1,	0,	0),
(103,	'TSTRANKA_OBJEDNAVKA',	'ID_STRANKA_OBJEDNAVKA',	'a:1:{s:3:\"typ\";s:10:\"objednavka\";}',	'strom',	36,	0,	417,	0,	1,	0,	0),
(104,	'TSTRANKA_PRO_NEWSLETTERY',	'ID_STRANKA_NEWSLETTERY',	'a:1:{s:3:\"typ\";s:5:\"email\";}',	'strom',	12,	0,	418,	0,	1,	0,	0),
(105,	'TTITULEK_POSTFIX',	'TITULEK_POSTFIX',	'',	'input',	7,	0,	419,	0,	1,	0,	0),
(106,	'TTITULEK_PREFIX',	'TITULEK_PREFIX',	'',	'input',	7,	0,	420,	0,	1,	0,	0),
(107,	'TPOCET_PRODUKTU_NA_STRANKU',	'POCET_PRODUKTU_NA_STRANKU',	'10',	'input',	36,	0,	421,	0,	1,	0,	0),
(108,	'TZOBRAZOVAT_SOUVISEJICI_PRODUKTY',	'ZOBRAZOVAT_SOUVISEJICI_PRODUKTY',	'0',	'radio',	37,	0,	422,	0,	1,	0,	0),
(109,	'TPOCET_SOUVISEJICICH_PRODUKTU',	'POCET_SOUVISEJICICH_PRODUKTU',	'5',	'input',	37,	0,	423,	0,	1,	0,	0),
(110,	'TEMM_CRON_LIMIT',	'EMM_CRON_LIMIT',	'500',	'input',	12,	0,	425,	0,	1,	1,	0),
(111,	'TEMM_CRON_LIMIT_MB',	'EMM_CRON_LIMIT_MB',	'450',	'input',	12,	0,	426,	0,	1,	1,	0),
(112,	'TTEXT_HTML_VERZE_EMAILU',	'TEXT_HTML_VERZE_EMAILU',	'a:1:{s:3:\"typ\";s:13:\"textarea-lang\";}',	'textarea-lang',	12,	0,	427,	0,	1,	0,	0),
(114,	'TTEXT_PRO_BOX_ODBER_NOVINEK',	'TEXT_PRO_BOX_ODBER_NOVINEK',	'a:1:{s:3:\"typ\";s:11:\"editor-lang\";}',	'editor-lang',	12,	0,	442,	0,	1,	0,	0),
(113,	'TTEXT_ODHLASENI_ODBERU_NEWSLETTERU',	'TEXT_ODHLASENI_ODBERU_NEWSLETTERU',	'a:1:{s:3:\"typ\";s:13:\"textarea-lang\";}',	'textarea-lang',	12,	0,	428,	0,	1,	0,	0),
(116,	'TTEXT_EMAILU_POTVRZENI_ODBERU',	'TEXT_EMAILU_POTVRZENI_ODBERU',	'a:1:{s:3:\"typ\";s:11:\"editor-lang\";}',	'editor-lang',	12,	0,	444,	0,	1,	0,	0),
(115,	'TTELEFON_WEBU',	'TELEFON_WEBU',	'',	'input',	7,	0,	443,	0,	1,	0,	1),
(117,	'TPREDMET_EMAILU_POTVRZENI_ODBERU',	'PREDMET_EMAILU_POTVRZENI_ODBERU',	'a:1:{s:3:\"typ\";s:10:\"input-lang\";}',	'input-lang',	12,	0,	445,	0,	1,	0,	0),
(118,	'TMENA',	'MENA',	'a:1:{s:3:\"typ\";s:10:\"input-lang\";}',	'input-lang',	36,	0,	446,	0,	1,	0,	0),
(119,	'TMAXIMALNI_SIRKA_NAHLEDOVEHO_OBRAZKU',	'OBRAZEK_STRANKY_MINI_X',	'160',	'input',	3,	0,	0,	0,	1,	1,	0),
(120,	'TMAXIMALNI_VYSKA_NAHLEDOVEHO_OBRAZKU',	'OBRAZEK_STRANKY_MINI_Y',	'120',	'input',	3,	0,	0,	0,	1,	1,	0),
(121,	'TMAXIMALNI_SIRKA_VELKEHO_OBRAZKU',	'OBRAZEK_STRANKY_MAXI_X',	'800',	'input',	3,	0,	0,	0,	1,	1,	0),
(122,	'TMAXIMALNI_VYSKA_VELKEHO_OBRAZKU',	'OBRAZEK_STRANKY_MAXI_Y',	'600',	'input',	3,	0,	0,	0,	1,	1,	0),
(123,	'TZOBRAZIT_PREPINAC_JAZYKU',	'ZOBRAZIT_PREPINAC_JAZYKU',	'1',	'radio',	7,	0,	0,	0,	1,	0,	0),
(124,	'TMAXIMALNI_SIRKA_STREDNIHO_OBRAZKU',	'OBRAZEK_PRODUKTU_STREDNI_X',	'200',	'input',	36,	0,	0,	0,	1,	1,	0),
(125,	'TMAXIMALNI_VYSKA_STREDNIHO_OBRAZKU',	'OBRAZEK_PRODUKTU_STREDNI_Y',	'150',	'input',	36,	0,	0,	0,	1,	1,	0),
(126,	'TMAXIMALNI_SIRKA_OBRAZKU_V_BOXU',	'OBRAZEK_CLANKU_BOX_X',	'160',	'input',	22,	0,	448,	0,	1,	1,	0),
(127,	'TMAXIMALNI_VYSKA_OBRAZKU_V_BOXU',	'OBRAZEK_CLANKU_BOX_Y',	'120',	'input',	22,	0,	449,	0,	1,	1,	0),
(128,	'TPOCET_TOP_CLANKU_V_BOXU',	'POCET_TOP_CLANKU_V_BOXU',	'2',	'input',	22,	0,	450,	0,	1,	0,	1),
(129,	'TPOCET_NEJDISKUTOVANEJSICH_CLANKU_V_BOXU',	'POCET_NEJDISKUTOVANEJSICH_CLANKU_V_BOXU',	'4',	'input',	22,	0,	451,	0,	1,	0,	1),
(130,	'TPINTEREST_URL_STRANKY',	'PINTEREST_URL_STRANKY',	'',	'input',	20,	0,	452,	0,	1,	0,	1),
(131,	'TPOCET_NEJNAVSTEVOVANEJSICH_STRANEK_V_BOXU',	'POCET_NEJNAVSTEVOVANEJSICH_STRANEK_V_BOXU',	'5',	'input',	3,	0,	0,	0,	1,	0,	1),
(132,	'TPOVOLIT_DETAIL_FOTKY',	'POVOLIT_DETAIL_FOTKY',	'0',	'radio',	8,	0,	454,	0,	1,	0,	0),
(135,	'TGOOGLE_PLUS_URL_STRANKY',	'GOOGLE_PLUS_URL_STRANKY',	'',	'input',	20,	0,	0,	0,	1,	0,	0),
(138,	'TSTRANKA_PRO_PORADNU',	'ID_STRANKA_HELPDESK',	'a:1:{s:3:\"typ\";s:8:\"helpdesk\";}',	'strom',	38,	0,	460,	0,	1,	0,	0),
(139,	'TPREDMET_EMAILU_PRO_ODESLANI_ODPOVEDI',	'PREDMET_EMAILU_PRO_ODESLANI_ODPOVEDI',	'a:1:{i:1;s:24:\"Odpověď na Váš dotaz\";}',	'input-lang',	38,	0,	0,	0,	1,	0,	0),
(140,	'TTEXT_EMAILU_PRO_ODESLANI_ODPOVEDI',	'TEXT_EMAILU_PRO_ODESLANI_ODPOVEDI',	'a:1:{i:1;s:253:\"<p>Dobrý den,</p>\r\n\r\n<p>odpovídáme na Váš dotaz, který jste položili prostřednictvím naši webové poradny.</p>\r\n\r\n<p>Váš dotaz:</p>\r\n\r\n<p>{dotaz}</p>\r\n\r\n<p>Odpověď:</p>\r\n\r\n<p>{odpoved}</p>\r\n\r\n<p>Přejeme pěkný den.</p>\r\n\r\n<p>&nbsp;</p>\r\n\";}',	'editor-lang',	38,	0,	459,	0,	1,	0,	0),
(141,	'TTEXT_EMAILU_POTVRZENI_REGISTRACE',	'TEXT_EMAILU_POTVRZENI_REGISTRACE',	'a:1:{s:3:\"typ\";s:11:\"editor-lang\";}',	'editor-lang',	12,	0,	0,	0,	1,	0,	0),
(142,	'TPREDMET_EMAILU_POTVRZENI_REGISTRACE',	'PREDMET_EMAILU_POTVRZENI_REGISTRACE',	'a:1:{s:3:\"typ\";s:10:\"input-lang\";}',	'input-lang',	12,	0,	0,	0,	1,	0,	0),
(143,	'TFA_UDAJE_PROVOZOVATELE',	'FA_UDAJE_PROVOZOVATELE',	'',	'editor',	7,	0,	0,	0,	1,	0,	1),
(160,	'TPREDMET_EMAILU_FAKTURA',	'PREDMET_EMAILU_FAKTURA',	'a:1:{s:3:\"typ\";s:10:\"input-lang\";}',	'input-lang',	12,	0,	0,	0,	1,	0,	0),
(161,	'TTEXT_EMAILU_FAKTURA',	'TEXT_EMAILU_FAKTURA',	'a:1:{s:3:\"typ\";s:11:\"editor-lang\";}',	'editor-lang',	12,	0,	0,	0,	1,	0,	0),
(162,	'TPATICKA_FAKTURY',	'PATICKA_FAKTURY',	'testovací patička faktury',	'editor',	12,	0,	0,	0,	1,	0,	0),
(175,	'TSIRKA_OBRAZKU_SLIDU_MAXI',	'OBRAZEK_SLIDU_MAXI_X',	'1980',	'input',	15,	0,	0,	0,	1,	1,	0),
(176,	'TVYSKA_OBRAZKU_SLIDU_MAXI',	'OBRAZEK_SLIDU_MAXI_Y',	'790',	'input',	15,	0,	0,	0,	1,	1,	0),
(177,	'TMAXIMALNI_SIRKA_HLAVNIHO_OBRAZKU',	'OBRAZEK_STRANKY_X',	'354',	'input',	3,	0,	0,	0,	1,	1,	0),
(178,	'TMAXIMALNI_VYSKA_HLAVNIH_OBRAZKU',	'OBRAZEK_STRANKY_Y',	'227',	'input',	3,	0,	0,	0,	1,	1,	0),
(181,	'TVYSKA_OBRAZKU_SLIDU_MINI',	'OBRAZEK_SLIDU_MINI_Y',	'350',	'input',	15,	0,	0,	0,	1,	1,	0),
(182,	'TSIRKA_OBRAZKU_SLIDU_MINI',	'OBRAZEK_SLIDU_MINI_X',	'620',	'input',	15,	0,	0,	0,	1,	1,	0),
(168,	'TRECAPTCHA_SECRET_KEY',	'RECAPTCHA_SECRET_KEY',	'6LctH3sUAAAAAJUZxQA_V4IwC_QyOkJzugLnTGoV',	'input',	7,	0,	0,	0,	1,	0,	1),
(169,	'TRECAPTCHA_SITE_KEY',	'RECAPTCHA_SITE_KEY',	'6LctH3sUAAAAABDkqNwaKn4Lw1_wJDsST-_6mGw6',	'input',	7,	0,	0,	0,	1,	0,	1);

DROP TABLE IF EXISTS `nastaveni_domeny`;
CREATE TABLE `nastaveni_domeny` (
  `idRelace` int(11) NOT NULL AUTO_INCREMENT,
  `idNastaveni` int(11) NOT NULL,
  `idDomeny` int(11) NOT NULL,
  `hodnota` text COLLATE utf8_czech_ci NOT NULL,
  PRIMARY KEY (`idRelace`)
) ENGINE=MyISAM DEFAULT CHARSET=utf8 COLLATE=utf8_czech_ci;

INSERT INTO `nastaveni_domeny` (`idRelace`, `idNastaveni`, `idDomeny`, `hodnota`) VALUES
(1,	175,	1,	'1920'),
(2,	176,	1,	'700'),
(3,	181,	1,	'350'),
(4,	182,	1,	'620'),
(5,	115,	1,	'+420 602 72 61 16'),
(6,	43,	1,	'hynek.hromada@email.cz'),
(7,	12,	1,	'960'),
(8,	13,	1,	'650'),
(9,	14,	1,	'20'),
(10,	15,	1,	'20'),
(11,	16,	1,	'1'),
(12,	17,	1,	'0'),
(13,	86,	1,	'a:3:{i:1;s:1:\"0\";i:2;s:1:\"0\";s:3:\"typ\";s:7:\"novinky\";}'),
(14,	55,	1,	'https://www.facebook.com/V%C3%BDroba-baz%C3%A9n%C5%AF-Kraj%C4%8Da-Josef-Kraj%C4%8Da-Michal-1141214372556974/'),
(15,	98,	1,	'1008'),
(16,	99,	1,	'567'),
(17,	100,	1,	'455'),
(18,	101,	1,	'256'),
(19,	102,	1,	'a:2:{i:1;s:1:\"0\";s:3:\"typ\";s:17:\"obchodni-podminky\";}'),
(20,	103,	1,	'a:2:{i:1;s:1:\"0\";s:3:\"typ\";s:10:\"objednavka\";}'),
(21,	107,	1,	'10'),
(22,	118,	1,	'a:1:{i:1;s:0:\"\";}'),
(23,	124,	1,	'701'),
(24,	125,	1,	'395'),
(25,	119,	1,	'630'),
(26,	120,	1,	'420'),
(27,	121,	1,	'1920'),
(28,	122,	1,	'1280'),
(29,	177,	1,	'1920'),
(30,	178,	1,	'600'),
(31,	1,	1,	'9'),
(32,	2,	1,	'0'),
(33,	3,	1,	'0'),
(34,	4,	1,	'0'),
(35,	5,	1,	'500'),
(36,	6,	1,	'340'),
(37,	7,	1,	'800'),
(38,	8,	1,	'600'),
(39,	9,	1,	'2'),
(40,	10,	1,	'2'),
(41,	11,	1,	'2'),
(42,	51,	1,	'0'),
(43,	82,	1,	'5'),
(44,	84,	1,	'a:2:{i:1;s:1:\"0\";s:3:\"typ\";s:4:\"tagy\";}'),
(45,	92,	1,	''),
(46,	93,	1,	''),
(47,	94,	1,	'1'),
(48,	126,	1,	'160'),
(49,	127,	1,	'120'),
(50,	128,	1,	'2'),
(51,	129,	1,	'4'),
(52,	168,	1,	'6LeX_KcaAAAAAE-6vUONDbSADwRlHw7z5cDrFVin'),
(53,	169,	1,	'6LeX_KcaAAAAABlCyDSaEQu5PDMck2D56UcAZVfM'),
(54,	78,	1,	'hynek.hromada@email.cz'),
(55,	42,	1,	'Bornit s.r.o.'),
(56,	105,	1,	'| Bornit s.r.o.'),
(57,	45,	1,	'G-R77WKB9HZR'),
(58,	65,	1,	'15'),
(59,	89,	1,	'a:3:{i:1;s:1:\"0\";i:2;s:1:\"0\";s:3:\"typ\";s:7:\"sitemap\";}'),
(60,	131,	1,	'5'),
(61,	175,	2,	'1920'),
(62,	176,	2,	'700'),
(63,	181,	2,	'350'),
(64,	182,	2,	'620'),
(65,	175,	3,	'1920'),
(66,	176,	3,	'700'),
(67,	181,	3,	'350'),
(68,	182,	3,	'620'),
(69,	175,	4,	'1920'),
(70,	176,	4,	'700'),
(71,	181,	4,	'350'),
(72,	182,	4,	'620'),
(73,	175,	5,	'1920'),
(74,	176,	5,	'700'),
(75,	181,	5,	'350'),
(76,	182,	5,	'620'),
(77,	12,	2,	'960'),
(78,	13,	2,	'650'),
(79,	14,	2,	'20'),
(80,	15,	2,	'20'),
(81,	16,	2,	'2'),
(82,	17,	2,	'1'),
(83,	86,	2,	'a:3:{i:1;s:1:\"0\";i:2;s:1:\"0\";s:3:\"typ\";s:7:\"novinky\";}'),
(84,	12,	3,	'960'),
(85,	13,	3,	'650'),
(86,	14,	3,	'20'),
(87,	15,	3,	'20'),
(88,	16,	3,	'2'),
(89,	17,	3,	'0'),
(90,	86,	3,	'a:3:{i:1;s:1:\"0\";i:2;s:1:\"0\";s:3:\"typ\";s:7:\"novinky\";}'),
(91,	12,	4,	'960'),
(92,	13,	4,	'650'),
(93,	14,	4,	'20'),
(94,	15,	4,	'20'),
(95,	16,	4,	'2'),
(96,	17,	4,	'0'),
(97,	86,	4,	'a:3:{i:1;s:1:\"0\";i:2;s:1:\"0\";s:3:\"typ\";s:7:\"novinky\";}'),
(98,	12,	5,	'960'),
(99,	13,	5,	'650'),
(100,	14,	5,	'20'),
(101,	15,	5,	'20'),
(102,	16,	5,	'2'),
(103,	17,	5,	'0'),
(104,	86,	5,	'a:3:{i:1;s:1:\"0\";i:2;s:1:\"0\";s:3:\"typ\";s:7:\"novinky\";}'),
(105,	89,	5,	'a:3:{i:1;s:1:\"0\";i:2;s:1:\"0\";s:3:\"typ\";s:7:\"sitemap\";}'),
(106,	119,	5,	'630'),
(107,	120,	5,	'420'),
(108,	121,	5,	'1920'),
(109,	122,	5,	'1280'),
(110,	131,	5,	'5'),
(111,	177,	5,	'354'),
(112,	178,	5,	'227'),
(113,	89,	4,	'a:3:{i:1;s:1:\"0\";i:2;s:1:\"0\";s:3:\"typ\";s:7:\"sitemap\";}'),
(114,	119,	4,	'630'),
(115,	120,	4,	'420'),
(116,	121,	4,	'1920'),
(117,	122,	4,	'1280'),
(118,	131,	4,	'5'),
(119,	177,	4,	'354'),
(120,	178,	4,	'227'),
(121,	89,	3,	'a:3:{i:1;s:1:\"0\";i:2;s:1:\"0\";s:3:\"typ\";s:7:\"sitemap\";}'),
(122,	119,	3,	'630'),
(123,	120,	3,	'420'),
(124,	121,	3,	'1920'),
(125,	122,	3,	'1280'),
(126,	131,	3,	'5'),
(127,	177,	3,	'354'),
(128,	178,	3,	'227'),
(129,	89,	2,	'a:3:{i:1;s:1:\"0\";i:2;s:1:\"0\";s:3:\"typ\";s:7:\"sitemap\";}'),
(130,	119,	2,	'630'),
(131,	120,	2,	'420'),
(132,	121,	2,	'1920'),
(133,	122,	2,	'1280'),
(134,	131,	2,	'5'),
(135,	177,	2,	'354'),
(136,	178,	2,	'227');

DROP TABLE IF EXISTS `odkazy`;
CREATE TABLE `odkazy` (
  `idOdkazu` int(11) NOT NULL AUTO_INCREMENT,
  `idDomeny` int(11) NOT NULL,
  `idJazyka` int(11) NOT NULL DEFAULT '1',
  `text` text COLLATE utf8_czech_ci NOT NULL,
  `url` text COLLATE utf8_czech_ci NOT NULL,
  `absolutniUrl` text COLLATE utf8_czech_ci NOT NULL,
  `idObjektu` int(11) NOT NULL,
  `typ` enum('stranka','editbox','newsletter') COLLATE utf8_czech_ci NOT NULL DEFAULT 'stranka',
  `perex` tinyint(1) NOT NULL DEFAULT '0',
  `idPopisu` tinyint(1) NOT NULL DEFAULT '0',
  `kod` int(11) NOT NULL,
  `datumKontroly` datetime NOT NULL,
  `typSouboru` enum('html','image','file') COLLATE utf8_czech_ci NOT NULL DEFAULT 'html',
  `typObsahu` varchar(250) COLLATE utf8_czech_ci NOT NULL,
  `typOdkazu` varchar(10) COLLATE utf8_czech_ci NOT NULL,
  PRIMARY KEY (`idOdkazu`)
) ENGINE=MyISAM DEFAULT CHARSET=utf8 COLLATE=utf8_czech_ci;


DROP TABLE IF EXISTS `panely`;
CREATE TABLE `panely` (
  `idPanelu` int(11) NOT NULL AUTO_INCREMENT,
  `idDomeny` int(11) NOT NULL,
  `nazev` varchar(100) COLLATE utf8_czech_ci NOT NULL,
  `systemovyNazev` varchar(20) COLLATE utf8_czech_ci NOT NULL,
  `zobrazit` tinyint(4) NOT NULL DEFAULT '1',
  `priorita` int(11) NOT NULL DEFAULT '0',
  PRIMARY KEY (`idPanelu`)
) ENGINE=MyISAM DEFAULT CHARSET=utf8 COLLATE=utf8_czech_ci;

INSERT INTO `panely` (`idPanelu`, `idDomeny`, `nazev`, `systemovyNazev`, `zobrazit`, `priorita`) VALUES
(1,	1,	'test',	'test',	1,	0);

DROP TABLE IF EXISTS `panely_polozky`;
CREATE TABLE `panely_polozky` (
  `idBloku` int(10) unsigned NOT NULL AUTO_INCREMENT,
  `idProfilu` int(10) unsigned NOT NULL,
  `idPanelu` int(11) NOT NULL,
  `idTypu` int(11) NOT NULL,
  `idObjektu` int(11) NOT NULL DEFAULT '0',
  `priorita` int(10) unsigned DEFAULT '0',
  PRIMARY KEY (`idBloku`)
) ENGINE=MyISAM DEFAULT CHARSET=utf8 COLLATE=utf8_czech_ci;


DROP TABLE IF EXISTS `panely_polozky_typy`;
CREATE TABLE `panely_polozky_typy` (
  `idTypu` int(11) NOT NULL AUTO_INCREMENT,
  `nazev` varchar(50) COLLATE utf8_czech_ci NOT NULL,
  `systemovyNazev` varchar(20) COLLATE utf8_czech_ci NOT NULL,
  `idModulu` int(11) NOT NULL,
  `systemovy` tinyint(4) NOT NULL DEFAULT '1',
  PRIMARY KEY (`idTypu`)
) ENGINE=MyISAM DEFAULT CHARSET=utf8 COLLATE=utf8_czech_ci;


DROP TABLE IF EXISTS `panely_sablony`;
CREATE TABLE `panely_sablony` (
  `idProfilu` int(10) unsigned NOT NULL AUTO_INCREMENT,
  `idDomeny` int(10) unsigned NOT NULL,
  `idJazyka` int(11) NOT NULL DEFAULT '1',
  `nazev` varchar(100) COLLATE utf8_czech_ci NOT NULL,
  `vychozi` tinyint(1) NOT NULL DEFAULT '0',
  `zobrazit` tinyint(1) NOT NULL DEFAULT '1',
  PRIMARY KEY (`idProfilu`)
) ENGINE=MyISAM DEFAULT CHARSET=utf8 COLLATE=utf8_czech_ci;


DROP TABLE IF EXISTS `podpora`;
CREATE TABLE `podpora` (
  `id` int(11) NOT NULL AUTO_INCREMENT,
  `id_domeny` int(11) NOT NULL,
  `id_jazyka` int(11) NOT NULL,
  `jmeno` varchar(100) COLLATE utf8_czech_ci NOT NULL,
  `email` varchar(200) COLLATE utf8_czech_ci NOT NULL,
  `dotaz` longtext COLLATE utf8_czech_ci NOT NULL,
  `dotaz_datum` datetime DEFAULT NULL,
  `odpoved` longtext COLLATE utf8_czech_ci NOT NULL,
  `odpoved_datum` datetime DEFAULT NULL,
  `odpoved_jmeno` varchar(100) COLLATE utf8_czech_ci NOT NULL,
  `id_admin` int(11) NOT NULL,
  `text` longtext COLLATE utf8_czech_ci NOT NULL,
  `ip` varchar(100) COLLATE utf8_czech_ci NOT NULL,
  `poznamka` text COLLATE utf8_czech_ci NOT NULL,
  `aktivni` tinyint(4) NOT NULL DEFAULT '1',
  PRIMARY KEY (`id`)
) ENGINE=InnoDB DEFAULT CHARSET=utf8 COLLATE=utf8_czech_ci;


DROP TABLE IF EXISTS `preklady`;
CREATE TABLE `preklady` (
  `idPrekladu` int(11) NOT NULL AUTO_INCREMENT,
  `konstanta` varchar(150) COLLATE utf8_czech_ci NOT NULL,
  `cz` text COLLATE utf8_czech_ci NOT NULL,
  `en` text COLLATE utf8_czech_ci NOT NULL,
  `sk` text COLLATE utf8_czech_ci NOT NULL,
  `at` text COLLATE utf8_czech_ci NOT NULL,
  `pl` text COLLATE utf8_czech_ci NOT NULL,
  `it` text COLLATE utf8_czech_ci NOT NULL,
  `es` text COLLATE utf8_czech_ci NOT NULL,
  `ru` text COLLATE utf8_czech_ci NOT NULL,
  `fr` text COLLATE utf8_czech_ci NOT NULL,
  PRIMARY KEY (`idPrekladu`)
) ENGINE=MyISAM DEFAULT CHARSET=utf8 COLLATE=utf8_czech_ci;

INSERT INTO `preklady` (`idPrekladu`, `konstanta`, `cz`, `en`, `sk`, `at`, `pl`, `it`, `es`, `ru`, `fr`) VALUES
(1,	'TSOUVISEJICI_CLANKY',	'Související články',	'Related articles',	'Súvisiace články',	'Verwandte Artikel',	'Pokrewne artykuły',	'Articoli correlati',	'',	'',	'Articles associés'),
(2,	'TNEJNOVEJSI_CLANKY',	'Nejnovější články',	'Latest articles',	'',	'',	'',	'',	'',	'',	'Derniers articles'),
(3,	'TNEJLEPSI_CLANKY',	'Nejoblíbenější články',	'Most popular articles ',	'',	'',	'',	'',	'',	'',	'Articles les plus populaires'),
(6,	'TVYHLEDAVANI',	'Vyhledávání',	'Search',	'',	'',	'',	'',	'',	'',	'Recherche'),
(7,	'TCIST_VICE',	'Číst více',	'Read more',	'',	'',	'',	'',	'',	'',	'Lire la suite'),
(9,	'TDETAIL',	'Detail',	'Details',	'',	'',	'',	'',	'',	'',	'Afficher les détails'),
(10,	'TGALERIE',	'Galerie',	'Gallery ',	'',	'',	'',	'',	'',	'',	'Galerie'),
(12,	'TZOBRAZIT_CELOU_GALERII',	'Zobrazit celou galerii',	'View entire gallery ',	'',	'',	'',	'',	'',	'',	'Afficher la Galerie entière'),
(13,	'TPOVINNE_UDAJE',	'Povinné položky je nutné vyplnit',	'Compulsory items must be entered',	'',	'',	'',	'',	'',	'',	'Les champs obligatoires sont impérativement à renseigner'),
(14,	'TVYBERTE_DNESNI_DEN',	'vyberte dnešní den',	'Select today ',	'',	'',	'',	'',	'',	'',	'sélectionnez le jour actuel'),
(15,	'TPONDELI',	'pondělí',	'Monday',	'',	'',	'',	'',	'',	'',	'lundi'),
(16,	'TUTERY',	'úterý',	'Tuesday',	'',	'',	'',	'',	'',	'',	'mardi'),
(17,	'TSTREDA',	'středa',	'Wednesday',	'',	'',	'',	'',	'',	'',	'mercredi'),
(18,	'TCTVRTEK',	'čtvrtek',	'Thursday',	'',	'',	'',	'',	'',	'',	'jeudi'),
(19,	'TPATEK',	'pátek',	'Friday',	'',	'',	'',	'',	'',	'',	'vendredi'),
(20,	'TSOBOTA',	'sobota',	'Saturday',	'',	'',	'',	'',	'',	'',	'samedi'),
(21,	'TNEDELE',	'neděle',	'Sunday',	'',	'',	'',	'',	'',	'',	'dimanche'),
(22,	'TANTISPAM',	'Kolik je %s + %s?',	'How much is %s + %s?',	'',	'',	'',	'',	'',	'',	'Résultat de %s + %s ?'),
(23,	'TZADANE_UDAJE',	'Zadané údaje',	'Entered details',	'',	'',	'',	'',	'',	'',	'Données spécifiées'),
(25,	'TNELZE_ODESLAT_PRAZDNY_FORMULAR',	'Nelze odeslat prázdný formulář',	'Impossible to send empty form',	'',	'',	'',	'',	'',	'',	'Vous ne pouvez pas envoyer un formulaire vierge'),
(26,	'TZPRAVA_Z_FORMULARE',	'Zpráva z formuláře',	'Message from the form',	'',	'',	'',	'',	'',	'',	'Message du formulaire'),
(27,	'TPOLOZKA_EMAIL_CHYBA',	'Email je chybný',	'E-mail is incorrect ',	'',	'',	'',	'',	'',	'',	'L\'email saisi est incorrect'),
(166,	'TTELEFON_JE_CHYBNY',	'Telefon je chybný',	'Telephone is incorrect',	'',	'',	'',	'',	'',	'',	'Le téléphone saisi est incorrect'),
(28,	'TPOLOZKA_CELE_CISLO_CHYBA',	'Položka %s musí obsahovat celé číslo',	'Item %s must contain a whole number ',	'',	'',	'',	'',	'',	'',	'La valeur %s doit contenir un nombre entier'),
(29,	'TPOLOZKA_ICO_CHYBA',	'Položka %s musí mít tvar např. musí mít tvar např. <i>12345678</i>',	'Item %s must have a format such as <i>12345678</i>',	'',	'',	'',	'',	'',	'',	'La valeur %s doit avoir la forme suivante : par ex. <i>12345678</i>'),
(30,	'TPOLOZKA_DESETINNE_CISLO_CHYBA',	'Položka %s musí obsahovat desetinné číslo',	'Item %s must contain a decimal number',	'',	'',	'',	'',	'',	'',	'La valeur %s doit contenir une décimale'),
(31,	'TPOLOZKA_DIC_CHYBA',	'Položka %s musí mít tvar např. musí mít tvar např. <i>cz1234567890</i>',	'Item %s must have a format such as <i>cz1234567890</i>',	'',	'',	'',	'',	'',	'',	'La valeur %s doit avoir la forme suivante : par ex. <i>cz1234567890</i>'),
(32,	'TPOLOZKA_TEL_CHYBA',	'Položka %s musí mít tvar např. musí mít tvar např. <i>608111111</i> nebo <i>+420 608 111 111</i> apod.',	'Item %s must have a format such as <i>608111111</i> or <i>+420 608 111 111</i>, etc.',	'',	'',	'',	'',	'',	'',	'La valeur %s doit avoir la forme suivante : par ex. <i>608111111</i> ou <i>+420 608 111 111</i> etc.'),
(33,	'TPOLOZKA_URL_CHYBA',	'Položka %s musí mít tvar např. musí mít tvar např. <i>http://www.mujweb.cz</i> nebo <i>http://mujweb.org/moje-stranka.html</i> apod.',	'Item %s must have a format such as <i>http://www.mujweb.cz</i> or <i>http://mujweb.org/moje-stranka.html</i>, etc.',	'',	'',	'',	'',	'',	'',	'La valeur %s doit avoir la forme suivante : par ex.<i>http://www.mujweb.cz</i> ou <i>http://mujweb.org/moje-stranka.html</i> etc.'),
(34,	'TPOLOZKA_ICQ_CHYBA',	'Položka %s musí mít tvar např. musí mít tvar např. <i>111-111-111</i> apod.',	'Item %s must have a format such as <i>111-111-111</i>, etc.',	'',	'',	'',	'',	'',	'',	'La valeur %s doit avoir la forme suivante : par ex.<i>111-111-111</i> etc.'),
(35,	'TPOLOZKA_DATUM_CHYBA',	'Položka %s musí obsahovat datum ve formatu <i>12.1.2010</i> atd.',	'Item %s must contain the date format <i>12.1.2010</i>, etc.',	'',	'',	'',	'',	'',	'',	'La valeur « %s » doit inclure la date dans le format <i>12.1.2010</i> etc.'),
(36,	'TPOLOZKA_DATUM_CAS_CHYBA',	'Položka %s musí obsahovat datum ve formatu <i>12.1.2010</i> nebo <i>1.12.2010 05:00</i> atd.',	'Item %s must contain the date format <i>12.1.2010</i> or <i>1.12.2010 05:00</i>, etc.',	'',	'',	'',	'',	'',	'',	'La valeur « %s » doit inclure la date dans le format <i>12.1.2010</i> ou <i>1.12.2010 05:00</i> etc.'),
(37,	'TODEBIRAT_NOVINKY_PRES_RSS',	'Odběr novinek přes RSS kanál',	'Subscription of news via RSS channel ',	'',	'',	'',	'',	'',	'',	'Réception d\'actualités par flux RSS'),
(38,	'TZOBRAZIT_VSECHNY_NOVINKY',	'Zobrazit více novinek',	'Show more news',	'',	'',	'Zobacz więcej aktualności',	'',	'',	'Посмотреть больше новостей',	'Archive des actualités'),
(40,	'TVSECHNY_RUBRIKY',	'Všechny rubriky',	'All sections',	'',	'',	'',	'',	'',	'',	'Toutes les rubriques'),
(41,	'THLEDANY_VYRAZ',	'Hledaný výraz',	'Searched term',	'',	'',	'',	'',	'',	'',	'Terme recherché'),
(42,	'TZOBRAZIT_CLANKY_OD',	'Zobrazit články OD data',	'View articles FROM date',	'',	'',	'',	'',	'',	'',	'Afficher les articles à partir de la date'),
(43,	'TZOBRAZIT_CLANKY_DO',	'Zobrazit články DO data',	'View articles TO date',	'',	'',	'',	'',	'',	'',	'Afficher les articles jusqu\'à la date'),
(44,	'TRUBRIKA',	'Rubrika',	'Section',	'',	'',	'',	'',	'',	'',	'Rubrique'),
(45,	'THLEDAT',	'Hledat',	'Search',	'',	'',	'',	'',	'',	'',	'Recherche'),
(46,	'TDATUM',	'Datum',	'Date',	'',	'',	'',	'',	'',	'',	'Date'),
(47,	'TAUTOR',	'Autor',	'Author',	'',	'',	'',	'',	'',	'',	'Auteur'),
(48,	'TKOMENTARU',	'Komentářů',	'Number of comments',	'',	'',	'',	'',	'',	'',	'Commentaires'),
(49,	'TKOMENTARE',	'komentáře',	'Comments',	'',	'',	'',	'',	'',	'',	'commentaires'),
(51,	'TZOBRAZIT_VSECHNY_CLANKY',	'Zobrazit všechny články',	'View all articles ',	'',	'',	'',	'',	'',	'',	'Afficher tous les articles'),
(54,	'THODNOCENI_CLANKU',	'Hodnocení článku',	'Article rating',	'',	'',	'',	'',	'',	'',	'Évaluation de l\'article'),
(56,	'TFOTOGRAFIE',	'Fotografie',	'Photograph',	'',	'',	'',	'',	'',	'',	'Photographie'),
(57,	'TZ',	'z',	'from',	'',	'',	'',	'',	'',	'',	'de'),
(58,	'TGOOGLE_ZALOZKY',	'Google Záložky',	'Google tabs',	'',	'',	'',	'',	'',	'',	'Signets Google'),
(60,	'TEMAIL',	'Email',	'E-mail',	'',	'',	'',	'',	'',	'',	'Émail'),
(61,	'TPRIDAT_KOMENTAR',	'Přidej komentář',	'Add a comment',	'',	'',	'',	'',	'',	'',	'Ajouter un commentaire'),
(62,	'TJMENO',	'Jméno',	'Name',	'',	'',	'',	'',	'',	'',	'Nom'),
(63,	'TNEPOVINNY_UDAJ',	'nepovinný',	'Optional',	'',	'',	'',	'',	'',	'',	'en option'),
(64,	'TTEXT',	'Text',	'Text',	'',	'',	'',	'',	'',	'',	'Texte'),
(65,	'TODESLAT',	'Odeslat',	'Send',	'',	'',	'',	'',	'',	'',	'Envoyer'),
(66,	'TPRISPEVEK_BYL_ODESLAN_KE_SCHVALENI',	'Příspěvek byl odeslán ke schválení',	'Entry was sent for approval',	'',	'',	'',	'',	'',	'',	'Le commentaire a été soumis pour approbation'),
(67,	'TPRISPEVEK_BYL_VLOZEN',	'Příspěvek byl vložen',	'Entry was recorded',	'',	'',	'',	'',	'',	'',	'Le commentaire a été ajouté'),
(68,	'TPRISPEVEK_SE_NEPODARILO_VLOZIT',	'Příspěvek se nepodařilo vložit',	'Entry could not be recorded',	'',	'',	'',	'',	'',	'',	'Le commentaire n\'a pas pu être ajouté'),
(69,	'TNENI_VYPLNEN_TEXT_PRISPEVKU',	'Není vyplněn text příspěvku',	'Missing text of the entry',	'',	'',	'',	'',	'',	'',	'Le texte du commentaire n\'est pas saisi'),
(70,	'TJMENO_MUSI_BYT_VYPLNENO',	'Jméno musí být vyplněno',	'Required to enter the name',	'',	'',	'',	'',	'',	'',	'Le nom doit être renseigné'),
(72,	'TNOVINKY',	'<p>Novinky</p>',	'News',	'',	'',	'Aktualności',	'',	'',	'Новости',	'Quoi de neuf ?'),
(77,	'TPREDCHOZI',	'&lsaquo;',	'«',	'',	'',	'',	'',	'',	'',	'„'),
(78,	'TNASLEDUJICI',	'&rsaquo;',	'»',	'',	'',	'',	'',	'',	'',	'“'),
(79,	'TZPET_NA_UVOD',	'Přejít na úvodní stránku',	'Go to homepage',	'',	'',	'',	'',	'',	'',	'Aller à la page d\'accueil'),
(80,	'TVYBERTE',	'Vyberte',	'Select',	'',	'',	'',	'',	'',	'',	'Choisir'),
(81,	'TKALENDAR_AKCI',	'Kalendář akcí',	'Calendar of events',	'',	'',	'',	'',	'',	'',	'Calendrier des événements'),
(82,	'TKDE',	'Kde',	'Where',	'',	'',	'',	'',	'',	'',	'Où'),
(83,	'TKDY',	'Kdy',	'When',	'',	'',	'',	'',	'',	'',	'Quand'),
(84,	'TLEDEN',	'Leden',	'January ',	'',	'',	'',	'',	'',	'',	'Janvier'),
(85,	'TUNOR',	'Únor',	'February',	'',	'',	'',	'',	'',	'',	'Février'),
(86,	'TBREZEN',	'Březen',	'March',	'',	'',	'',	'',	'',	'',	'Mars'),
(87,	'TDUBEN',	'Duben',	'April',	'',	'',	'',	'',	'',	'',	'Avril'),
(88,	'TKVETEN',	'Květen',	'May',	'',	'',	'',	'',	'',	'',	'Mai'),
(89,	'TCERVEN',	'Červen',	'June',	'',	'',	'',	'',	'',	'',	'Juin'),
(90,	'TCERVENEC',	'Červenec',	'July',	'',	'',	'',	'',	'',	'',	'Juillet'),
(91,	'TSRPEN',	'Srpen',	'August',	'',	'',	'',	'',	'',	'',	'Août'),
(92,	'TZARI',	'Září',	'September',	'',	'',	'',	'',	'',	'',	'Septembre'),
(93,	'TRIJEN',	'Říjen',	'October',	'',	'',	'',	'',	'',	'',	'Octobre'),
(94,	'TLISTOPAD',	'Listopad',	'November',	'',	'',	'',	'',	'',	'',	'Novembre'),
(95,	'TPROSINEC',	'Prosinec',	'December',	'',	'',	'',	'',	'',	'',	'Décembre'),
(96,	'TNEDELE_ZKR',	'Ne',	'Sun',	'',	'',	'',	'',	'',	'',	'dim'),
(97,	'TPONDELI_ZKR',	'Po',	'Mon',	'',	'',	'',	'',	'',	'',	'lun'),
(98,	'TUTERY_ZKR',	'Út',	'Tue',	'',	'',	'',	'',	'',	'',	'mar'),
(99,	'TSTREDA_ZKR',	'St',	'Wed',	'',	'',	'',	'',	'',	'',	'mer'),
(100,	'TCTVRTEK_ZKR',	'Čt',	'Thu',	'',	'',	'',	'',	'',	'',	'jeu'),
(101,	'TPATEK_ZKR',	'Pá',	'Fri',	'',	'',	'',	'',	'',	'',	'ven'),
(102,	'TSOBOTA_ZKR',	'So',	'Sat',	'',	'',	'',	'',	'',	'',	'sam'),
(103,	'TNENALEZENA_ZADNA_AKCE',	'Nenalezena žádná událost',	'No event found',	'',	'',	'',	'',	'',	'',	'Aucun événement n\'a été trouvé'),
(104,	'TDALSI',	'Následující',	'Next',	'',	'',	'',	'',	'',	'',	'Suivant'),
(106,	'TTYP_AKCE',	'Typ akce',	'Event type',	'',	'',	'',	'',	'',	'',	'Type d\'événement'),
(107,	'TTAGY',	'Štítky',	'Labels',	'',	'',	'',	'',	'',	'',	'Étiquettes'),
(108,	'TPOSLEDNI_KOMENTARE',	'Nejnovější komentáře',	'Last comments',	'',	'',	'',	'',	'',	'',	'Derniers commentaires'),
(109,	'TOKOMENTOVAL_CLANEK',	'okomentoval článek',	'commented the article',	'',	'',	'',	'',	'',	'',	'Commenter l\'article'),
(112,	'TNOVE_HESLO_VAM_BYLO_ZASLANO_NA_EMAIL',	'Nové heslo Vám bylo zasláno na email',	'A new password was sent to your e-mail',	'',	'',	'',	'',	'',	'',	'Un nouveau mot de passe vous a été envoyé par email'),
(113,	'TUZIVATELSKE_JMENO_NEEXISTUJE',	'Uživatelské jméno neexistuje',	'Non-existing username',	'',	'',	'',	'',	'',	'',	'Le nom d\'utilisateur n\'existe pas'),
(114,	'TNOVE_HESLO_PRO_UZIVATELE',	'Nové heslo pro uživatele',	'New password for the user',	'',	'',	'',	'',	'',	'',	'Le nouveau mot de passe de l\'utilisateur'),
(115,	'TVYPLNTE_DOSAVADNI_HESLO',	'Vyplňte stávající heslo',	'Enter current password',	'',	'',	'',	'',	'',	'',	'Renseignez votre mot de passe actuel'),
(116,	'TNOVE_HESLO_NESOUHLASI',	'Nové heslo nesouhlasí',	'Incorrect new password',	'',	'',	'',	'',	'',	'',	'Le nouveau mot de passe est mal renseigné'),
(117,	'TNOVE_HESLO_NESMI_BYT_PRAZDNE',	'Nové heslo musí být vyplněno',	'Required to enter the new password',	'',	'',	'',	'',	'',	'',	'Le nouveau mot de passe doit être renseigné'),
(118,	'TDOSAVADNI_HESLO_NESOUHLASI',	'Stávající heslo nesouhlasí',	'Incorrect current password',	'',	'',	'',	'',	'',	'',	'L\'actuel mot de passe est mal renseigné'),
(119,	'TCHYBNE_PRIHLASOVACI_UDAJE',	'Chybné přihlašovací údaje',	'Incorrect login data',	'',	'',	'',	'',	'',	'',	'Identifiants incorrects'),
(120,	'TZMENA_HESLA',	'Změna hesla',	'Change of password',	'',	'',	'',	'',	'',	'',	'Modification du mot de passe'),
(121,	'TZMENIT_HESLO',	'Změnit heslo',	'Change password',	'',	'',	'',	'',	'',	'',	'Modifier le mot de passe'),
(122,	'TZAPOMNEL_JSEM_HESLO',	'Zapomněl jsem heslo',	'I forgot my password',	'',	'',	'',	'',	'',	'',	'Mot de passe oublié'),
(128,	'TPOSLAT_NOVE_HESLO',	'Poslat nové heslo',	'Send a new password',	'',	'',	'',	'',	'',	'',	'Envoyer le nouveau mot de passe'),
(125,	'TPRIHLASIT_SE',	'Přihlásit se',	'Log in',	'',	'',	'',	'',	'',	'',	'S\'identifier'),
(126,	'TPRIHLASOVACI_JMENO',	'Přihlašovací email',	'User name…',	'',	'',	'',	'',	'',	'',	'Nom d\'utilisateur...'),
(129,	'THESLO',	'Heslo',	'Password…',	'',	'',	'',	'',	'',	'',	'Mot de passe...'),
(130,	'TZPET_NA_PRIHLASENI',	'Zpět na přihlášení',	'Back to log-in',	'',	'',	'',	'',	'',	'',	'Revenir à la connexion'),
(131,	'TLOGIN',	'Přihlášení uživatele',	'Log-in',	'',	'',	'',	'',	'',	'',	'Identifiant'),
(138,	'TPRIHLASENY_UZIVATEL',	'Přihlášený uživatel',	'User logged in',	'',	'',	'',	'',	'',	'',	'Connexion'),
(139,	'TODHLASIT_SE',	'Odhlásit se',	'Log out',	'',	'',	'',	'',	'',	'',	'Se déconnecter'),
(140,	'TDOSAVADNI_HESLO',	'Současné heslo',	'Current password',	'',	'',	'',	'',	'',	'',	'Mot de passe actuel'),
(141,	'TNOVE_HESLO1',	'Nové heslo',	'New password',	'',	'',	'',	'',	'',	'',	'Nouveau mot de passe'),
(142,	'TNOVE_HESLO2',	'Zopakujte heslo',	'New password – retype',	'',	'',	'',	'',	'',	'',	'Nouveau mot de passe - de nouveau'),
(145,	'TZMENIT_JAZYK',	'Změnit jazyk',	'Change language',	'',	'',	'',	'',	'',	'',	'Changer la langue'),
(146,	'TCESTINA',	'Čeština',	'Czech',	'',	'',	'',	'',	'',	'',	'Tchèque'),
(147,	'TANGLICTINA',	'Angličtina',	'English',	'',	'',	'',	'',	'',	'',	'Anglais'),
(148,	'TNEMCINA',	'Němčina',	'German',	'',	'',	'',	'',	'',	'',	'Allemand'),
(149,	'TMAPA_WEBU',	'Mapa webu',	'Website map',	'',	'',	'',	'',	'',	'',	'Plan du site'),
(150,	'TZPET_NA_VYPIS',	'zpět',	'Back to listing',	'',	'přejít zpět',	'',	'',	'',	'',	'Revenir à la liste'),
(151,	'TJSTE_ZDE',	'Jste zde',	'You are here',	'',	'',	'',	'',	'',	'',	'Vous êtes ici'),
(152,	'TINFORMACE',	'Informace',	'Information',	'',	'',	'',	'',	'',	'',	'Infos'),
(153,	'TKATEGORIE_PRODUKTU',	'Kategorie produktů',	'Product categories',	'',	'',	'',	'',	'',	'',	'Catégorie de produits'),
(157,	'TODBER_NOVINEK',	'Aktuality na Váš email',	'News to your e-mail',	'',	'',	'',	'',	'',	'',	'Actualités par e-mail'),
(158,	'TPRIHLASIT_K_ODBERU_NOVINEK',	'Přihlásit',	'Log in',	'',	'',	'',	'',	'',	'',	'S\'identifier'),
(159,	'TPRIHLASENI_UZIVATELE',	'Přihlášení uživatele',	'Dealer log-in',	'',	'',	'',	'',	'',	'',	'Identifiant revendeur'),
(160,	'TREGISTRACE_UZIVATELE',	'Registrace',	'Dealer registration',	'',	'',	'',	'',	'',	'',	'Enregistrement du revendeur'),
(167,	'TFIRMA_JE_CHYBNA',	'Firma musí být vyplněna',	'Required to enter the company name',	'',	'',	'',	'',	'',	'',	'La société doit être renseignée'),
(168,	'TMESTO_JE_CHYBNE',	'Město musí být vyplněno',	'Required to enter the town',	'',	'',	'',	'',	'',	'',	'La commune doit être renseignée'),
(169,	'TKONTAKTUJTE_NAS',	'Kontaktujte nás!',	'Contact us!',	'',	'',	'',	'',	'',	'',	'Contactez-nous !'),
(183,	'TPRIJMENI',	'Příjmení',	'Last name',	'',	'',	'',	'',	'',	'',	'Nom'),
(170,	'TFIRMA',	'Firma',	'Company name',	'',	'',	'',	'',	'',	'',	'Dénomination sociale'),
(171,	'TMESTO',	'Město',	'Town',	'',	'',	'',	'',	'',	'',	'Commune'),
(172,	'TTELEFON',	'Telefon',	'Telephone',	'',	'',	'',	'',	'',	'',	'Téléphone'),
(173,	'TZPRAVA',	'Zde napište zprávu ...',	'Write your message here…',	'',	'',	'',	'',	'',	'',	'Écrivez votre message ici...'),
(174,	'TZPRAVA_JE_CHYBNA',	'Zpráva není vyplněna',	'Message not entered',	'',	'',	'',	'',	'',	'',	'Le message n\'a pas été saisi'),
(175,	'TCHYBA_NELZE_ODESLAT',	'Nepodařilo se odeslat, kontaktujte nás prosím emailem!',	'Sending failed. Pleased contact us by e-mail',	'',	'',	'',	'',	'',	'',	'Impossible de l\'envoyer, veuillez nous contacter par email !'),
(176,	'TUSPESNE_ODESLANO',	'Odesláno, děkujeme za Vaši zprávu',	'Sending completed, thank you for your message',	'',	'',	'',	'',	'',	'',	'Envoyé, nous vous remercions pour votre message'),
(177,	'TVAS_EMAIL',	'Váš email...',	'Your e-mail',	'',	'',	'',	'',	'',	'',	'Votre email...'),
(178,	'TPOTVRZENI_USPESNE_ODESLANO',	'Děkuji za Váš zájem. Nyní jej ve Vašem emailu potvrďte a souhrn bude během pár minut Váš!',	'A link to confirm the news subscription was sent to your e-mail',	'',	'',	'',	'',	'',	'',	'Sur votre email a été envoyé le lien de confirmation pour recevoir notre newsletter.'),
(179,	'TEMAIL_EXISTUJE',	'Email již v naší databázi existuje',	'E-mail already exists in our database',	'',	'',	'',	'',	'',	'',	'Cet email existe déjà dans notre base de données'),
(180,	'TCHYBA_CONFIRMACE_POTVRZENI_ODBERU',	'Nelze ověřit email',	'E-mail cannot be verified',	'',	'',	'',	'',	'',	'',	'Impossible de vérifier l\'email'),
(181,	'TUSPESNE_PRIHLASENI_K_ODBERU',	'Gratuluji, souhrn je na cestě k Vám!',	'You successfully applied for news subscription',	'',	'',	'',	'',	'',	'',	'Vous avez été abonné(e) avec succès pour recevoir la newsletter'),
(182,	'TOVERENI_EMAILOVE_ADRESY',	'Gratulujeme. Kniha je na cestě k Vám!',	'E-mail address verification',	'',	'',	'',	'',	'',	'',	'Vérification l\'adresse email'),
(184,	'TJMENO_A_PRIJMENI',	'Jméno a příjmení',	'First and last name',	'',	'',	'',	'',	'',	'',	'Nom et prénom'),
(185,	'TPRIJMENI_MUSI_BYT_VYPLNENO',	'Příjmení musí být vyplněno',	'Required to enter the last name',	'',	'',	'',	'',	'',	'',	'Le nom doit être renseigné'),
(186,	'TREGISTRACE_USPESNA',	'Děkujeme za Vaši registraci. Na registrační email jsme Vám poslali zprávu s odkazem. Na ten prosím klikněte pro úspěšné dokončení registrace.',	'Your registration competed successfully. Administrator will send you logging information.',	'',	'',	'',	'',	'',	'',	'Votre inscription s\'est correctement déroulée. L\'administrateur va vous envoyer les données de connexion.'),
(187,	'TCHYBA_REGISTRACE_EXISTUJE',	'Tento email již je u nás registrován',	'This e-mail is already registered by us',	'',	'',	'',	'',	'',	'',	'Cet email a déjà été enregistré'),
(188,	'TNEMATE_PRISTUP_KE_STRANCE',	'Nemáte přístup k této stránce',	'You do not have access to this website',	'',	'',	'',	'',	'',	'',	'Vous n\'avez pas accès à cette page'),
(189,	'TEMAIL_BYL_ODHLASEN_Z_ODBERU',	'Email %s byl úspěšně odhlášen z rozesílání novinek',	'E-mail %s was successfully deleted from the distribution list',	'',	'',	'',	'',	'',	'',	'L\'email %s a été déconnecté avec succès de l\'envoi de la newsletter'),
(191,	'TNEBYLO_NIC_NALEZENO',	'Nebyla nalezena žádná stránka',	'No website found',	'',	'',	'',	'',	'',	'',	'Aucune page n\'a été trouvée'),
(192,	'TKLIKNETE_NA_MAPKU',	'Pro zobrazení partnera klikněte na příslušný kraj mapky',	'To view the partner, click on the respective region map',	'',	'',	'',	'',	'',	'',	'Pour voir ce partenaire, cliquez à la région donnée sur la carte\n'),
(193,	'TPRODUKT_ZALOZKA1',	'Popis',	'Detailed description',	'',	'',	'',	'',	'',	'',	'Description détaillée'),
(194,	'TPRODUKT_ZALOZKA2',	'Složení',	'Technical data',	'',	'',	'',	'',	'',	'',	'Données techniques'),
(195,	'TPRODUKT_ZALOZKA3',	'Doporučené dávkování',	'To download',	'',	'',	'',	'',	'',	'',	'A télécharger'),
(196,	'TPRODUKT_ZALOZKA4',	'Software',	'Software',	'',	'',	'',	'',	'',	'',	'Logiciel'),
(197,	'TPRODUKT_ZALOZKA5',	'Naše ingredience',	'Other',	'',	'',	'',	'',	'',	'',	'Autres'),
(198,	'TS_DPH',	's DPH',	'including VAT',	'',	'',	'',	'',	'',	'',	'TVA incluse'),
(199,	'TBEZ_DPH',	'bez DPH',	'excluding VAT',	'',	'',	'',	'',	'',	'',	'hors TVA'),
(200,	'TCENA_BEZ_DPH',	'Cena bez DPH',	'Price excluding VAT',	'',	'',	'',	'',	'',	'',	'Prix hors TVA'),
(201,	'TCENA_S_DPH',	'Cena',	'Price including VAT',	'',	'',	'',	'',	'',	'',	'Prix TVA incluse'),
(202,	'TDPH',	'DPH',	'VAT',	'',	'',	'',	'',	'',	'',	'TVA'),
(203,	'TMUSITE_VYBRAT_KATEGORIE',	'Musíte vybrat alespoň jednu kategorii',	'You must select at least one category',	'',	'',	'',	'',	'',	'',	'Vous devez sélectionner au moins une catégorie'),
(204,	'TTOP_CLANKY',	'Nejoblíbenější články',	'The most popular articles',	'',	'',	'',	'',	'',	'',	'Articles les plus populaires'),
(205,	'TNEJDISKUTOVANEJSI_CLANKY',	'Nejdiskutovanější',	'The most discussed ones',	'',	'',	'',	'',	'',	'',	'Les plus discutés'),
(206,	'THLASOVAT',	'Hlasuj',	'Vote',	'',	'',	'',	'',	'',	'',	'Voter'),
(207,	'TANKETA',	'Anketa',	'Opinion poll',	'',	'',	'',	'',	'',	'',	'Enquête'),
(208,	'TPOSLEDNI_FOTOGRAFIE',	'Nejnovější fotografie',	'Latest photographs',	'',	'',	'',	'',	'',	'',	'Dernière photo'),
(209,	'TDNES',	'Dnes',	'Today',	'',	'',	'',	'',	'',	'',	'Aujourd\'hui'),
(210,	'TDEN1',	'Ne',	'Sun',	'',	'',	'',	'',	'',	'',	'dim'),
(211,	'TDEN2',	'Po',	'Mon',	'',	'',	'',	'',	'',	'',	'lun'),
(212,	'TDEN3',	'Út',	'Tue',	'',	'',	'',	'',	'',	'',	'mar'),
(213,	'TDEN4',	'St',	'Wed',	'',	'',	'',	'',	'',	'',	'mer'),
(214,	'TDEN5',	'Čt',	'Thu',	'',	'',	'',	'',	'',	'',	'jeu'),
(215,	'TDEN6',	'Pá',	'Fri',	'',	'',	'',	'',	'',	'',	'ven'),
(216,	'TDEN7',	'So',	'Sat',	'',	'',	'',	'',	'',	'',	'sam'),
(217,	'TVICE_AKCI_V_JEDEN_DEN',	'Více akcí v jeden den',	'More events in one day',	'',	'',	'',	'',	'',	'',	'Plus d\'événements en une seule journée'),
(218,	'TLEGENDA',	'Legenda',	'Legend',	'',	'',	'',	'',	'',	'',	'Légende'),
(219,	'TVSECHNY_AKCE',	'Všechny akce',	'All events',	'',	'',	'',	'',	'',	'',	'Tous les événements'),
(220,	'TFILTR_AKCI',	'Filtr',	'Filter',	'',	'',	'',	'',	'',	'',	'Filtre'),
(221,	'TOD',	'Od',	'From',	'',	'',	'',	'',	'',	'',	'De'),
(222,	'TDO',	'do',	'To',	'',	'',	'',	'',	'',	'',	'au'),
(223,	'TFILTR_AKCI_PODLE_DATA_KONANI',	'Zobrazit akce podle data konání',	'Display events by date',	'',	'',	'',	'',	'',	'',	'Afficher les événements par date'),
(224,	'TFILTR_AKCI_PODLE_TYPU_AKCE',	'Zobrazit akce podle typu',	'Display events by type',	'',	'',	'',	'',	'',	'',	'Afficher les événements par type'),
(225,	'TZOBRAZIT',	'Zobrazit',	'Display',	'',	'',	'',	'',	'',	'',	'Afficher'),
(226,	'TVYPIS_AKCI',	'Výpis akcí',	'Event listing',	'',	'',	'',	'',	'',	'',	'Liste des événements'),
(227,	'TDEN',	'Den',	'Day',	'',	'',	'',	'',	'',	'',	'Jour'),
(228,	'TMUZETE_HLASOVAT_JEN_JEDNOU',	'Můžete hlasovat pouze jednou',	'You can vote only once',	'',	'',	'',	'',	'',	'',	'Vous ne pouvez voter qu\'une seule fois'),
(229,	'TVAS_HLAS_BYL_ZAPOCITAN',	'Váš hlas byl započítán',	'Your vote was registered',	'',	'',	'',	'',	'',	'',	'Votre vote a été pris en compte'),
(230,	'TNEMUZETE_HLASOVAT_POVOLTE_COOKIES',	'Nemůžete hlasovat, povolte cookies v prohlížeči',	'You cannot vote, permit cookies in your browser',	'',	'',	'',	'',	'',	'',	'Vous ne pouvez pas voter, activez les cookies dans votre navigateur'),
(231,	'TNOVINKA',	'Novinka',	'News',	'',	'',	'',	'',	'',	'',	'Nouveauté'),
(232,	'TCLANEK',	'Článek',	'Article ',	'',	'',	'',	'',	'',	'',	'Article'),
(233,	'TAKCE',	'Akce',	'Event',	'',	'',	'',	'',	'',	'',	'Événement'),
(234,	'TGALERIE_FOTKA',	'Fotka',	'Photograph',	'',	'',	'',	'',	'',	'',	'Photo'),
(235,	'TPRODUKT',	'Produkt',	'Product',	'',	'',	'',	'',	'',	'',	'Produit'),
(242,	'TNAPISTE_NAM',	'Máte dotaz? Napište nám!',	'',	'',	'',	'',	'',	'',	'',	''),
(243,	'TZOBRAZIT_SKRYT_MENU',	'Menu',	'',	'',	'',	'',	'',	'',	'',	''),
(255,	'TODPOVIDA',	'odpovídá',	'odpovídá',	'',	'odpovídá',	'',	'',	'',	'',	''),
(256,	'TSE_PTA',	'se ptá',	'say',	'',	'se ptá',	'',	'',	'',	'',	''),
(410,	'TOSOBNI_UDAJE',	'Osobní údaje',	'',	'',	'',	'',	'',	'',	'',	''),
(424,	'TVYBERTE_PRODEJNU',	'Vyberte prodejnu, kde si zboží vyzvednete',	'',	'',	'',	'',	'',	'',	'',	''),
(408,	'TIC',	'IČ',	'',	'',	'',	'',	'',	'',	'',	''),
(409,	'TDIC',	'DIČ',	'',	'',	'',	'',	'',	'',	'',	''),
(264,	'TOTAZKA',	'Otázka',	'Question',	'',	'Otázka',	'',	'',	'',	'',	''),
(265,	'TPORADNA',	'Poradna',	'Poradna',	'',	'Poradna',	'',	'',	'',	'',	''),
(422,	'TZPUSOB_PLATBY',	'Způsob platby',	'',	'',	'',	'',	'',	'',	'',	''),
(376,	'TCENA_ZA_KS',	'Cena za ks',	'',	'',	'',	'',	'',	'',	'',	''),
(296,	'TPOLOZKA_SOUHLAS_CHYBA',	'Musíte udělit souhlas se zpracováním osobních údajů',	'',	'',	'',	'',	'',	'',	'',	''),
(300,	'THESLO_MUSI_BYT_VYPLNENO',	'Musíte vyplnit heslo a potvrdit heslo zadáním znovu. Heslo musí mít alespoň 8 znaků',	'',	'',	'',	'',	'',	'',	'',	''),
(301,	'TSOUHLAS_MUSI_BYT_UDELEN',	'Souhlas se zpracováním osobních údajů musí být uveden.',	'',	'',	'',	'',	'',	'',	'',	''),
(411,	'TCHYBA_FAKTURACNI_UDAJE',	'Fakturační údaje musí být vyplněny (ulice a číslo popisné, město a psč).',	'',	'',	'',	'',	'',	'',	'',	''),
(302,	'TREGISTRACE_BYLA_USPESNA',	'Vaše registrace byla úspěšná, nyní se můžete přihlásit',	'',	'',	'',	'',	'',	'',	'',	''),
(388,	'TPOCET',	'Počet',	'',	'',	'',	'',	'',	'',	'',	''),
(389,	'TCENA_CELKEM',	'Cena celkem',	'',	'',	'',	'',	'',	'',	'',	''),
(390,	'TZPET_NA_ESHOP',	'Zpět do obchodu',	'',	'',	'',	'',	'',	'',	'',	''),
(312,	'TKONTAKTNI_EMAIL',	'Kontaktní email',	'',	'',	'',	'',	'',	'',	'',	''),
(392,	'TKOSIK_BYL_PREPOCITAN',	'Košík byl přepočítán',	'',	'',	'',	'',	'',	'',	'',	''),
(393,	'TZPET_NA_PREHLED',	'Zpět na přehled',	'',	'',	'',	'',	'',	'',	'',	''),
(325,	'TULOZIT',	'Uložit',	'',	'',	'',	'',	'',	'',	'',	''),
(327,	'TULOZENO',	'Úspěšně uloženo',	'',	'',	'',	'',	'',	'',	'',	''),
(328,	'TERROR_EMAIL',	'Email je ve špatném formátu',	'',	'',	'',	'',	'',	'',	'',	''),
(386,	'TDALSI_INFORMACE',	'Další informace',	'',	'',	'',	'',	'',	'',	'',	''),
(387,	'TPRIDANO_DO_KOSIKU',	'Produkt byl přidán do košíku',	'',	'',	'',	'',	'',	'',	'',	''),
(332,	'TPOLOZKA_SMAZANA',	'Položka byla odstraněna z košíku',	'',	'',	'',	'',	'',	'',	'',	''),
(333,	'TKOSIK_JE_PRAZDNY',	'Košík je prázdný',	'',	'',	'',	'',	'',	'',	'',	''),
(377,	'TNAZEV_PRODUKTU',	'Název',	'',	'',	'',	'',	'',	'',	'',	''),
(335,	'TCELKEM',	'Celkem',	'',	'',	'',	'',	'',	'',	'',	''),
(336,	'TZAPLATIT',	'Zaplatit',	'',	'',	'',	'',	'',	'',	'',	''),
(337,	'TPRECIST',	'Přečíst',	'',	'',	'',	'',	'',	'',	'',	''),
(385,	'THMOTNOST',	'Hmotnost',	'',	'',	'',	'',	'',	'',	'',	''),
(342,	'TA_DOKONCIT_REGISTRACI',	'a dokončit registraci',	'',	'',	'',	'',	'',	'',	'',	''),
(343,	'TDISKUZE_K_CLANKU',	'Diskuze k článku',	'',	'',	'',	'',	'',	'',	'',	''),
(344,	'TCASTKA',	'Částka',	'',	'',	'',	'',	'',	'',	'',	''),
(440,	'TDATUM_ODJEDNAVKY',	'Datum vytvoření objednávky',	'',	'',	'',	'',	'',	'',	'',	''),
(423,	'TDOPRAVA',	'Doprava',	'',	'',	'',	'',	'',	'',	'',	''),
(438,	'TOBJEDNAVKA_BYLA_ODESLANA',	'Děkujeme za Vaši objednávku. Na Váš email byla odeslána rekapitulace.',	'',	'',	'',	'',	'',	'',	'',	''),
(354,	'TID_UZIVATELE',	'ID uživatele',	'',	'',	'',	'',	'',	'',	'',	''),
(355,	'TERROR_PRESMEROVANI_NA_PLATEBNI_BRANU',	'V tuto chvíli Vás nemůžeme přesměrovat na platební bránu, kontaktujte nás!',	'',	'',	'',	'',	'',	'',	'',	''),
(356,	'TERROR_PLATBA',	'Platbu se nepodařilo uskutečnit, kontaktujte Vaši banku.',	'',	'',	'',	'',	'',	'',	'',	''),
(357,	'TOK_PLATBA',	'Děkujeme. Platba proběhla v pořádku.',	'',	'',	'',	'',	'',	'',	'',	''),
(358,	'TOK_PLATBA_NOVY_UZIVATEL',	'Děkujeme. Platba proběhla v pořádku. Nyní se můžete přihlásit.',	'',	'',	'',	'',	'',	'',	'',	''),
(441,	'TBALNE',	'Balné',	'',	'',	'',	'',	'',	'',	'',	''),
(442,	'TPRODEJNA',	'Prodejna',	'',	'',	'',	'',	'',	'',	'',	''),
(378,	'TPROFIL_UZIVATELE',	'Můj účet',	'',	'',	'',	'',	'',	'',	'',	''),
(391,	'TPOKRACOVAT_NA_DODACI_UDAJE',	'Pokračovat na dodací údaje',	'',	'',	'',	'',	'',	'',	'',	''),
(367,	'TERROR_PLATBA_CREATED',	'Děkujeme. Po ověření platby Vám bude zaslána faktura, případně informace o platbě.',	'',	'',	'',	'',	'',	'',	'',	''),
(368,	'TSMAZANO',	'Smazáno',	'',	'',	'',	'',	'',	'',	'',	''),
(379,	'TMAPA_ROZVOZU',	'Mapa rozvozu',	'',	'',	'',	'',	'',	'',	'',	''),
(380,	'TPATICKA_KONTAKT',	'Kontakt',	'',	'',	'',	'',	'',	'',	'',	''),
(381,	'TPATICKA_PLATBY',	'Přijímáme online objednávky',	'',	'',	'',	'',	'',	'',	'',	''),
(382,	'TPATICKA_INFORMACE',	'Informace',	'',	'',	'',	'',	'',	'',	'',	''),
(383,	'TPATICKA_FACEBOOK',	'Facebook',	'',	'',	'',	'',	'',	'',	'',	''),
(394,	'THESLO_ZNOVU',	'Heslo znovu',	'',	'',	'',	'',	'',	'',	'',	''),
(395,	'TULICE',	'Ulice',	'',	'',	'',	'',	'',	'',	'',	''),
(396,	'TCP',	'Číslo popisné',	'',	'',	'',	'',	'',	'',	'',	''),
(397,	'TPSC',	'PSČ',	'',	'',	'',	'',	'',	'',	'',	''),
(398,	'TFAKTURACNI_ADRESA',	'Fakturační adresa',	'',	'',	'',	'',	'',	'',	'',	''),
(399,	'TDODACI_ADRESA',	'Dodací adresa',	'',	'',	'',	'',	'',	'',	'',	''),
(400,	'TSOUHLAS_SE_ZPRACOVANIM_OSOBNICH_UDAJU',	'Souhlasím se zpracováním osobních údajů.',	'',	'',	'',	'',	'',	'',	'',	''),
(401,	'TSOUHLAS_NEWSLETTER',	'Přeji si dostávat informace o novinkách.',	'',	'',	'',	'',	'',	'',	'',	''),
(402,	'TCELKEM_S_DPH',	'Celkem s DPH',	'',	'',	'',	'',	'',	'',	'',	''),
(403,	'TREGISTROVAT',	'Registrovat',	'',	'',	'',	'',	'',	'',	'',	''),
(404,	'TPOKRACOVAT_NA_DOPRAVU_A_PLATBU',	'Pokračovat na výběr dopravy a platby',	'',	'',	'',	'',	'',	'',	'',	''),
(405,	'TDODACI_ADRESA_JE_JINA',	'Dodací adresa je jiná než fakturační',	'',	'',	'',	'',	'',	'',	'',	''),
(406,	'TREGISTROVAT_JAKO_FIRMA',	'Registrovat jako firma',	'',	'',	'',	'',	'',	'',	'',	''),
(407,	'TINFORMACE_O_FIRME',	'Informace o firmě',	'',	'',	'',	'',	'',	'',	'',	''),
(412,	'TCHYBA_DODACI_UDAJE',	'Dodací údaje musí být vyplněny správně (ulice a číslo popisné, město a psč).',	'',	'',	'',	'',	'',	'',	'',	''),
(413,	'TCHYBA_FIREMNI_UDAJE',	'Název firmy a IČ musí být vyplněno. Zkontrolujte prosím všechny zadané údaje o firmě.',	'',	'',	'',	'',	'',	'',	'',	''),
(414,	'TNACITAM_PRODUKTY',	'Načítáme další produkty ...',	'',	'',	'',	'',	'',	'',	'',	''),
(415,	'TDALSI_PRODUKTY',	'další produkty',	'',	'',	'',	'',	'',	'',	'',	''),
(416,	'TRAZENI_NAZEV_VZESTUPNE',	'podle názvu A - Z',	'',	'',	'',	'',	'',	'',	'',	''),
(417,	'TRAZENI_NEJLEVNEJSI',	'nejlevnější',	'',	'',	'',	'',	'',	'',	'',	''),
(418,	'TRAZENI_NEJDRAZSI',	'nejdražší',	'',	'',	'',	'',	'',	'',	'',	''),
(419,	'TROZVOZ_PSC_OK',	'Skvělé, na tuto adresu rozvážíme.',	'',	'',	'',	'',	'',	'',	'',	''),
(420,	'TROZVOZ_PSC_ERROR',	'Bohužel na tuto adresu momentálně nerozvážíme!',	'',	'',	'',	'',	'',	'',	'',	''),
(421,	'TPOKRACOVAT_NA_SOUHRN_OBJEDNAVKY',	'Pokračovat na souhrn objednávky',	'',	'',	'',	'',	'',	'',	'',	''),
(425,	'TNELZE_VYZIT_ROZVOZ',	'Na vaši adresu nerozvážíme. Máte možnost jen osobního odběru na některé z našich prodejen.',	'',	'',	'',	'',	'',	'',	'',	''),
(426,	'TVYBERTE_PLATBU',	'Vyberte způsob platby',	'',	'',	'',	'',	'',	'',	'',	''),
(427,	'TVYBERTE_DOPRAVU',	'Vyberte způsob dopravy',	'',	'',	'',	'',	'',	'',	'',	''),
(428,	'TOBJEDNAT',	'Objednat',	'',	'',	'',	'',	'',	'',	'',	''),
(429,	'TZDARMA',	'Zdarma',	'',	'',	'',	'',	'',	'',	'',	''),
(430,	'TZBOZI',	'Zboží',	'',	'',	'',	'',	'',	'',	'',	''),
(431,	'TADRESA_DORUCENI_JE_STEJNA_JAKO_FAKTURACNI',	'Adresa doručení je stejná jako fakturační',	'',	'',	'',	'',	'',	'',	'',	''),
(435,	'TSTAV',	'Stav',	'',	'',	'',	'',	'',	'',	'',	''),
(436,	'TCISLO_OBJEDNAVKY',	'Číslo objednávky',	'',	'',	'',	'',	'',	'',	'',	''),
(437,	'TDODACI_ADRESA_JE_STEJNA_JAKO_FAKTURACNI',	'Dodací adresa je stejná jako fakturační',	'',	'',	'',	'',	'',	'',	'',	''),
(439,	'TCISLO_ODJEDNAVKY',	'Číslo objednávky',	'',	'',	'',	'',	'',	'',	'',	''),
(443,	'TPOLSTINA',	'Polština',	'Polish',	'',	'',	'Polskie',	'',	'',	'Польский',	''),
(444,	'TRUSTINA',	'Ruština',	'Russian',	'',	'',	'Rosyjski',	'',	'',	'русский',	''),
(445,	'TREFERENCE',	'Reference',	'Referencies',	'Referencies',	'Referencies',	'Referencies',	'',	'',	'Referencies',	'Referencies'),
(446,	'TPRIPADOVE_STUDIE',	'Případové studie',	'case studies',	'case studies',	'case studies',	'case studies',	'case studies',	'case studies',	'case studies',	'case studies');

DROP TABLE IF EXISTS `preklady_administrace`;
CREATE TABLE `preklady_administrace` (
  `idPrekladu` int(11) NOT NULL AUTO_INCREMENT,
  `konstanta` varchar(150) COLLATE utf8_czech_ci NOT NULL,
  `cz` text COLLATE utf8_czech_ci NOT NULL,
  `en` text COLLATE utf8_czech_ci NOT NULL,
  PRIMARY KEY (`idPrekladu`),
  UNIQUE KEY `konstanta` (`konstanta`)
) ENGINE=MyISAM DEFAULT CHARSET=utf8 COLLATE=utf8_czech_ci;

INSERT INTO `preklady_administrace` (`idPrekladu`, `konstanta`, `cz`, `en`) VALUES
(2,	'ERROR_STRANKA_OBSAHUJE_MAPU_WEBU_A_NELZE_JI_SMAZAT',	'Stránka obsahuje mapu webu a nelze ji smazat',	'This page contains a site map and can not be deleted'),
(3,	'ERROR_STRANKA_JE_NADRAZENOU_STRANKOU_JINE_STRANKY',	'Stránka je nadřazenou stránkou jiných stránek. Pokud chcete stránku vymazat, smažte nejdříve podřízené stránky.',	'This page is the parent pages of other sites. If you want to delete a page, delete the first sub-pages.'),
(4,	'ERROR_STRANKA_OBSAHUJE_NOVINKY',	'Stránka obsahuje novinky. Pokud chcete stránku smazat, vymažte nejdříve novinky, které obsahuje',	'This page contains news. If you want to delete a page, delete the first news that contains'),
(5,	'ERROR_STRANKA_OBSAHUJE_CLANKY',	'Rubriky',	'Rubrics'),
(1252,	'TPRIDAT_NAPOVEDU',	'Přidat nápovědu',	'Add help'),
(6,	'ERROR_STRANKA_OBSAHUJE_NOVINKY_NELZE_PREVEST_NA_JINY_TYP',	'Protože stránka již obsahuje novinky nelze ji převést na jiný typ. Pokud chcete přesto stránku převést na jiný typ, smažte všechny novinky, které obsahuje.',	'This page contains news, you can not convert to another type. If you still want to convert to a different page type, delete all the news it contains.'),
(7,	'ERROR_STRANKA_OBSAHUJE_CLANKY_NELZE_PREVEST_NA_JINY_TYP',	'Protože stránka již obsahuje články nelze ji převést na jiný typ. Pokud chcete přesto stránku převést na jiný typ, smažte všechny články, které obsahuje.',	'This page contains articles, you can not convert to another type. If you still want to convert to a different page type, delete all the articles it contains.'),
(8,	'ERROR_STRANKA_S_NOVINKAMI_JIZ_EXISTUJE',	'Stránku nelze uložit jako stránku s novinkami, protože stránka s novinkami již existuje.',	'You cant save it as a page with news. News page already exists.'),
(9,	'TSTRANKY',	'Seznam stránek',	'Pages'),
(10,	'TPRISTUPY_KE_STRANKAM',	'Přístupy ke stránkám',	'Access to pages'),
(11,	'TNASTAVENI',	'Nastavení',	'Settings'),
(12,	'TSEZNAM_STRANEK',	'Seznam stránek',	'List of pages'),
(13,	'TNAZEV',	'Název',	'Name'),
(14,	'TZANORENI',	'Zanoření',	'Nesting'),
(15,	'TTYP',	'Typ',	'Type'),
(16,	'TUVODNI',	'Úvodní',	'Homepage'),
(17,	'TODKAZ',	'Odkaz',	'Link'),
(18,	'TAKTIVNI',	'Aktivní',	'Active'),
(19,	'TAKCE',	'Akce',	'Action'),
(20,	'TSTRANKA',	'Stránka',	'Page'),
(21,	'TMAPA_WEBU',	'Mapa stránek',	'Sitemap'),
(22,	'TNOVINKY',	'Novinky',	'News'),
(23,	'TCLANKY',	'Články',	'Articles'),
(24,	'TARCHIV_CLANKU',	'Archív článků',	'Archive of articles'),
(25,	'TCHYBOVA_STRANKA',	'Chybová stránka',	'Page 404'),
(26,	'TOPRAVDU_CHCETE_SMAZAT_STRANKU',	'Opravdu chcete smazat stránku s názvem %s? Tuto operaci nelze vrátit zpět.',	'Do you want to delete the page named %s?'),
(27,	'TNENALEZEN_ZADNY_ZAZNAM',	'Nenalezena žádná položka seznamu',	'Found no entry list'),
(29,	'TANO',	'Ano',	'Yes'),
(30,	'TNE',	'Ne',	'No'),
(31,	'TOBSAH',	'Obsah',	'Content'),
(32,	'TVYTVORENO',	'Vytvořeno',	'Created'),
(33,	'TAKTUALIZOVANO',	'Aktualizováno',	'Updated'),
(34,	'TNAHLED',	'Náhled',	'Preview'),
(35,	'TSTATISTIKY',	'Statistiky',	'Statistics'),
(36,	'TZPET',	'Zpět',	'Back'),
(37,	'TZPET_NA_SEZNAM_STRANEK',	'Zpět na seznam stránek',	'Back to the list of pages'),
(38,	'TOBSAH_STRANKY',	'Obsah stránky',	'Page content'),
(39,	'TNASTAVENI_STRANKY',	'Nastavení stránky',	'Page settings'),
(40,	'TZAKLADNI_UDAJE',	'Základní údaje',	'Basic information'),
(41,	'TNAZEV_STRANKY_V_MENU',	'Název stránky v menu',	'Name page in the menu'),
(42,	'THLAVNI_NADPIS_STRANKY',	'Hlavní nadpis stránky',	'Main page title'),
(43,	'TSTANDARDNI_STRANKA',	'Standardní stránka',	'Standard page'),
(44,	'TSTRANKA_S_CLANKY',	'Stránka s články',	'Page contains articles'),
(45,	'TSTRANKA_S_NOVINKAMI',	'Stránka s novinkami',	'Page contains news'),
(46,	'TUVODNI_STRANKA',	'Úvodní stránka',	'Homepage'),
(47,	'TZARADIT_DO_MENU',	'Zařadit do menu',	'Include in menu'),
(48,	'TPRIVATNI_STRANKA',	'Privátní stránka',	'Private page'),
(49,	'TZOBRAZOVAT',	'Aktivní',	'Active'),
(50,	'TSABLONA_PANELU',	'Šablona panelů',	'Template panels'),
(51,	'TDIVAK',	'Divák',	'Viewer'),
(52,	'TUZIVATEL',	'Uživatel',	'User'),
(53,	'TUZIVATELE_OPRAVNENI_K_MANIPULACI_SE_STRANKOU',	'Uživatelé oprávněni k manipulaci se stránkou',	'Authorized users to manipulate the page'),
(54,	'TUZIVATELE',	'Uživatelé',	'Users'),
(55,	'TNENALEZEN_ZADNY_UZIVATEL_S_PRAVY_UZIVATEL_NEBO_DIVAK',	'Nenalezen žádný uživatel s právy divák nebo uživatel',	'No users with full rights the viewer or user'),
(56,	'TSEO_PARAMETRY',	'SEO parametry',	'SEO parameters'),
(57,	'TULOZIT',	'Uložit',	'Save'),
(58,	'TURL_NAZEV',	'URL',	'URL'),
(59,	'TTITLE',	'Title',	'Title'),
(60,	'TDESCRIPTION',	'Description',	'Description'),
(61,	'TVYHLEDAT_STRANKU',	'Vyhledat stránku',	'Search page'),
(62,	'THLEDANY_VYRAZ',	'Hledaný výraz',	'Searched text'),
(63,	'THLEDAT',	'Hledat ID nebo název',	'Search in ID or name'),
(64,	'TNEOMEZENY_PRISTUP',	'Neomezený přístup',	'Unrestricted access'),
(65,	'TPRISTUP_UKONCEN',	'Přístup ukončen',	'Access closed'),
(66,	'TVYHLEDAT_UZIVATELE',	'Vyhledat uživatele',	'Search user'),
(67,	'TVSECHNY_STRANKY',	'Všechny stránky',	'All pages'),
(68,	'TSEZNAM_UZIVATELU',	'Seznam uživatelů',	'Userlist'),
(69,	'TJMENO_A_PRIJMENI',	'Jméno a příjmení',	'Name and surname'),
(70,	'TOPRAVDU_SMAZAT_UZIVATELE',	'Opravdu smazat uživatele %s?',	'Really delete user %s?'),
(71,	'TNASTAVENI_UZIVATELE',	'Nastavení uživatele',	'User settings'),
(72,	'TDOSUD_NEPRIHLASEN',	'Dosud nepřihlášen',	'Not logged'),
(73,	'TZPET_NA_SEZNAM_UZIVATELU',	'Zpět na seznam uživatelů',	'Back to userlist'),
(74,	'TPRISTUPOVE_UDAJE',	'Přístupové údaje',	'Login'),
(75,	'TNASTAVENI_PRISTUPOVYCH_UDAJU',	'Nastavení přístupových údajů',	'Setting login data'),
(76,	'THESLO',	'Heslo',	'Password'),
(77,	'TNOVE_HESLO',	'Nové heslo',	'New password'),
(78,	'TPRISTUP_KE_STRANKAM',	'Přístup ke stránkám',	'Access to pages'),
(79,	'TU_ZADNE_STRANKY_NENI_POZADOVANA_AUTENTIZACE',	'Nenalezena žádná privátní stránka',	'No private page'),
(80,	'TDNI',	'dní',	'days'),
(81,	'TDELKA_PRISTUPU',	'Délka přístupu',	'Length of access'),
(82,	'TNAPOSLEDY_PRIHLASEN',	'Poslední přihlášení',	'Last logged'),
(83,	'TPRISTUP_POVOLEN_DNE',	'Přístup povolen dne',	'Access is allowed'),
(84,	'TPRISTUP_UKONCEN_DNE',	'Přístup ukončen dne',	'Access closed on'),
(85,	'TDO_UKONCENI_PLATNOSTI_PRISTUPU_ZBYVA',	'Do ukončení platnosti přístupu zbývá',	'To expired access remains'),
(86,	'TZMENIT_DELKU_PRISTUPU_NA',	'Změnit délku přístupu na',	'Change the length of access to'),
(87,	'TDEN',	'den',	'day'),
(88,	'TDNY',	'dny',	'days'),
(89,	'TNEMENIT',	'Neměnit',	'Do not change'),
(90,	'TVYHLEDAVANI',	'Vyhledávání',	'Search'),
(91,	'TNASTAVENI_VYHLEDAVANI',	'Nastavení vyhledávání',	'Search settings'),
(92,	'TPROHLEDAVAT_NOVINKY',	'Prohledávat novinky',	'Search the news'),
(93,	'TRADIT_VYSLEDKY_DO_SKUPIN',	'Řadit výsledky do skupin',	'Sort results into groups'),
(98,	'TPRIDAT_SABLONU',	'Přidat šablonu',	'Add template'),
(99,	'TSABLONY',	'Šablony',	'Templates'),
(100,	'TSEZNAM_SABLON',	'Seznam šablon',	'List templates'),
(101,	'TOPRAVDU_SMAZAT',	'Opravdu chcete smazat %s?',	'Really want to delete %s?'),
(102,	'TNASTAVENI_SABLONY',	'Nastavení',	'Settings'),
(115,	'TSTRANKY_S_CLANKY',	'Stránky s články',	'List of rubrics'),
(104,	'TKLICOVA_SLOVA',	'Klíčová slova',	'Keywords'),
(105,	'TOD',	'Od',	'Since'),
(106,	'TDO',	'Do',	'To'),
(107,	'TZOBRAZIT',	'Aktivní',	'Active'),
(108,	'TJEDINECNI_NAVSTEVNICI',	'Jedineční návštěvníci',	'Unique visitors'),
(109,	'TODKAZUJICI_STRANKY',	'Odkazující stránky',	'Referring sites'),
(110,	'TNAPOVEDA',	'Nápověda',	'Help'),
(111,	'TID',	'Id',	'Id'),
(112,	'TPRIDAT_STRANKU',	'Přidat stránku',	'Add pages'),
(113,	'TPOZNAMKA',	'Poznámka',	'Note'),
(114,	'TZPET_NA_SEZNAM_SABLON',	'Zpět na seznam šablon',	'Back to list templates'),
(116,	'TSEZNAM_STRANEK_S_CLANKY',	'Seznam rubrik',	'List of rubrics'),
(117,	'TNASTAVENI_CLANKU',	'Nastavení článku',	'Article settings'),
(1344,	'TPOCET_CLANKU_NA_STRANKU',	'Počet článků na stránku',	'Number of articles on page'),
(127,	'TNAHODNE',	'Náhodně',	'Random'),
(128,	'TNEJNOVEJSI',	'Nejnovější',	'Latest'),
(129,	'TNEJCTENEJSI',	'Nejčtenější',	'Most read'),
(130,	'TPRIDAT_CLANEK',	'Přidat článek',	'Add article'),
(131,	'TSEZNAM_CLANKU',	'Seznam článků',	'List of articles'),
(132,	'TTITULEK',	'Titulek',	'Title'),
(133,	'TPRUMERNE_HODNOCENI_POCET_HLASOVANI',	'Prům. hodnocení / počet hlasování',	'Avg. rating / number of votes'),
(134,	'TV_ARCHIVU',	'V archívu',	'In archive'),
(135,	'TOBSAH_CLANKU',	'Obsah článku',	'Article contents'),
(136,	'TZPET_NA_SEZNAM_CLANKU',	'Zpět na seznam článků',	'Back to list of articles'),
(137,	'TPEREX',	'Perex',	'Perex'),
(138,	'TNAHRAT_OBRAZEK',	'Nahrát obrázek',	'Upload image'),
(139,	'TNENI_ULOZEN_ZADNY_OBRAZEK',	'Není uložen žádný obrázek',	'There is no image stored'),
(140,	'TOBRAZEK_NENALEZEN',	'Obrázek nenalezen',	'Image not found'),
(141,	'TOBRAZEK',	'obrázek',	'image'),
(142,	'TNACASOVANI_ZOBRAZENI_A_ARCHIVACE',	'Publikování',	'Publish'),
(143,	'TARCHIVOVAT',	'Archivovat',	'Archiving'),
(144,	'TSOUVISEJICI_CLANKY',	'Související články',	'Related articles'),
(145,	'TJEDINECNE_NAVSTEVY',	'Jedinečné návštěvy',	'Unique visits'),
(146,	'TZOBRAZENI_STRANKY',	'Zobrazení stránky',	'Pageviews'),
(147,	'TEDITACE_PANELU',	'Editace panelů',	'Editing panels'),
(151,	'TSOUBOR',	'Soubor',	'File'),
(152,	'TVELIKOST',	'Velikost',	'Size'),
(153,	'TNENI_NAHRAN_ZADNY_SOUBOR',	'Není nahrán žádný soubor',	'No file upload'),
(154,	'TNAHRANE_OBRAZKY',	'Nahrané obrázky',	'Uploaded images'),
(156,	'TNENALEZEN_ZADNY_OBRAZEK',	'Nenalezen žádný obrázek',	'No image'),
(158,	'ERROR_SOUBOR_NEEXISTUJE',	'Soubor neexistuje.',	'File does not exist.'),
(159,	'TSEZNAM_SABLON_PANELU',	'Seznam šablon panelů',	'List of panels templates'),
(160,	'TNASTAVENI_SABLONY_PANELU',	'Nastavení šablony panelů',	'Panels templates settings'),
(161,	'TOBSAH_PANELU',	'Obsah panelů',	'Panel content'),
(162,	'TSEZNAM_VYTVORENYCH_OBJEKTU',	'Nepřiřazené boxy',	'Unassigned boxes'),
(167,	'TANKETA',	'Anketa',	'Poll'),
(168,	'TFORMULAR',	'Formulář',	'Form'),
(169,	'TGALERIE',	'Galerie',	'Gallery'),
(170,	'TEDITBOX',	'Box',	'Box'),
(171,	'TODKAZY',	'Odkazy',	'Links'),
(1248,	'ERROR_KONSTANTA_MUSI_BYT_VYPLNENA',	'Konstanta musí být vyplněna',	'Constant must be filled'),
(173,	'TSOCIALNI_SITE',	'Sociální sítě',	'Social network'),
(174,	'TNEPOUZIVAT_SABLONU',	'Nepoužívat šablonu',	'Do not use a template'),
(175,	'TOBSAH_SABLONY',	'Obsah šablony',	'Template content'),
(176,	'TNAHRAT_SOUBOR',	'Nahrát soubor',	'Upload file'),
(177,	'TSMAZAT',	'Smazat',	'Delete'),
(179,	'TVYCHOZI',	'výchozí',	'default'),
(181,	'TPRIDAT_NOVINKU',	'Přidat novinku',	'Add news'),
(182,	'TSEZNAM_NOVINEK',	'Seznam novinek',	'News list'),
(183,	'TZPET_NA_SEZNAM_NOVINEK',	'Zpět na seznam novinek',	'Back to news list'),
(184,	'TPOCET_NA_UVODNI_STRANKU',	'Počet novinek na úvodní stránce',	'Number of news on the home page'),
(185,	'TRSS',	'RSS',	'RSS'),
(186,	'TOBSAH_NOVINKY',	'Obsah novinky',	'News content'),
(188,	'TNACASOVANI_ZOBRAZENI',	'Publikování',	'Publishing'),
(198,	'TSEZNAM_ANKET',	'Seznam anket',	'List of polls'),
(199,	'TPRIDAT_ANKETU',	'Přidat anketu',	'Add poll'),
(200,	'TNASTAVENI_ANKETY',	'Nastavení ankety',	'Poll settings'),
(201,	'TZPET_NA_SEZNAM_ANKET',	'Zpět na seznam anket',	'Back to poll list'),
(202,	'TOBSAH_ANKETY',	'Obsah ankety',	'Poll content'),
(203,	'TOTAZKA',	'Otázka',	'Question'),
(204,	'THODNOTY_VYSLEDKU_HLASOVANI',	'Zobrazovat počet hlasů v anketě',	'Show the number of votes in poll'),
(205,	'TPROCENTA',	'procenta',	'percent'),
(206,	'THLASY',	'hlasy',	'votes'),
(207,	'TNEAKTIVNI',	'Neaktivní',	'No active'),
(208,	'TPRIDAT_NOVOU_POLOZKU',	'Přidat novou položku',	'Add new item'),
(209,	'TODPOVED',	'Odpověď',	'Answer'),
(210,	'TBARVA',	'Barva',	'Color'),
(211,	'TNAHLED_A_EDITACE_POLOZEK',	'Orientační náhled ankety a editace položek',	'Orientation poll preview and editing items'),
(212,	'TSEZNAM_FORMULARU',	'Seznam formulářů',	'List of forms'),
(213,	'TFORMULAROVE_ZPRAVY',	'Formulářové zprávy',	'Forms messages'),
(214,	'TZPET_NA_SEZNAM_FORMULARU',	'Zpět na seznam formulářů',	'Back to list of forms'),
(215,	'TOBSAH_FORMULARE',	'Obsah formuláře',	'Form content'),
(216,	'TNASTAVENI_FORMULARE',	'Nastavení formuláře',	'Form settings'),
(217,	'TEMAIL_PRO_ODESLANI',	'Email pro odeslání',	'Email for sending'),
(218,	'TNAZEV_ODESILAJICIHO_TLACITKA',	'Název odesílajícího tlačítka',	'Name of the sending button'),
(219,	'TPOTVRZENI_PO_USPESNEM_ODESLANI',	'Potvrzení po úspěšném odeslání',	'Confirmation after successful sending'),
(220,	'TUKLADAT_ZPRAVY',	'Ukládat zprávy',	'Save message'),
(221,	'TANISPAMOVA_OCHRANA',	'Antispamová ochrana',	'Antispam protection'),
(222,	'TPOTVRZOVACI_EMAIL',	'Potvrzovací email',	'Confirmation email'),
(223,	'TPOSILAT_POTVRZENI',	'Posílat potvrzení',	'Send confirmation'),
(224,	'TPREDMET_POTVRZENI',	'Předmět potvrzení',	'Subject confirmation'),
(225,	'TOBSAH_POTVRZENI',	'Obsah potvrzení',	'Content of confirmation'),
(226,	'TZARAZENI_EMAILU_DO_SKUPINY',	'Zařazení emailu odesílatele do skupiny',	'Inclusion of an email sender to a group'),
(227,	'TAUTOMATICKY_RADIT_DO_SKUPINY',	'Automaticky řadit do skupiny',	'Automatically copied to email group'),
(228,	'TNEJSOU_VYTVORENY_ZADNE_SKUPINY',	'Nejsou vytvořeny žádné skupiny pro příjemce. Skupiny založíte v modulu pro správu emailů.',	'There are no groups created for the recipient. Groups you create a in module for managing e-mails.'),
(229,	'TFORMULAR_INFO1',	'Prostřednictvím tohoto formuláře bylo zaznamenáno %s jedinečných emailových adres. Tyto adresy můžete využít ve svých emailových kampaních. Musíte je však manuálně přenést do některé ze skupin příjemců. Pokud však máte aktivováno automatické řazení do nějaké skupiny, emailová adresa se do této skupiny automaticky uloží při odeslání formuláře a není nutný manuální převod do dané skupiny',	'Through this form %s was recorded unique email addresses. You can use these addresses in their email campaigns. You must manually transfer is to a group of recipients. However, if you have activated the automatic inclusion in any group, e-mail address to this group automatically saved when you submit this form and manual transmission is not necessary for the group'),
(230,	'TMANUALNI_PREVOD_UZIVATELU_DO_SKUPINY',	'Manuální převod všech dosud uložených odesílatelů do skupiny.',	'Manual transmission all stored senders to the group.'),
(231,	'TVLASTNI_FORMULAR_PRAVIDLA',	'Při tvorbě html formuláře dodržujte následující pravidla:',	'When creating an HTML form, follow these rules:'),
(232,	'TVLASTNI_FORMULAR_PRAVIDLA_A',	'Formulář musí mít atribut action prázdný.',	'The form must have an action attribute empty.'),
(234,	'TVLASTNI_FORMULAR_PRAVIDLA_B',	'Formulář musí obsahovat následující řádek:',	'The form must contain the following line:'),
(235,	'TVLASTNI_FORMULAR_PRAVIDLA_C',	'Odesílací tlačítko musí mít atribut',	'Submit button must have attribute'),
(236,	'TVLASTNI_FORMULAR_PRAVIDLA_D',	'Každá položka formuláře musí mít atribut name, který vygenerujete vybráním položky v menu Dostupné položky',	'Each item form must have a name attribute, which generate by selecting the menu Available items'),
(237,	'TDOSTUPNE_POLOZKY',	'Dostupné položky',	'Available items'),
(238,	'TVYBERTE_POLOZKU',	'Vyberte položku',	'Select item'),
(239,	'TFORMULAR_INFO2',	'Pokud Vám nevyhovuje šablonová úprava formuláře můžete si formulář vytvořit vložením svého html kodu. Html obsah formuláře můžete editovat v části',	'HTML forms can be edited in part'),
(240,	'TFORMULAR_INFO3',	'Pokud je html kod formuláře zadán, je upřednostňován před skládáním formuláře pomocí položek.',	'When the html form code specified, is preferable to form by assembling items.'),
(241,	'TZPET_NA_SEZNAM_ZPRAV',	'Zpět na seznam zpráv',	'Back to messages list'),
(242,	'TZPRAVA',	'Zpráva',	'Message'),
(243,	'TPRIJATA_ZPRAVA',	'Přijatá zpráva',	'Received message'),
(244,	'TNAZEV_FORMULARE',	'Název formuláře',	'Form name'),
(245,	'TDATUM_A_CAS_PRIJETI_ZPRAVY',	'Datum a čas přijetí zprávy',	'Date and time of message'),
(246,	'TSTAV',	'Stav',	'State'),
(247,	'TODESILATEL',	'Odesílatel',	'Sender'),
(248,	'TPUVODNI_ZPRAVA',	'Původní zpráva',	'Original message'),
(249,	'TVAS_EMAIL',	'Váš email',	'Your e-mail'),
(250,	'TPREDMET',	'Předmět',	'Subject'),
(251,	'TODESLAT',	'Odeslat',	'Send'),
(252,	'TVSECHNY_ZPRAVY',	'všechny zprávy',	'All message'),
(253,	'TVYHLEDAT_ZPRAVU',	'Vyhledat zprávu',	'Search message'),
(254,	'TZPRAVY_Z_FORMULARE',	'Zprávy z formuláře',	'Messages from form'),
(255,	'TSEZNAM_ZPRAV',	'Seznam zpráv',	'List of messages'),
(256,	'TNAVSTEVNOST_WEBU',	'Návštěvnost webu',	'Visit website'),
(257,	'TVYHLEDAVANOST_VYRAZU',	'Vyhledávanost výrazů',	'Search terms'),
(258,	'TSTATISTIKA_NAVSTEVNOSTI',	'Statistika návštěvnosti',	'Visits statistics'),
(259,	'TNOVI_VS_VRACEJICI_SE_NAVSTEVNICI',	'Noví vs. vracející se návštěvníci',	'New vs. returning visitors'),
(260,	'TZDROJE_NAVSTEVNOSTI',	'Zdroje návštěvnosti',	'Visit rate sources'),
(261,	'TPRISTUP_KE_GOOGLE_ANALYTICS',	'Nastavení přístupu ke službě Google Analytics',	'Setting access to Google Analytics'),
(262,	'TID_PROFILU',	'Id profilu',	'Id profile'),
(263,	'TMERICI_KOD_GOOGLE_ANALYTICS',	'Google Analytics - číslo pro měření',	'Google Analytics - the number of measurement'),
(264,	'TMERICI_KOD',	'Měřící kód',	'Measuring code'),
(265,	'THLIDACI_PES',	'Hlídací pes',	'Watchdog'),
(266,	'TEMAIL_PRO_ZASILANI_REPORTU',	'Email pro zasílání reportů',	'Email for sending reports'),
(267,	'TZASILAT_REPORTY_A_UPOZORNENI',	'Zasílat reporty a upozornění',	'Receive reports and notifications'),
(268,	'TCHCI_BYT_UPOZORNEN_KDYZ_1',	'Chci být upozorněn na to, když návštěvnost mého webu přesáhne hranici.',	'I want to be reminded of it when my site visits exceeds the limit of'),
(269,	'TNAVSTEV',	'návštěv',	'visits'),
(270,	'TCHCI_BYT_UPOZORNEN_KDYZ_2',	'Chci být upozorněn na to, když návštěvnost mého webu klesne pod hranici X návštěv',	'I want to be reminded of it when my site visits falls below the limit'),
(271,	'TCHCI_BYT_UPOZORNEN_KDYZ_3',	'Chci být každý den informován o tom, jaká návštěvnost byla zaznamenána na mém webu poslední den',	'I want to be informed every day about what the visits was recorded on my website last day'),
(272,	'TCHCI_BYT_UPOZORNEN_KDYZ_4',	'Chci být každý týden informován o tom, jaká byla návštěvnost v uplynulém týdnu',	'I want to be informed every week about what was vists in last week'),
(273,	'TCHCI_BYT_UPOZORNEN_KDYZ_5',	'Chci být každý měsíc informován o tom, jaká byla návštěvnost v uplynulém měsíci.',	'I want to be informed every month about what was vists in last month.'),
(274,	'TSTATISTIKY_VYHLEDAVANOSTI_SLOV',	'Statistika vyhledávanosti slov',	'Statistics search words'),
(278,	'TVYRAZY',	'Výrazy',	'Terms'),
(279,	'TCETNOST',	'Četnost',	'Frequency'),
(280,	'TOPRAVDU_CHCETE_VYNULOVAT_STATISTIKU',	'Opravdu chcete vynulovat statistiku?',	'Really want to reset the statistics?'),
(281,	'TEMAIL',	'Email',	'E-mail'),
(282,	'TVYNULOVAT',	'Vynulovat',	'Reset'),
(283,	'TVYRAZ',	'Výraz',	'Term'),
(284,	'TOVERIT_DOSTUPNOST',	'Ověřit dostupnost',	'Check availability'),
(286,	'TSLEDOVAT_POCET_ZOBRAZENI_A_PROKLIKU',	'Sledovat počet zobrazení a prokliky.',	'Monitor the impressions and clicks.'),
(287,	'TSTRIDANI_EDITBOXU',	'Střídání boxů',	'Rotation boxes'),
(288,	'TKOLOTOC',	'Carousel s rovnoměrným střídáním',	'Carousel of boxes with uniform rotation'),
(289,	'TSAMOROTUJICI_KOLOTOC',	'Carousel s dynamickým střídáním.',	'Autorotation carousel of boxes with dynamic rotation.'),
(290,	'TBEZ_EFEKTU',	'bez efektu',	'no effect'),
(291,	'TROLETA_VODOROVNE',	'Roleta - vodorovně',	'Blinds - Horizontal'),
(292,	'TROLETA_SVISLE',	'Roleta - svisle',	'Blinds - Vertical'),
(293,	'TROLETA_SIKMO',	'Roleta - šikmo',	'Blinds - diagonally'),
(294,	'TPREKRYTI',	'Překrytí',	'Overlap'),
(295,	'TOPONA_VODOROVNE',	'Opona - vodorovně',	'Curtain - horizontally'),
(296,	'TOPONA_SVISLE',	'Opona - svisle',	'Curtain - vertically'),
(297,	'TPLYNULY_PRECHOD',	'Plynulý přechod',	'Smooth transition'),
(298,	'TPLYNULY_PRECHOD_SE_ZVETSOVANIM',	'Plynulý přechod se zvětšováním',	'Smooth transition zooming'),
(299,	'TROZDELIT_VODOROVNE',	'Rozdělit - vodorovně',	'Split - horizontally'),
(300,	'TROZDELIT_SVISLE',	'Rozdělit - svisle',	'Split - vertically'),
(301,	'TPRETOCIT_NAHORU',	'Přetočit - nahoru',	'Flip - up'),
(302,	'TPRETOCIT_DOLU',	'Přetočit - dolů',	'Flip - down'),
(303,	'TPRETOCIT_VLEVO',	'Přetočit - vlevo',	'Flip - left'),
(304,	'TPRETOCIT_VPRAVO',	'Přetočit - vpravo',	'Flip - right'),
(305,	'TPRETOCIT_VODOROVNE',	'Přetočit - vodorovně',	'Flip - horizontally'),
(306,	'TPRETOCIT_SVISLE',	'Přetočit - svisle',	'Flip - vertically'),
(307,	'TZAMICHAT',	'Zamíchat',	'Shuffle'),
(308,	'TVYKLOUZNUTI_VODOROVNE',	'Vyklouznutí - vodorovně',	'Slipping - horizontally'),
(309,	'TVYKLOUZNUTI_SVISLE',	'Vyklouznutí - svisle',	'Slipping - vertically'),
(310,	'TODHOZENI',	'Odhození',	'Discard'),
(311,	'TPREKRYT_NAHORU',	'Překrýt - nahoru',	'Overlay - up'),
(312,	'TPREKRYT_DOLU',	'Překrýt - dolů',	'Overlay - down'),
(313,	'TPREKRYT_VLEVO',	'Překrýt - vlevo',	'Overlay - left'),
(314,	'TPREKRYT_VPRAVO',	'Překrýt - vpravo',	'Overlay - right'),
(315,	'TODKRYT',	'Odkrýt',	'Uncover'),
(316,	'TPREKRYT_SIKMO',	'Překrýt šikmo',	'Overlay angle'),
(317,	'TZVETSIT',	'Zvětšit',	'Zoom'),
(318,	'TEFEKT',	'Efekt',	'Effect'),
(319,	'TPRODLEVA',	'Prodleva (s)',	'Timeout (s)'),
(320,	'TRYCHLOST_EFEKTU',	'Rychlost efektu (s)',	'Speed of effect (s)'),
(321,	'TPRIDAT_EDITBOX',	'Přidat box',	'Add box'),
(322,	'TPROKLIKY',	'Prokliky',	'Clicks'),
(323,	'TPOMER',	'Poměr (%)',	'Ratio (%)'),
(324,	'TPOCET_ZOBRAZENI',	'Počet zobrazení',	'Number of views'),
(325,	'TZPET_NA_SEZNAM_EDITBOXU',	'Zpět na seznam boxů',	'Back to list boxes'),
(326,	'TOBSAH_EDITBOXU',	'Obsah boxu',	'Box content'),
(327,	'TSEZNAM_EDITBOXU',	'Seznam boxů',	'List boxes'),
(328,	'TNAZEV_WEBU',	'Název webu',	'Web site name'),
(329,	'TURL_STRANKY_NA_FACEBOOKU',	'Url stránky na Facebooku',	'Facebook page URL'),
(330,	'TURL_STRANKY_NA_TWITTERU',	'Url stránky na Twitteru',	'Twitter page URL'),
(331,	'TID_APLIKACE',	'Id aplikace',	'Id apps'),
(332,	'TID_ADMIN',	'Id admin',	'Id Admin'),
(336,	'TLIKEBUTTON_INFO',	'Tlačítko To se mi líbí',	'Facebook Like button'),
(337,	'TLIKEBOX_INFO',	'Box To se mi líbí',	'Facebook LikeBox'),
(352,	'TPOPIS',	'Popis',	'Description'),
(353,	'TVYSKA',	'Výška',	'Height'),
(354,	'TSIRKA',	'Šířka',	'Width'),
(355,	'TPOCET_KOMENTARU',	'Počet komentářů',	'Number of comments'),
(358,	'TSVETLY',	'Světlý',	'Light'),
(359,	'TTMAVY',	'Tmavý',	'Dark'),
(360,	'TFONT_PISMA',	'Font písma',	'Font'),
(376,	'TSEZNAM_DOMEN',	'Seznam domén',	'List of domains'),
(379,	'TNASTAVENI_DOMENY',	'Nastavení domény',	'Domain settings'),
(380,	'TZPET_NA_SEZNAM_DOMEN',	'Zpět na seznam domén',	'Back to list domains'),
(381,	'TDOMENA',	'Doména',	'Domain'),
(382,	'TPOPIS_WEBU',	'Popis webu',	'Description of website'),
(383,	'TPOVOLIT_INDEXACI_STRANEK',	'Povolit indexaci a procházení stránek robotem',	'Allow indexing and browse pages robot'),
(384,	'TPOKROCILE_NASTAVENI',	'Pokročilé nastavení',	'Advanced settings'),
(385,	'TPRESMEROVAT_NA_WWW',	'Přesměrovat na verzi www',	'Redirect to www subdomain'),
(386,	'TADRESAR_WEBU',	'Adresář webu',	'Web directory'),
(387,	'TSTRUKTURA_URL_ADRES',	'Struktura url adres',	'URL Structure'),
(388,	'TKONCOVKA_URL_ADRES',	'Koncovka url adres',	'URLs ending'),
(389,	'TPRISTUP_K_MODULUM',	'Moduly, funkce a jazykové mutace',	'Modules, functions and language'),
(390,	'TMODULY',	'Moduly',	'Modules'),
(391,	'TBEZ_KONCOVKY',	'Bez koncovky',	'Without ending'),
(392,	'TID_NAZEV',	'id-název',	'id-name'),
(393,	'TNAZEV_ID',	'název-id',	'name-id'),
(394,	'TPODMODULY',	'Podmoduly',	'Functions'),
(399,	'TNASTAVENI_PANELU',	'Nastavení panelů',	'Panels settings'),
(400,	'TUZIVATELE_S_PRAVY_PRISTUPU',	'Uživatelé s právy přístupu',	'Users with access rights'),
(404,	'TLOGIN',	'Login',	'Login name'),
(408,	'TODEBRAT',	'Odebrat',	'Remove'),
(409,	'TPRIDAT_DOMENU',	'Přidat doménu',	'Add domain'),
(413,	'TVYCHOZI_SABLONA',	'Výchozí šablona',	'Default template'),
(415,	'TPRIDAT_UZIVATELE',	'Přidat uživatele',	'Add user'),
(416,	'TSPOLECNOST',	'Společnost',	'Company'),
(417,	'TJMENO',	'Jméno',	'First name'),
(418,	'TPRIJMENI',	'Příjmení',	'Last name'),
(419,	'TULICE',	'Ulice',	'Street'),
(420,	'TMESTO',	'Město',	'City'),
(421,	'TPSC',	'PSČ',	'ZIP'),
(422,	'TTELEFON',	'Telefon',	'Phone number'),
(423,	'TICO',	'IČO',	'Company ID'),
(424,	'TDIC',	'DIČ',	'VAT No.'),
(425,	'TPRISTUP_K_MODULUM_A_DOMENAM',	'Přístup k modulům a doménám',	'Access to modules and domains'),
(426,	'TPRISTUP',	'Přístup',	'Access'),
(427,	'TPRAVA',	'Práva',	'Privilege'),
(428,	'TDOMENY',	'Domény',	'Domains'),
(429,	'TNAPSAT_EMAIL',	'Napsat email',	'Email'),
(430,	'TKOMU',	'Komu',	'To'),
(432,	'TPROHLEDAVAT',	'Prohledávat',	'Search in'),
(435,	'TVYBERTE',	'Vyberte',	'Choose'),
(436,	'TVSECHNO',	'Vše',	'All'),
(437,	'ERROR_NEULOZENO_Z_DUVODU_DUPLICITY',	'%s záznamů nebylo uloženo z důvodu duplicity',	'%s records were not saved because of duplication'),
(438,	'ERROR_NEULOZENO_Z_DUVODU_NESPRAVNE_STRUKTURY_ZAZNAMU',	'%s záznamů neuloženo z důvodu nesprávné struktury záznamu',	'%s records not saved because of an incorrect record structure'),
(439,	'ERROR_NEULOZENO_Z_DUVODU_CHYBNYCH_UDAJU_V_ZAZNAMU',	'%s záznamů neuloženo z důvodu chybných údajů v záznamu.',	'%s records not saved because of errors in the record.'),
(440,	'OK_ULOZENO_X_Z_CELKOVEHO_POCTU',	'Úspěšně uloženo %s záznamů z celkového počtu %s záznamů.',	'Successfully saved %s records from a total of %s entries.'),
(1358,	'TZPET_NA_SEZNAM_NASTAVENI',	'Zpět na seznam nastavení',	'Back to list of settings'),
(460,	'TPRIDAT_POLOZKU',	'Přidat novou položku',	'Add new item'),
(465,	'TPRILOHA',	'Příloha',	'Attachment'),
(466,	'TPRIDAT_PRILOHU',	'Přidat přílohu',	'Add email attachment'),
(467,	'TPRILOZENE_PRILOHY',	'Přiložené přílohy',	'Attached files'),
(470,	'TNEBO',	'Nebo',	'or'),
(1245,	'TUKLADAM',	'ukládám',	'saving'),
(474,	'TIMPORTOVAT',	'Importovat',	'Import'),
(475,	'TEXPORTOVAT',	'Exportovat',	'Export'),
(476,	'TURL',	'Url adresa',	'Url'),
(477,	'TZADNY',	'Žádný',	'None'),
(479,	'TFORMAT',	'Formát',	'Format'),
(480,	'ERROR_MAXIMALNI_POCET_PRILOH_PRO_ZAZNAMY_ADRESARE',	'Pokoušíte se nahrát více příloh než je povoleno. Max. počet příloh je %s.',	'You are trying to upload multiple attachments than is allowed. Max. number of attachments is %s'),
(481,	'ERROR_MAX_VELIKOST_SOUBORU_PRO_PRILOHY_ADRESARE',	'Soubor %s je příliž velký. Nesmí přesahovat velikost %s kB.',	'File% s is too large. Must not exceed %s KB size.'),
(484,	'OK_ULOZENO',	'Uloženo',	'Successfully saved'),
(488,	'OK_SMAZANO',	'Úspěšně smazáno',	'Successfully deleted'),
(489,	'OK_VYNULOVANO',	'Úspěšně vynulováno',	'Successfully reset'),
(490,	'OK_UZIVATEL_ODPOJEN',	'Uživatel byl úspěšně odpojen od domény',	'User was successfully disconnected from domain'),
(491,	'OK_ODESLANO',	'Zpráva úspěšně odeslána',	'Message sent successfully'),
(492,	'OK_PREVEDENO_EMAILU',	'Úspěšně převedeno emailových adres',	'Successfully transferred e-mail addresses'),
(498,	'ERROR_ODESLANO',	'Zprávu se nepodařilo odeslat',	'Email failed to send'),
(500,	'ERROR_NELZE_SMAZAT',	'Nelze smazat',	'Can not delete'),
(503,	'ERROR_CSV',	'Soubor CSV není v požadovaném formátu',	'Csv file is not in the required format'),
(504,	'ERROR_XLS',	'Soubor XLS není v požadovaném formátu',	'Xls file is not in the required format'),
(505,	'ERROR_XML',	'Soubor XML není v požadovaném formátu',	'Xml file is not in the required format'),
(512,	'ERROR_NEPLATNE_HESLO',	'Chybné heslo',	'The password is incorrect'),
(513,	'ERROR_HESLA_NESOUHLASI',	'Hesla nesouhlasí',	'Passwords do not match'),
(516,	'ERROR_VYPLNENI_ZPRAVY',	'Obsah emailu musí být vyplněn',	'Email content must be filled'),
(517,	'ERROR_EMAIL',	'Email je chybný',	'Email is incorrect'),
(519,	'ERROR_PRIJMENI_UZIVATELE',	'Příjmení uživatele musí být vyplněno',	'Surname must be filled'),
(520,	'ERROR_JMENO_UZIVATELE',	'Jméno uživatele musí být vyplněno',	'User name must be filled'),
(521,	'ERROR_EMAIL_PRIJEMCE',	'Email příjemce je chybný nebo není uveden',	'E-mail recipient is incorrect or omitted'),
(522,	'ERROR_EMAIL_ODESILATELE',	'Email odesílatele je chybný nebo není uveden',	'Email address is incorrect or omitted'),
(523,	'ERROR_LOGIN',	'Login je prázdný nebo je chybně zadán',	'Login is empty or is incorrectly specified'),
(524,	'ERROR_LOGIN_EXISTUJE',	'Login již existuje, zvolte prosím jiný',	'Login already exists, please choose another'),
(525,	'ERROR_EMAIL_EXISTUJE',	'Email již existuje, zvolte prosím jiný',	'Email already exists, please choose another'),
(526,	'ERROR_DOMENA_EXISTUJE',	'Doména již existuje',	'Domain already exists'),
(528,	'ERROR_ICO',	'Neplatné ičo',	'Invalid company ID'),
(529,	'ERROR_DIC',	'Neplatné dič',	'Invalid tax'),
(530,	'ERROR_URL',	'Neplatná url adresa',	'Invalid url address'),
(531,	'ERROR_NENI_UVEDEN_ZDROJ',	'Musí být zadán soubor nebo url adresa',	'Must be specified file or URL'),
(533,	'ERROR_PREDMET',	'Předmět emailu obsahuje nepovolené znaky nebo není vyplněn',	'Subject of the email contains illegal characters or is not filled'),
(542,	'ERROR_MESTO',	'Chybně zadané město',	'Entered incorrectly city'),
(543,	'ERROR_ULICE',	'Chybně zadaná ulice',	'Inputted incorrectly street'),
(544,	'ERROR_FIRMA',	'Chybný název firmy',	'Incorrect company name'),
(545,	'ERROR_TELEFON',	'Chybný telefon',	'Incorrect phone number'),
(546,	'ERROR_PSC',	'Chybné PSČ',	'Incorrect ZIP'),
(547,	'ERROR_ZADNY_OBSAH',	'Obsah musí být vyplněn',	'Content must be filled'),
(548,	'ERROR_CHYBA_UPLOADU',	'Chyba při nahrávání obrázku',	'Upload image error'),
(549,	'ERROR_JMENO',	'Jméno obsahuje nepovolené znaky nebo je příliš dlouhé',	'Name contains illegal characters or is too long'),
(550,	'ERROR_PRIJMENI',	'Příjmení obsahuje nepovolené znaky nebo je příliš dlouhé',	'Last name contains illegal characters or is too long'),
(551,	'ERROR_KRAJ',	'Kraj obsahuje nepovolené znaky nebo je příliš dlouhý',	'Region contains illegal characters or is too long'),
(552,	'ERROR_STAT',	'Stát obsahuje nepovolené znaky nebo je příliš dlouhý',	'The state contains illegal characters or is too long'),
(553,	'ERROR_SOUBOR_POSKOZEN',	'Soubor je poškozen',	'The file is corrupted'),
(554,	'ERROR_SOUBOR_ZADNA_POLOZKA_K_ULOZENI',	'Soubor neobsahuje žádné položky pro uložení',	'There are no entries to store'),
(556,	'ERROR_NAZEV_NAPOVEDY',	'Nadpis nápovědy je povinný, prosím vyplňte',	'Title help is required, please fill'),
(557,	'ERROR_NAZEV_DOMENY',	'Název domény je chybný',	'Domain name is incorrect'),
(560,	'ERROR_NEPLATNY_NAZEV',	'Název musí být vyplněn',	'The name must be filled'),
(561,	'ERROR_EFEKT_PRODLEVA',	'Prodleva musí být celé číslo větší než 0',	'Timeout must be an integer greater than 0'),
(562,	'ERROR_EFEKT_RYCHLOST_EFEKTU',	'Rychlost efektu musí být celé číslo větší než 0',	'Speed of effect must be an integer greater than 0'),
(563,	'ERROR_NEPLATNY_NAZEV_PRO_MENU',	'Není vyplněn název pro menu',	'It is not filled a name for the menu'),
(564,	'ERROR_NEPLATNY_NADPIS',	'Není vyplněn nadpis',	'Headline not filled'),
(570,	'ERROR_NEPLATNY_NAZEV_FORMULARE',	'Neplatný název formuláře',	'Invalid form name'),
(572,	'ERROR_OTAZKA',	'Otázka musí být vyplněna',	'The question must be filled'),
(573,	'ERROR_ODPOVED',	'Odpověď na otázku musí být vyplněna',	'The answer must be filled'),
(574,	'ERROR_NEPLATNY_TITULEK',	'Neplatný titulek',	'Invalid title'),
(575,	'ERROR_PRAZDNY_TITULEK',	'Titulek je prázdný',	'Title is empty'),
(576,	'ERROR_NEPLATNY_DESCRIPTION',	'Description stránky přesahuje 200 znaků',	'Site description exceeds 200 characters'),
(578,	'ERROR_NEPLATNY_URL_NAZEV',	'Chybně vyplněn url název stránky, používejte jen písmena bez diakritiky, číslice a znaky \"-\"',	'Incorrectly filled URL of the page use only letters, numbers and characters \"-\"'),
(1246,	'TPRIDAT_PREKLAD',	'Přidat překlad',	'Add translation'),
(1247,	'PREKLADY',	'Překlady',	'Translations'),
(593,	'ERROR_NEDOSTATECNA_PRAVA',	'Nemáte požadovaná práva pro tuto akci',	'You are not required by rights for this action'),
(594,	'ERROR_CHYBNE_DATUM',	'Datum Publikovat od nebo Publikovat do je chybné - špatný formát nebo neexistující datum',	'Date of Publish \"from\" or Publish \"to\" is incorrect - wrong date format or non-existent date.'),
(596,	'ERROR_CHYBNE_DATUM_ZAHAJENI',	'Datum zahájení kampaně je chybné - špatný formát nebo neexistující datum',	'Campaign start date is incorrect - wrong date format or non-existent date'),
(602,	'WARNING_SKUPINA_IMPORT',	'Prosím vyberte skupinu, do které budou importované kontakty uloženy',	'Please select the group to which the imported contacts will be stored'),
(603,	'WARNING_SKUPINA_EXPORT',	'Prosím vyberte skupinu, ze které budou exportované kontakty uloženy',	'Please select the group from which will be exported contacts stored'),
(604,	'WARNING_EXPORT_ZADNY_ZAZNAM',	'Nebyl nalezen žádný záznam pro export do souboru',	'No record found for export to a file'),
(606,	'WARNING_DOMENA_EDITACE',	'Doménu lze editovat kliknutím na následující odkaz',	'Domain can be edited by clicking on the following link'),
(607,	'WARNING_PRAVA_PRO_ZAPIS',	'Problémem mohou být nedostatečná práva pro zápis na disk nebo neexistující složka nebo soubor',	'The problem may be insufficient rights to write to a disk or a nonexistent file or folder'),
(608,	'WARNING_PRAZDNE_POTVRZENI',	'Odesílání potvrzení je aktivováno, je však prázdné a nebude proto odesíláno',	'Sending confirmation is enabled, but it is empty and thus will not be sent'),
(609,	'WARNING_NEJSOU_KONTAKTY_EXPORT_IMPORT',	'Dle zadaných kritérií neexistují žádné kontakty pro export/import',	'By specified criteria, there are no contacts for export / import'),
(610,	'WARNING_CHYBNE_DATUM',	'Zkontrolujte prosím data od - do. Pravděpodobně je zobrazování nastaveno tak, že se článek/novinka nezobrazuje.',	'Please check dates from - to. Probably the display setting so that the article / news not displayed.'),
(629,	'TEMAIL_X_JIZ_EXISTUJE',	'Email %s již v databázi existuje',	'Email %s already exists in the database'),
(630,	'ERROR_MAXIMALNI_POCET_PRILOH',	'Pokoušíte se nahrát více příloh než je povoleno. Max. počet příloh je %s',	'You are attempting to upload multiple attachments than is allowed. Max. number of attachments is %s'),
(613,	'WARNING_URLNAZEV_MODIFIKOVAN',	'Url adresa stránky již v databázi existuje a proto byla poupravena. Nová url adresa je',	'Url pages in the database already exists and has been modify. The new url address is'),
(621,	'TPRIDAT',	'Přidat',	'Add'),
(624,	'ERROR_CHYBI_DATUM_SPUSTENI',	'Chybí datum spuštění',	'Missing the start date'),
(625,	'ERROR_NENI_VYBRANA_CILOVA_SKUPINA_PRIJEMCU',	'Není zvolena cílová skupina příjemců',	'You have not set the target group of recipients'),
(626,	'ERROR_ZAZNAM_NEMA_SPRAVNOU_STRUKTURU',	'záznam nemá správnou strukturu',	'Record hasnt the correct structure'),
(627,	'TZAZNAM_C',	'Záznam č.',	'Record no.'),
(628,	'ERROR_EMAIL_JIZ_EXISTUJE_BYL_PRIDAN_DO_SKUPIN_KDE_SE_JESTE_NENACHAZEL',	'Email %s již v databázi existuje, byl však přidán do skupin, ve kterých se nenacházel',	'Email %s already exists in the database, but has been added to the groups that was not located'),
(631,	'TEMAILOVE_KAMPANE',	'Emailové kampaně',	'Email campaign'),
(632,	'TSKUPINY_PRIJEMCU',	'Skupiny příjemců',	'Groups of recipients'),
(633,	'TPRIJEMCI',	'Příjemci',	'Recipients'),
(634,	'TSEZNAM_SKUPIN_PRIJEMCU',	'Seznam skupin příjemců',	'List of groups of recipients'),
(635,	'TSEZNAM_PRIJEMCU',	'Seznam příjemců',	'List of recipients'),
(636,	'TPOCET_AKTIVNICH_UZIVATELU',	'Počet příjemců',	'Number of users'),
(637,	'TPRIDAT_SKUPINU',	'Přidat skupinu',	'Add a group'),
(638,	'TPRIVATNI',	'Privátní',	'Private'),
(639,	'TVEREJNA',	'Veřejná',	'Public'),
(640,	'TNASTAVENI_SKUPINY',	'Nastavení skupiny',	'Group settings'),
(641,	'TZPET_NA_SEZNAM_SKUPIN',	'Zpět na seznam skupin',	'Back to group list'),
(642,	'TPOSLEDNI_IMPORT_PROBEHL',	'Poslední import proběhl dne',	'Import was the last of'),
(643,	'TURL_PRO_AUTOMATICKY_IMPORT_ZAZNAMU',	'Url pro automatický import kontaktů',	'Url for automatic import of contacts'),
(644,	'TIMPORTOVAT_IHNED',	'Importovat kontakty ihned',	'Import contacts now'),
(645,	'TIMPORT_KONTAKTU',	'Import kontaktů',	'Import contacts'),
(646,	'TEXPORT_KONTAKTU',	'Export kontaktů',	'Export contacts'),
(647,	'TPRIJEMCU',	'příjemců',	'recipients'),
(648,	'TSKUPINA',	'Skupina',	'Group'),
(649,	'TPRIDAT_KONTAKT',	'Přidat kontakt',	'Add contact'),
(650,	'TJEN_PRIHLASENI_K_ODBERU',	'Jen přihlášení k odběru',	'Just email subscription'),
(651,	'TNASTAVENI_KONTAKTU',	'Nastavení kontaktu',	'Contact settings'),
(652,	'TNENI_ZALOZENA_ZADNA_SKUPINA',	'Není vytvořena žádná skupina',	'No group created'),
(653,	'TZALOZIT_SKUPINU',	'vytvořit novou skupinu',	'create group'),
(654,	'TODHLASEN_Z_ODBERU',	'Odhlášen z odběru',	'Unsubscribed email'),
(655,	'TODHLASIT',	'Odhlásit',	'Log out'),
(656,	'TKRAJ',	'Kraj',	'Region'),
(657,	'TSTAT',	'Stát',	'State'),
(658,	'TZPET_NA_SEZNAM_KONTAKTU',	'Zpět na seznam kontaktů',	'Back to list of contacts'),
(659,	'TJEN_ODHLASENI_Z_ODBERU',	'Jen odhlášení z odběru',	'Just unsubscribe emails'),
(660,	'TSEZNAM_KONTAKTU',	'Seznam kontaktů',	'Contact list'),
(661,	'TPRIHLASEN_K_ODBERU',	'Přihlášen k odběru',	'Subscribe to sending emails'),
(662,	'TKONTAKTY',	'Kontakty',	'Contacts'),
(663,	'TPRIDAT_KAMPAN',	'Přidat kampaň',	'Add Campaign'),
(664,	'TCHYBI_DATUM_SPUSTENI',	'Chybí datum spuštění',	'Missing the start date'),
(665,	'TZ_NASLEDUJICICH_DUVODU',	'z následujících důvodů',	'of following reasons'),
(666,	'TDATUM_SPUSTENI',	'Datum spuštění',	'Start date'),
(667,	'TNENI_NASTAVENO',	'Není nastaveno',	'Is not set'),
(668,	'TNASTAVENI_KAMPANE',	'Nastavení',	'Settings'),
(669,	'TKOD_PRO_GOOGLE_ANALYTICS',	'Kód pro Google Analytics',	'The code for Google Analytics'),
(670,	'TZPET_NA_SEZNAM_KAMPANI',	'Zpět na seznam kampaní',	'Back to list campaigns'),
(671,	'TCILOVA_SKUPINA',	'Cílová skupina příjemců',	'Target group of recipients'),
(672,	'TNACASOVANI_SPUSTENI',	'Načasování spuštění',	'Timing of the start'),
(675,	'TOPRAVDU_SPUSTIT_KAMPAN',	'Opravdu chcete spustit kampaň? Pokud kampaň splňuje veškeré náležitosti, pak se odesílání emailů aktivuje.',	'Do you really want to run a campaign? If the campaign meets all the requirements, then send e-mail activated.'),
(676,	'TOPRAVDU_ZASTAVIT_KAMPAN',	'Opravdu chcete pozastavit kampaň? Odesílání emailů nebude aktivní.',	'Do you really want to pause a campaign? Sending emails is not active.'),
(677,	'TOPRAVDU_UKONCIT_KAMPAN',	'Opravdu chcete ukončit kampaň? Odesílání emailů nebude aktivní a nebude možné měnit dále nastavení kampaně.',	'Really want to to end the campaign? Sending emails is not active and you can also change your campaign settings.'),
(678,	'TDUVOD_NESPUSTENI',	'Důvod nespuštění',	'Reason for not running'),
(679,	'TODESLANO_EMAILU',	'Odesláno emailů',	'Sent emails'),
(680,	'TZBYVA_ODESLAT_EMAILU',	'Zbývá odeslat emailů',	'Remaining send emails'),
(681,	'WARNING_KAMPAN_JE_SPUSTENA',	'Kampaň je spuštěna! Pokud ji uložíte, změny se projeví ve zbývajících emailech určených k odeslání. Chcete i přesto kampaň uložit?',	'The campaign is running! If you save it, the changes are reflected in the remaining e-mails to be sending. To save even campaign?'),
(682,	'TPOSLAT_ZKUSEBNI_EMAIL',	'Poslat zkušební email',	'Send a test email'),
(683,	'TODESLAT_EMAIL',	'Odeslat email',	'Send email'),
(684,	'TVAS_POZADAVEK_SE_ZPRACOVAVA',	'Váš požadavek se zpracovává, čekejte prosím...',	'Your request is being processed, please wait ...'),
(685,	'TZ',	'z',	'from'),
(686,	'TODESLANO',	'Odesláno',	'Sent'),
(687,	'TUKAZATEL_PRUBEHU',	'Ukazatel průběhu',	'Progress indicator'),
(688,	'TPOVINNA_POLOZKA',	'povinná položka',	'required field'),
(1627,	'TAUTO',	'-- automaticky --',	''),
(1628,	'ERROR_NEROZPOZNANE_KODOVANI',	'Nepodařilo se automaticky rozpoznat kódování souboru. Vyberte prosím konkrétní kódování.',	''),
(1632,	'TTEXT_PRO_BOX_ODBER_NOVINEK',	'Úvodní text pro box Odběr novinek',	''),
(1634,	'TTELEFON_WEBU',	'Telefon webu',	''),
(1635,	'TTEXT_EMAILU_POTVRZENI_ODBERU',	'Text emailu s potvrzovacím odkazem k přihlášení odběru newsletterů',	''),
(691,	'TNAPOVEDA_IMPORT_KONTAKTU_1',	'Každý záznam v souboru ve formátu csv a xls musí obsahovat položky v uvedeném pořadí',	'Each record in a file as xls and csv file must contain the items in the order'),
(692,	'TNAPOVEDA_IMPORT_KONTAKTU_2',	'V případě xml souboru na pořadí nezáleží. XML soubor musí mít následující strukturu',	'In the case of the xml file in any order.  XML file must have the following structure'),
(693,	'TUSPESNOST_KAMPANE',	'Úspěšnost kampaně',	'Success of the campaign'),
(694,	'TPRVNI_ODESLANY_EMAIL',	'První odeslaný email',	'First email sent'),
(695,	'TPOSLEDNI_ODESLANY_EMAIL',	'Poslední odeslaný email',	'Last sent email'),
(696,	'TCELKEM_ODESLANO',	'Celkem odesláno',	'Total sent'),
(697,	'TCELKEM_ODESLANO_USPESNE',	'Celkem odesláno úspěšně',	'Total sent successfully'),
(698,	'TCELKEM_PRECTENO',	'Celkem přečteno',	'Total reads'),
(699,	'TCELKEM_PRECTENO_VICEKRAT',	'Celkem přečteno vícekrát',	'Total times read'),
(700,	'TCELKEM_ODHLASENO',	'Celkem odhlášeno',	'Total de-registered'),
(701,	'TCELKEM_ZOBRAZENO_NA_WEBU_Z_TEXTOVEHO_EMAILU',	'Celkem zobrazeno na webu z textového emailu',	'Total views on the web from a text email'),
(702,	'TCELKEM_ZOBRAZENO_NA_WEBU',	'Celkem zobrazeno na webu z html emailu',	'Total views of the web from HTML email'),
(703,	'TCELKEM_PROKLIKNUTO',	'Celkem prokliknuto',	'Total clicks'),
(704,	'TCELKEM_KONVERZI',	'Celkem konverzí',	'Total conversions'),
(705,	'TKAMPAN_NESPUSTENA',	'Kampaň dosud nespuštěna',	'The campaign is not running yet'),
(706,	'TPAD',	'pád',	'pád'),
(707,	'TNAHRADA',	'Náhrada za',	'Replacement for'),
(708,	'TNAZEV_ODKAZU_PRO_ODHLASENI',	'Název odkazu pro odhlášení z odběru emailů',	'Link name to unsubscribe from subscription emails'),
(709,	'TNAZEV_ODKAZU_PRO_ZOBRAZENI',	'Název odkazu pro zobrazení emailu na webu',	'Name link to view e-mail of the web'),
(710,	'TDNES',	'Dnes',	'Today'),
(711,	'TDATUM_REGISTRACE',	'Datum registrace',	'Date of registration'),
(712,	'TCELKEM_EMAILU_Z_TOHO_JEDINECNYCH',	'Celkem %s emailů, z toho %s jedinečných.',	'Total %s of emails, of which %s unique.'),
(713,	'TODBER_NEWSLETTERU',	'Odběr newsletteru',	'subscribe email'),
(716,	'TVLASTNI_XML_FORMAT',	'Vlastní xml formát',	'Custom XML format'),
(717,	'TEDITOVAT',	'Editovat',	'Edit'),
(718,	'TULOZIT_DO',	'Cíl',	'Target'),
(719,	'TNEURCENO',	'Neurčeno',	'Not specified'),
(720,	'TTAG',	'Tag',	'Tag'),
(721,	'TZPET_NA_IMPORT',	'Zpět na import',	'Back to Import'),
(722,	'TATRIBUT',	'Atribut',	'Attribute'),
(723,	'TZDROJ',	'Zdroj',	'Source'),
(726,	'TZPET_NA_NASTAVENI_IMPORTU',	'Zpět na nastavení importu',	'Back to import settings'),
(727,	'TNASTAVENI_POLOZKY',	'Nastavení položky',	'Settings item'),
(728,	'TNENI_VYTVOREN_ZADNY_TAG',	'Není vytvořen žádný tag, první uložená položka tedy bude automaticky uložena jako hlavní tag xml dokumentu',	'Not created any tag, the first item is stored is automatically saved as the main tag xml document'),
(729,	'TUMISTENI',	'Umístění',	'Location'),
(731,	'ERROR_NAZEV_XML_TAGU',	'Musí být vyplněn název atributu nebo tagu.',	'Must be filled in the name of the attribute or tag.'),
(733,	'ERROR_POLOZKA_OBSAHUJE_DALSI_POLOZKY',	'Položka, kterou chcete smazat obsahuje jiné položky, které musí být smazány dříve.',	'Item you want to delete contains other items that must be deleted before.'),
(741,	'TZPET_NA_IMPORT_KONTAKTU',	'Zpět na import kontaktů',	'Back to import contacts'),
(742,	'TIMPORT',	'Import',	'Import'),
(743,	'TNASTAVENI_IMPORTU',	'Nastavení importu',	'Import settings'),
(744,	'ERROR_NEPODPOROVANY_FORMAT_SOUBORU',	'Nepodporovaný formát souboru',	'Unsupported file format'),
(745,	'ERROR_CHYBNA_CILOVA_POLOZKA_KONTAKTU',	'Chybná cílová položka kontaktu',	'Incorrect target item contact'),
(747,	'ERROR_X_CHYBNYCH_ZAZNAMU',	'%s záznamů nevloženo, protože obsahovaly chyby.',	'%s of records not saved, because they contained errors.'),
(748,	'ERROR_X_ZAZNAMU_NEVLOZENO',	'%s záznamů aktualizováno',	'%s of records actualized.'),
(1630,	'OK_X_ZAZNAMU_NOVYCH',	'%s záznamů nových',	''),
(750,	'ERROR_POVINNA_POLOZKA',	'%s je povinná položka, musí být vyplněna',	'%s is required field and must be filled'),
(751,	'TNASTAVENI_GALERIE',	'Nastavení galerie',	'Gallery settings'),
(1629,	'ERROR_IMPORT_PRAZDNY_SOUBOR',	'V souboru nebyl nalezen žádný záznam pro import',	''),
(754,	'TPOSLEDNI_EMAIL_ODESLAN_DATUM',	'Poslední email odeslán',	'Last email sent'),
(755,	'TNELZE_ZJISTIT',	'---',	'---'),
(756,	'TSEZNAM_GALERII',	'Seznam galerií',	'List of galleries'),
(757,	'TPRIDAT_GALERII',	'Přidat galerii',	'Add gallery'),
(758,	'TPRIDAT_SLOZKU',	'Přidat složku',	'Add gallery folder'),
(759,	'TZPET_NA_SEZNAM_GALERII',	'Zpět na seznam galerií',	'Back to list of galleries'),
(760,	'TNASTAVENI_SLOZKY',	'Nastavení složky',	'Gallery folder settings'),
(761,	'TOBSAH_GALERIE',	'Obsah galerie',	'Gallery content'),
(762,	'TNAZEV_GALERIE',	'Název galerie',	'Gallery name'),
(763,	'TZANORENI_DO_SLOZKY',	'Zanoření do složky',	'Plunge into the folder'),
(764,	'TPOSUN',	'Posun',	'Move'),
(765,	'TNENI_VYTVORENO',	'Není vytvořeno',	'Not created'),
(766,	'TVYTVORIT',	'Vytvořit',	'Create'),
(767,	'TBLOK_EDITBOXU',	'Blok boxů',	'Block boxes'),
(769,	'TSTRANKA_S_GALERII',	'Galerie',	'Gallery'),
(770,	'TPRAZDNA_STRANKA',	'Prázdná stránka',	'Empty page'),
(771,	'TDISKUZE',	'Diskuze',	'Discussion'),
(772,	'ERROR_STRANKA_OBSAHUJE_GALERIE_NELZE_PREVEST_NA_JINY_TYP',	'Stránka obsahuje galerie, nelze ji převést na jiný typ.',	'This page contains a gallery, you can not convert to another type.'),
(774,	'TZPET_NA_SEZNAM_PRISPEVKU',	'Zpět na seznam příspěvků',	'Back to the list of contributions'),
(775,	'TDISKUZNI_FORUM',	'Diskuzní forum',	'Discussion forum'),
(777,	'TODESILAT_PRISPEVKY_NA_EMAIL',	'Email pro odesílání diskuzních příspěvků',	'Email for sending discussion contributions'),
(778,	'TCENZURA_PRISPEVKU',	'Cenzura příspěvků',	'Censorship contributions'),
(779,	'TMANUALNI_CENZURA',	'Manuální cenzura',	'Manual censorship'),
(780,	'TAUTOMATICKA_CENZURA',	'Automatická cenzura',	'Automatic censorship'),
(781,	'TSMAJLICI',	'Paleta smajlíků',	'Emoticons'),
(782,	'TPOCET_PRISPEVKU_NA_STRANKU',	'Počet příspěvků na stránku',	'Number of contributions on page'),
(783,	'TSEZNAM_PRISPEVKU',	'Seznam příspěvků',	'List of contributions'),
(784,	'TFILTR_PRISPEVKU',	'Filtr příspěvků',	'Filter contributions'),
(785,	'TSTRANKA_S_DISKUZI',	'Stránka s diskuzí',	'Page with discussion'),
(786,	'TDISKUZNI_PRISPEVKY',	'Diskuzní příspěvky',	'Discussion posts'),
(787,	'TDISKUZNI_PRISPEVEK',	'Diskuzní příspěvek',	'Discussion post'),
(788,	'TDATUM',	'Datum',	'Date'),
(789,	'TPUBLIKOVAT',	'Publikovat',	'Publish'),
(790,	'TNEUVEDENO',	'Neuvedeno',	'Not specified'),
(791,	'TVASE_REAKCE',	'Vaše reakce',	'Your reaction'),
(792,	'TVLOZIT_PRISPEVEK_DO_DISKUZE',	'Vložit příspěvek do diskuze',	'Add contribution to the discussion'),
(793,	'TODESLAT_EMAIL_A_VLOZIT_PRISPEVEK_DO_DISKUZE',	'Odeslat email a vložit příspěvek do diskuze',	'Send email and paste contribution into the discussion'),
(794,	'TNOVY',	'Nový',	'New'),
(795,	'TSEZNAM_DISKUZNICH_FOR',	'Seznam diskuzních fór',	'List of discussion forums'),
(796,	'TPOCET_PRISPEVKU',	'Počet příspěvků',	'Number of contributions'),
(797,	'TPRIDAT_PRISPEVEK',	'Přidat příspěvek',	'Add contributions'),
(798,	'TZPET_NA_SEZNAM_DISKUZI',	'Zpět na seznam diskuzí',	'Back to list discussions'),
(799,	'TNADPIS',	'Nadpis',	'Heading'),
(800,	'TPRISPEVEK',	'Příspěvek',	'Contribution'),
(801,	'TADRESA_IP',	'IP adresa',	'IP address'),
(802,	'TZADANO_ADMINISTRATOREM',	'Zadáno administrátorem',	'Submitted by administrator'),
(803,	'TSEZNAM_DISKUZI',	'Seznam diskuzí',	'List of discussions'),
(804,	'TBEZ_CENZURY',	'Bez cenzury',	'Non censoring'),
(805,	'TMANUALNI',	'Manuální',	'Manual'),
(806,	'TAUTOMATICKA',	'Automatická',	'Automatic'),
(807,	'TFILTROVAT_TEXTY_PRISPEVKU',	'Zakázaná slova vytečkovat',	'Banned words prick'),
(808,	'TBLACKLIST',	'Blacklist',	'Blacklist'),
(809,	'TJE_POVOLENA',	'je povolena',	'is allowed'),
(810,	'TJE_ZAKAZANA',	'je zakázána',	'is banned'),
(811,	'TWHITELIST',	'Whitelist',	'Whitelist'),
(812,	'TZAKAZAT_PRISPEVKY_Z_TETO_IP',	'Zakázat příspěvky z této IP adresy',	'Deny contributions from the IP address'),
(813,	'TPOVOLIT_PRISPEVKY_Z_TETO_IP',	'Povolit příspěvky z této IP adresy',	'Allow contributions from this IP address'),
(814,	'TVYBRAT',	'Vybrat',	'Choose'),
(815,	'TALTERNATIVY_IP',	'Varianty IP adresy',	'Variants of IP addresses'),
(816,	'ERROR_IP',	'Chybná ip adresa. IP adresa musí být ve tvaru např. 10.150.1.5 nebo 201.55.* atd.',	'Incorrect ip address. IP address must be in the form eg 10.150.1.5 or 201.55. * Etc.'),
(817,	'ERROR_IP_EXISTUJE',	'Daná IP adresa již existuje.',	'This IP address already exists.'),
(818,	'TSEZNAM_ZAKAZANYCH_IP',	'Seznam zakázaných IP adres',	'The list of banned IP addresses'),
(819,	'TPRIDAT_IP_ADRESU',	'Přidat IP adresu',	'Add IP address'),
(820,	'TZOBRAZIT_VSECHNY_PRISPEVKY_Z_IP',	'Zobrazit všechny příspěvky z této ip adresy',	'View all contributions from this ip address'),
(821,	'TZPET_NA_SEZNAM_ZAKAZANYCH_IP',	'Zpět na seznam zakázaných ip adres',	'Back to the list of banned IP addresses'),
(822,	'TDISKUZNI_PRISPEVKY_Z_IP',	'Diskuzní příspěvky z ip adresy',	'Discussion contributions from ip address'),
(823,	'TVYPSAT_VSECHNY_PRISPEVKY_Z_TETO_IP',	'Vypsat všechny příspěvky z dané IP adresy',	'List all contributions from this IP address'),
(824,	'TNEPLATNA_IP',	'Neplatná IP adresa',	'Invalid IP address'),
(825,	'TPOUZIVAT_BLACKLIST',	'Povolit blacklist',	'Allow blacklist'),
(826,	'TPRIDAT_FILTR',	'Přidat filtr',	'Add filter'),
(827,	'TSEZNAM_VYRAZU_FILTRU',	'Seznam výrazů filtrů',	'List of words of filter'),
(828,	'TZPET_NA_SEZNAM_VYRAZU_FILTRU',	'Zpět na seznam výrazů filtrů',	'Back to list filter words'),
(829,	'TVYRAZ_FILTRU',	'Výraz filtru',	'Word filter'),
(830,	'ERROR_VYRAZ_FILTRU_NESMI_BYT_PRAZDNY',	'Výraz filtru nesmí být prázdný',	'The word filter must not be empty'),
(831,	'TNAZEV_RUBRIKY',	'Název rubriky',	'Rubric name'),
(832,	'TPOCET_CLANKU',	'Počet článků',	'Number of articles'),
(833,	'TMAXIMALNI_SIRKA_NAHLEDOVEHO_OBRAZKU',	'Maximální šířka náhledového obrázku',	'Max. width of the preview image'),
(834,	'TMAXIMALNI_VYSKA_NAHLEDOVEHO_OBRAZKU',	'Maximální výška náhledového obrázku',	'Max. height of the preview image'),
(835,	'TMAXIMALNI_SIRKA_VELKEHO_OBRAZKU',	'Maximální šířka velkého obrázku',	'Max. width of the bigger picture'),
(836,	'TMAXIMALNI_VYSKA_VELKEHO_OBRAZKU',	'Maximální výška velkého obrázku',	'Max. height of the bigger picture'),
(839,	'TAUTOR',	'Autor',	'Author'),
(840,	'TSTRANKA_S_VYSLEDKY_VYHLEDAVANI',	'Vyhledávání',	'Search results'),
(844,	'TNAHODNE_CLANKY',	'Náhodné články',	'Random articles'),
(845,	'TNEJNOVEJSI_CLANKY',	'Nejnovější články',	'Latest Articles'),
(846,	'TNEJLEPSI_CLANKY',	'Nejlepší články',	'Best articles'),
(849,	'TNAZEV_SLOZKY',	'Název složky',	'Folder name'),
(850,	'TNAHRANE_FOTKY',	'Nahrané fotky',	'Uploaded images'),
(851,	'TPOCET_FOTEK_V_JEDNOM_RADKU',	'Počet fotek v jednom řádku',	'Number of images in one line'),
(852,	'TPOCET_RADKU_NA_STRANKU',	'Počet řádků na stránku',	'Number of rows on page'),
(853,	'TMAXIMALNI_SIRKA_STREDNIHO_OBRAZKU',	'Maximální šířka středního obrázku',	'Max. width of the middle image'),
(854,	'TMAXIMALNI_VYSKA_STREDNIHO_OBRAZKU',	'Maximální výška středního obrázku',	'Max. height of the middle image'),
(858,	'TCOPYRIGHT',	'Copyright',	'Copyright'),
(859,	'TNENALEZENO',	'Nenalezeno',	'Not Found'),
(860,	'TZPET_NA_OBSAH_GALERIE',	'Zpět na obsah galerie',	'Back to content gallery'),
(861,	'TEDITACE_FOTKY',	'Editace fotky',	'Editing photos'),
(862,	'TFOTKA',	'Fotka',	'Photo'),
(863,	'TBARVA_TEXTU_VE_VODOZNAKU',	'Barva textu ve vodoznaku',	'Color of the text in the watermark'),
(864,	'TNASTAVENI_VODOZNAKU',	'Nastavení vodoznaku',	'Settings watermark'),
(865,	'TSTRIDANI',	'Střídání',	'Rotation'),
(866,	'TPOCET_BOXU',	'Počet boxů',	'Number of boxes'),
(867,	'TPRIDAT_KOLOTOC',	'Přidat carousel',	'Add carousel'),
(868,	'TNASTAVENI_EDITBOXU',	'Nastavení boxu',	'Settings box'),
(869,	'TNEBYL_NALEZEN_ZADNY_EDITBOX_S_OBSAHEM',	'Nebyl dosud vytvořen žádný box s obsahem. Vytvořit jej můžete',	'There were no box with contents. Create you can'),
(870,	'TZDE',	'zde',	'Here'),
(871,	'TZADNE',	'Žádné',	'None'),
(872,	'TZAKLADNI_PREHLED',	'Základní přehled',	'General overview'),
(873,	'TOSOBNI_UDAJE',	'Osobní údaje',	'Personal details'),
(1394,	'TUPRAVOVAT_PREKLADY',	'Upravovat překlady webu a administrace',	'Modify translations of web and administration'),
(875,	'TNAPSAT_ADMINISTRATOROVI',	'Napsat administrátorovi',	'Write to the administrator'),
(881,	'TZPET_NA_SEZNAM_RUBRIK',	'Zpět na seznam rubrik',	'Back to list of rubrics'),
(882,	'TV_MENU',	'V menu',	'In menu'),
(883,	'TCEKEJTE_PROSIM',	'Pracuji, čekejte prosím...',	'Please wait'),
(922,	'TSTATISTIKA_STRANEK',	'Statistika stránek',	'Pages statistics'),
(923,	'TSABLONY_STRANEK',	'Šablony obsahu',	'Templates contents'),
(924,	'TSABLONY_PANELU',	'Šablony panelů',	'Templates panels'),
(925,	'TPRIDAT_RUBRIKU',	'Přidat rubriku',	'Add rubrics'),
(926,	'TNOVY_CLANEK',	'Nový článek',	'New article'),
(927,	'TEDITACE_CLANKU',	'Editace článku',	'Edit article'),
(888,	'TNEJLEPSI_STRANKY',	'Nejlepší stránky',	'Top websites'),
(889,	'TPOCET_UNIKATNICH_ZOBRAZENI',	'Počet unikátních zobrazení',	'Number of unique views'),
(890,	'TPRUMERNA_DOBA_NA_STRANCE',	'Prům. doba na stránce',	'Avg. time on Site'),
(891,	'TPROCENTO_ODCHODU',	'Procento odchodů',	'Percentage exits'),
(892,	'TPOCET_OPUSTENI',	'Počet opuštění',	'Number of exit'),
(893,	'TNEEXISTUJE',	'Neexistuje',	'Not exist'),
(894,	'TCELY_WEB',	'Celý web',	'Complete web'),
(896,	'TSLOZKA_GALERIE',	'Složka galerie',	'Folder gallery'),
(897,	'TRUBRIKA',	'Rubrika',	'Rubric'),
(898,	'TNAVSTEVNOST_STRANEK',	'Návštěvnost stránek',	'Website traffic'),
(899,	'TZOBRAZENI_STRANEK',	'Zobrazení stránek',	'Pageviews'),
(900,	'TODKAZUJICI_WEB',	'Odkazující web',	'Referring web'),
(901,	'TNAVSTEVY',	'Návštěvy',	'Visits'),
(902,	'TNOVE_NAVSTEVY',	'Nové návštěvy',	'New visits'),
(903,	'TMIRA_OPUSTENI',	'Míra opuštění',	'Bounce rate'),
(904,	'THODINA',	'hodina',	'hour'),
(905,	'TMESIC',	'Měsíc',	'month'),
(906,	'TROK',	'Rok',	'year'),
(907,	'TJAZYK',	'jazyk',	'language'),
(908,	'TCELKEM_NAVSTEV',	'Celkem %s návštěv',	'Total %s visits'),
(909,	'TPOCET_NAVSTEV',	'Počet návštěv',	'Number of visits'),
(910,	'TNAVSTEVNOST',	'Návštěvnost',	'Visit'),
(911,	'TZE',	'ze',	'of'),
(912,	'TPRIMA_NAVSTEVNOST',	'Přímá návštěvnost',	'Direct traffic'),
(913,	'TVYHLEDAVACE',	'Vyhledávače',	'Search engines'),
(914,	'TSTATISTIKA_PAGEVIEW_VYHODNOCENI',	'Celkem %s všech zobrazení (prům. %s) a %s jedinečných zobrazení (prům. %s)',	'Total %s all views (avg %s) and %s unique views (avg. %s)'),
(915,	'TVSECHNA_ZOBRAZENI',	'Všechna zobrazení',	'All views'),
(916,	'TJEDINECNA_ZOBRAZENI',	'Jedinečná zobrazení',	'Unique views'),
(917,	'TSTATISTIKA_NEW_VISITS_VYHODNOCENI',	'Celkem %s nových (prům. %s) a %s vracejících se (prům. %s) návštěvníků',	'Total %s new (avg. %s) and returning (avg. %s) visitors'),
(918,	'TVRACEJICI_SE_NAVSTEVNICI',	'Vracející se návštěvníci',	'Returning visitors'),
(919,	'TNOVI_NAVSTEVNICI',	'Noví návštěvníci',	'New visitors'),
(920,	'TSTRANKA_NAVSTEVA',	'Stránka/návštěva',	'Page / Visit'),
(921,	'TKLICOVE_SLOVO',	'Klíčové slovo',	'Keyword'),
(928,	'TNACIST_SABLONU',	'Načíst šablonu',	'Load template'),
(929,	'TEXPORT_DO_PDF',	'Export do PDF',	'Export to PDF'),
(930,	'TVLOZIT_MAPKU',	'Vložit mapku',	'Insert maps'),
(931,	'TPRELOZIT_TEXT',	'Přeložit text',	'Text translate'),
(932,	'TVLOZIT_Z_URL',	'Vložit z url',	'Insert from url'),
(933,	'TVLOZIT_KRUHOVY_GRAF',	'Vložit kruhový graf',	'Insert pie chart'),
(934,	'TVLOZIT_SLOUPCOVY_GRAF',	'Vložit sloupcový graf',	'Insert bar graph'),
(935,	'TVLOZIT_SPOJNICOVY_GRAF',	'Vložit spojnicový graf',	'Insert line chart'),
(936,	'TOBNOVIT_ZE_ZALOHY',	'Obnovit ze zálohy',	'Restore from backup'),
(937,	'TNOVA_SABLONA',	'Nová šablona',	'New template'),
(938,	'TEDITACE_SABLONY',	'Editace šablony',	'Edit template'),
(939,	'TSPRAVOVANA_DOMENA',	'Spravovaná doména',	'Managed domain'),
(940,	'TPRISTUP_DO_SLUZBY_GA',	'Přístup do Google Analytics',	'Access to Google Analytics'),
(941,	'TPRIHLASOVACI_EMAIL',	'Přihlašovací email',	'Login email'),
(942,	'TZPRAVA_PRO_ADMINISTRATORA',	'Zpráva pro administrátora',	'Message for administrator'),
(943,	'TID_UZIVATELE',	'Uživatelské ID',	'User Id'),
(944,	'TADRESA',	'Adresa',	'Address'),
(945,	'TPRISTUPOVA_PRAVA',	'Přístupová práva',	'Access rights'),
(946,	'TZMENA_HESLA',	'Změna hesla',	'Changing password'),
(947,	'TSTARE_HESLO',	'Staré heslo',	'Old password'),
(948,	'TZNOVU',	'znovu',	'Again'),
(949,	'TPOCET_FOTEK',	'Počet fotek',	'Number of photos'),
(950,	'TVYTVORIT_GALERII',	'Vytvořit galerii',	'New gallery'),
(951,	'TVYTVORIT_SLOZKU',	'Vytvořit složku',	'New gallery folder'),
(952,	'TEDITOVAT_NASTAVENI_GALERIE_SLOZKY',	'Editovat nastavení galerie/složky',	'Edit gallery / folder'),
(953,	'TEDITOVAT_SABLONU_PANELU',	'Editovat šablonu panelů',	'Edit template panel'),
(954,	'TEDITOVAT_OBSAH_SABLONY',	'Editovat obsah šablony',	'Edit template content'),
(955,	'TNOVA_STRANKA',	'Nová stránka',	'New page'),
(956,	'TEDITACE_STRANKY',	'Editace stránky',	'Edit page'),
(957,	'TEDITACE_NOVINKY',	'Editace novinky',	'Edit news'),
(958,	'TNOVA_NOVINKA',	'Nová novinka',	'New news'),
(959,	'TEDITACE_EDITBOXU_KOLOTOCE',	'Editace carouselu',	'Edit carousel'),
(960,	'TEDITACE_EDITBOXU',	'Editace boxu',	'Edit box'),
(961,	'TNOVY_EDITBOX_KOLOTOC',	'Nový carousel',	'New carousel'),
(962,	'TNOVY_EDITBOX',	'Nový box',	'New box'),
(963,	'TNOVY_UZIVATEL',	'Nový uživatel',	'New user'),
(964,	'TEDITACE_UZIVATELE',	'Editace uživatele',	'Edit user'),
(965,	'TEDITACE_DOMENY',	'Editace domény',	'Edit domain'),
(966,	'TEDITACE_KAMPANE',	'Editace kampaně',	'Edit campaign'),
(967,	'TNOVA_KAMPAN',	'Nová kampaň',	'New campaign'),
(968,	'TEDITACE_SKUPINY',	'Editace skupiny',	'Edit group'),
(969,	'TNOVA_SKUPINA',	'Nová skupina',	'New group'),
(970,	'TKONFIGURACE',	'Konfigurace',	'Configuration'),
(971,	'TNOVY_PRIJEMCE',	'Nový příjemce',	'New recipient'),
(972,	'TEDITOVAT_PRIJEMCE',	'Editovat příjemce',	'Edit recipient'),
(973,	'TPRIHLASIT',	'Přihlásit',	'Log in'),
(974,	'TPRIHLASOVACI_JMENO',	'Přihlašovací jméno',	'Username'),
(975,	'TREDAKCNI_SYSTEM',	'Redakční systém',	'Content Management System'),
(976,	'TODHLASIT_SE',	'Odhlásit se',	'Logout'),
(977,	'TPRIHLASEN',	'Přihlášen',	'Logged'),
(978,	'TEDITACE_ANKETY',	'Seznam odpovědí anketní otázky',	'List of answers polls'),
(979,	'TNOVA_ANKETA',	'Nová anketa',	'New poll'),
(980,	'TPRIDAT_FORMULAR',	'Přidat formulář',	'Add form'),
(981,	'TNOVY_FORMULAR',	'Nový formulář',	'New form'),
(982,	'TEDITACE_FORMULARE',	'Obsah formuláře',	'Form content'),
(983,	'TNOVY_VYRAZ_PRO_FILTR',	'Nový výraz pro filtr',	'New term for filter'),
(984,	'TEDITOVAT_VYRAZ_PRO_FILTR',	'Editace výrazu filtru',	'Edit term of filter'),
(985,	'TPRIDAT_IP',	'Nová IP adresa',	'New IP address'),
(986,	'TEDITOVAT_IP',	'Editace IP adresy',	'Edit IP address'),
(987,	'TNOVA_POLOZKA',	'Nová položka',	'New item'),
(1341,	'TSOUVISEJICI_CLANKY_Z_RUBRIKY',	'Související články z rubriky',	'Related articles from rubrics'),
(989,	'TNENI_ZADAN_EMAIL_NEBO_ID_PROFILU',	'Není zadán email, heslo nebo id profilu',	'Not specified email, password or id profile'),
(990,	'TNESPRAVNE_PRIHLASOVACI_UDAJE_K_UCTU_GA',	'Nesprávné přihlašovací údaje - chybný email nebo heslo',	'Login incorrect - wrong email or password'),
(991,	'TCHYBNE_ID_PROFILU',	'Chybné ID profilu',	'Incorrect profile ID'),
(992,	'TSLUZBA_JE_MOMENTALNE_NEDOSTUPNA',	'Služba je momentálně nedostupná',	'The service is currently unavailable'),
(993,	'TPRISTUP_K_UCTU_GA_POVOLEN',	'Přístup k účtu Google Analytics povolen',	'Access to Google Analytics is allowed'),
(994,	'TNOVINKA',	'Novinka',	'News'),
(995,	'TCLANEK',	'Článek',	'Article'),
(998,	'TCHYBI_EMAIL_ODESILATELE',	'Chybí email odesílatele',	'Missing e-mail sender'),
(999,	'TCHYBI_PREDMET_EMAILU',	'Chybí předmět emailu',	'Missing e-mail subject'),
(1000,	'TOBSAH_EMAILU_JE_PRAZDNY',	'Obsah emailu je prázdný',	'Email content is empty'),
(1001,	'TNENI_ZVOLENA_CILOVA_SKUPINA_PRIJEMCU',	'Není zvolena cílová skupina příjemců',	'You have not set the target group of recipients'),
(1002,	'TPOZASTAVIT',	'Pozastavit',	'Pause'),
(1003,	'TSPUSTIT',	'Spustit',	'Run'),
(1004,	'TFILTROVAT',	'Filtrovat',	'Filter'),
(1005,	'TCHYBNE_HESLO_NEBO_LOGIN',	'Chybné heslo nebo login!',	'Incorrect login or password!'),
(1006,	'TPRIHLASOVANI_UZIVATELU_BYLO_POZASTAVENO_ADMINISTRATOREM',	'Přihlašování všech uživatelů bylo dočasně pozastaveno administrátorem CMS',	'Logging of all users has been temporarily suspended CMS administrator'),
(1007,	'TTENTO_UCET_BYL_ZABLOKOVAN',	'Tento účet byl zablokován, kontaktujte správce systému!',	'This account is blocked, contact your system administrator!'),
(1008,	'TUCET_EXISTUJE_NENI_DOMENA_PRO_SPRAVU',	'Tento účet existuje, nemá však přidělenu žádnou doménu pro správu obsahu. Kontaktujte administrátora!',	'This account exists, but has not assigned a domain for content management. Contact the administrator!'),
(1009,	'TNEMATE_OPRAVNENI_KE_SPRAVE',	'Nemáte oprávnění upravovat obsah tohoto webu',	'Not have permission to edit contents of this web'),
(1010,	'TCHYBA_SYSTEMU_CMS',	'Chyba v systému, kontaktujte prosím správce!',	'Error in the system, please contact the administrator!'),
(1011,	'TZBYVA_POKUSU',	'Zbývá %s pokusů',	'Remaining %s attempts'),
(1012,	'TUPLOAD_ERR_INI_SIZE',	'Soubor nelze nahrát. Velikost přenášeného souboru přesáhla povolenou hranici.',	'The file can not be uploaded. Transmitted file size exceeded the limit.'),
(1013,	'TUPLOAD_ERR_FORM_SIZE',	'Soubor nelze nahrát. Velikost přenášeného souboru přesáhla povolenou hranici.',	'The file can not be uploaded. Transmitted file size exceeded the limit.'),
(1014,	'TUPLOAD_ERR_PARTIAL',	'Soubor byl přenesen jen částečně, prosím opakujte',	'The file was transferred only partly, please try again'),
(1015,	'TUPLOAD_ERR_NO_FILE',	'Nebyl přenesen žádný soubor',	'No file transferred'),
(1016,	'TUPLOAD_ERR_CANT_WRITE',	'Serveru se nepodařilo uložit přenesený soubor na disk',	'Server could not be saved the uploaded file to your hard drive'),
(1017,	'TUPLOAD_ERR_NO_TMP_DIR',	'Server nemá k dispozici dočasný adresář',	'Server does not have a temporary directory'),
(1018,	'TUPLOAD_ERR_EXTENSION',	'Přenos souboru byl zastaven komponentou systému',	'The file transfer component of the system was stopped'),
(1019,	'TLEDEN',	'leden',	'january'),
(1020,	'TUNOR',	'únor',	'february'),
(1021,	'TBREZEN',	'březen',	'march'),
(1022,	'TDUBEN',	'duben',	'april'),
(1023,	'TKVETEN',	'květen',	'may'),
(1024,	'TCERVEN',	'červen',	'june'),
(1025,	'TCERVENEC',	'červenec',	'july'),
(1026,	'TSRPEN',	'srpen',	'august'),
(1027,	'TZARI',	'září',	'september'),
(1028,	'TRIJEN',	'říjen',	'october'),
(1029,	'TLISTOPAD',	'listopad',	'november'),
(1030,	'TPROSINEC',	'prosinec',	'december'),
(1031,	'TLEDNA',	'ledna',	'january'),
(1032,	'TUNORA',	'února',	'february'),
(1033,	'TBREZNA',	'března',	'march'),
(1034,	'TDUBNA',	'dubna',	'april'),
(1035,	'TKVETNA',	'května',	'may'),
(1036,	'TCERVNA',	'června',	'june'),
(1037,	'TCERVENCE',	'července',	'july'),
(1038,	'TSRPNA',	'srpna',	'august'),
(1039,	'TRIJNA',	'října',	'october'),
(1040,	'TLISTOPADU',	'listopadu',	'november'),
(1041,	'TPROSINCE',	'prosince',	'december'),
(1043,	'TCEKA_NA_SPUSTENI',	'čeká na spuštění...',	'waiting for run ...'),
(1044,	'TPRAVE_PROBIHA',	'probíhá odesílání...',	'currently in progress ...'),
(1599,	'TOSLOVENI',	'Oslovení (5. pád)',	''),
(1046,	'TUKONCENA',	'hotovo',	'completed'),
(1047,	'THODINY',	'hodiny',	'hours'),
(1048,	'TMESICE',	'měsíce',	'months'),
(1049,	'TROKY',	'roky',	'years'),
(1050,	'TJAZYKY',	'Jazyky',	'Languages'),
(1051,	'TNOVA',	'nová',	'new'),
(1052,	'TPRIJATA',	'přijatá',	'received'),
(1053,	'TODPOVEZENA',	'odpovězeno',	'answered'),
(1054,	'TPREDNASTAVENE_SABLONY',	'Přednastavené šablony',	'Pre-designed templates'),
(1055,	'TUZIVATELSKE_SABLONY',	'Uživatelské šablony',	'User templates'),
(1056,	'TCHCETE_NAHRADIT_OBSAH_EDITORU_SABLONOU',	'Chcete nahradit stávající obsah editoru šablonou? V opačném případě se šablona připojí na konec aktuální pozice v editoru.',	'Want to replace the existing content template editor? Otherwise, the template is appended to the current position in the editor.'),
(1057,	'TPOZOR_PDF_MUZE_OBSAHOVAT_NEPRESNE_FORMATOVANI',	'Pozor: Vyexportovaný PDF soubor může obsahovat nepřesné formátování.',	'Caution: The exported PDF file may contain incorrect formatting.'),
(1058,	'TNAZEV_PDF_SOUBORU',	'Název PDF souboru',	'Name PDF file'),
(1059,	'TSTAHNOUT_PDF_SOUBOR',	'Stáhnout PDF soubor',	'Download PDF file'),
(1060,	'TZADEJTE_ADRESU_MESTO_ULICE',	'Zadejte adresu (město,ulice)',	'Enter the address (city, street)'),
(1061,	'TPRIBLIZENI',	'Přiblížení',	'Zoom'),
(1062,	'TNAHLED_MAPY',	'Náhled mapky',	'Preview maps'),
(1063,	'TVLOZIT_DO_EDITORU',	'Vložit do editoru',	'Insert to editor'),
(1064,	'TNENI_ZADANA_ADRESA_PRO_MAPU',	'Není zadána adresa! Zadejte prosím přesnou adresu - město, ulice, číslo popisné',	'Address not specified! Please enter the exact address - city, street, house number'),
(1065,	'TCESTINA',	'Čeština',	'Czech'),
(1066,	'TSLOVENSTINA',	'Slovenština',	'Slovak'),
(1067,	'TANGLICTINA',	'Angličtina',	'English'),
(1068,	'TNEMCINA',	'Němčina',	'German'),
(1069,	'TPOLSTINA',	'Polština',	'Polish'),
(1070,	'TITALSTINA',	'Italština',	'Italian'),
(1071,	'TFRANCOUSTINA',	'Francouština',	'French'),
(1072,	'TSPANELSTINA',	'Španělština',	'Spanish'),
(1073,	'TZDROJOVY_JAZYK',	'Zdrojový jazyk',	'Source language'),
(1074,	'TCILOVY_JAZYK',	'Cílový jazyk',	'Target language'),
(1075,	'TZDROJOVY_TEXT',	'Zdrojový text',	'Source text'),
(1076,	'TPRELOZIT',	'Přeložit',	'Translate'),
(1077,	'TPRELOZENY_TEXT',	'Přeložený text',	'Translated text'),
(1078,	'TVLOZIT_TEXT_DO_EDITORU',	'Vložit přeložený text do editoru',	'Insert translated text to editor'),
(1079,	'TMUSITE_ZVOLIT_CILOVY_JAZYK',	'Musíte zvolit cílový jazyk',	'You must select target language'),
(1080,	'TMUSITE_ZVOLIT_ZDROJOVY_JAZYK',	'Musíte zvolit zdrojový jazyk',	'You must select source language'),
(1081,	'TZADEJTE_ZDROJOVY_TEXT_PRO_PREKLAD',	'Zadejte zdrojový text, který se bude překládat',	'Enter the source text, which will translate'),
(1082,	'TNEBYL_PRELOZEN_ZADNY_TEXT',	'Nebyl přeložen žádný text',	'No text was translated'),
(1083,	'TMODUL_UZIVATELE',	'Uživatelé',	'Users'),
(1085,	'TMODUL_STRANKY',	'Stránky',	'Pages'),
(1086,	'TMODUL_NOVINKY',	'Novinky',	'News'),
(1087,	'TMODUL_ANKETY',	'Ankety',	'Polls'),
(1088,	'TMODUL_ZAKLADNI_NASTAVENI',	'Základní nastavení',	'Basic <br />settings'),
(1089,	'TMODUL_GALERIE',	'Galerie',	'Galleries'),
(1090,	'TMODUL_DOMENY',	'Domény',	'Domains'),
(1091,	'TMODUL_ADMIN',	'Nastavení CMS',	'Settings <br/>CMS'),
(1092,	'TMODUL_STATISTIKY',	'Statistiky',	'Statistics'),
(1093,	'TMODUL_EMAILY',	'Emaily',	'Emails'),
(1094,	'TMODUL_FORMULARE',	'Formuláře',	'Forms'),
(1095,	'TMODUL_DISKUZE',	'Diskuze',	'Discussions'),
(1096,	'TMODUL_EDITBOXY',	'Boxy',	'Boxes'),
(1097,	'TMODUL_FACEBOOK',	'Sociální sítě',	'Social network'),
(1098,	'TMODUL_CLANKY',	'Články',	'Articles'),
(1099,	'TMODUL_PRIVATNI_STRANKY',	'Privátní stránky',	'Private pages'),
(1100,	'TMODUL_ZALOHY_OBSAHU',	'Zálohy obsahu',	'Content backup'),
(1101,	'TMODUL_KONTROLA_ODKAZU',	'Kontrola odkazů v obsahu',	'Check links in content'),
(1102,	'TPRIHLASENI_K_ODBERU_NOVINEK',	'Odběr novinek',	'News subscription'),
(1103,	'TKONTAKT_PREVEDEN_Z_FORMULARE',	'Kontakt manuálně převeden z formuláře',	'Contact was manually transferred from the form'),
(1104,	'TDEKUJEME_ZA_ODESLANI_FORMULARE',	'Děkujeme za odeslání formuláře',	'Thank you for submitting forms'),
(1105,	'TZOBRAZENO_X_ZAZNAMU_NA_STRANCE',	'Zobrazeno _MENU_ záznamů na stránce',	'Displaying _MENU_ records on page'),
(1106,	'TZOBRAZENO_X_AZ_Y_ZAZNAMU_Z_X_ZAZNAMU',	'Zobrazeno _START_ až _END_ z _TOTAL_ záznamů',	'Displaying _START_ to _END_ of _TOTAL_ records'),
(1107,	'TZOBRAZENO_0_AZ_0_ZAZNAMU_Z_0_ZAZNAMU',	'Zobrazeno 0 až 0 z 0 záznamů',	'Displaying 0 to 0 of 0 records'),
(1108,	'TFILTROVANO_Z_X_ZAZNAMU',	'Filtrováno z _MAX_ záznamů',	'Filtered records of _MAX_'),
(1109,	'TPRVNI',	'První',	'First'),
(1110,	'TPOSLEDNI',	'Poslední',	'Last'),
(1111,	'TNASLEDUJICI',	'následující',	'Next'),
(1112,	'TPREDCHOZI',	'předchozí',	'Previous'),
(1113,	'TPOCET_ODPOVEDI',	'Počet nastavených odpovědí',	'Number of possible answers'),
(1114,	'TPOCET_HLASOVANI',	'Počet hlasování',	'Number of votes'),
(1115,	'TPOCET_ULOZENYCH_ZPRAV',	'Počet uložených zpráv',	'Number of saved messages'),
(1116,	'TCELKEM_NOVYCH_PRISPEVKU',	'Nových / Celkem příspěvků',	'New / Total contributions'),
(1117,	'TNOVYCH_CELKEM_ULOZENYCH_ZPRAV',	'Nových / Celkem zpráv',	'New / Total messages'),
(1118,	'TINDEXOVAT_WEB',	'Povolit indexaci webu',	'Allow indexing web'),
(1119,	'TMODUL_VYHLEDAVANI',	'Vyhledávání',	'Search on website'),
(1120,	'TEMAIL_PRO_PRIHLASENI_JIZ_EXISTUJE',	'Login, kterým se bude uživatel přihlašovat již existuje nebo je chybně zadán.',	'Login, which will log the user already exists or is incorrectly specified.'),
(1121,	'TMODUL_LOGOVANI_AKCI',	'Logování akcí uživatelů',	'Logging of user actions'),
(1122,	'TZMENIT',	'změnit',	'change'),
(1123,	'TJAZYKOVA_MUTACE',	'Jazyková verze',	'Language versions'),
(1124,	'TSPRAVOVANY_WEB',	'Spravovaný web',	'Managed web'),
(1125,	'ERROR_ZADNY_MODUL_NEPRIDELEN',	'Musíte doméně přidělit alespoň jeden modul',	'You must assign at least one module to domain'),
(1126,	'ERROR_ZADNY_JAZYK_NEPRIDELEN',	'Musíte doméně přidělit alespoň jednu jazykovou mutaci',	'You must assign at least one language to domain'),
(1127,	'ERROR_ZADNY_MODUL_NEPRIDELEN_UZIVATELI',	'Uživateli musíte přidělit alespoň jeden modul, ke kterému bude moci přistupovat.',	'The user must assign at least one module, which can be accessed.'),
(1128,	'ERROR_ZADNY_JAZYK_NEPRIDELEN_UZIVATELI',	'Uživateli musíte přiřadit alespoň jednu jazykovou mutaci webu, kterou může spravovat.',	'User must assign at least one language version website, which can manage.'),
(1129,	'ERROR_ZADNA_DOMENA_NEPRIDELENA_UZIVATELI',	'Uživatel musí mít přidělenu alespoň jednu doménu.',	'User must be assigned at least one domain.'),
(1130,	'TPREPNOUT',	'Přepnout',	'Switch'),
(1131,	'TUCET_EXISTUJE_NENI_MODUL_PRO_SPRAVU',	'Uživatel nemá přiřazen žádný modul, kontaktujte prosím správce!',	'User is not assigned to any module, please contact the administrator!'),
(1132,	'TUCET_EXISTUJE_NENI_JAZYK_PRO_SPRAVU',	'Uživatel nemá přiřazen žádnou jazykovou mutaci webu pro správu, kontaktujte prosím správce!',	'User is not assigned to any language version of web management, please contact the administrator!'),
(1133,	'TZPET_NA_SEZNAM',	'Zpět na seznam',	'Back to list'),
(1134,	'TZPET_NA_OBSAH',	'Zpět na obsah',	'Back to content'),
(1135,	'TNOVA_DOMENA',	'Nová doména',	'New domain'),
(1136,	'TTITULEK_GRAFU',	'Titulek grafu',	'Chart title'),
(1137,	'TVLOZIT_GRAF_DO_EDITORU',	'Vložit graf do editoru',	'Insert chart to editor'),
(1138,	'TPOLOZKY_GRAFU',	'Položky grafu',	'Items chart'),
(1139,	'THODNOTA',	'Hodnota',	'Value'),
(1140,	'TTYP_GRAFU',	'Typ grafu',	'Chart type'),
(1141,	'TVYTVORIT_NAHLED_GRAFU',	'Vytvořit náhled grafu',	'Create chart preview'),
(1142,	'TROZMERY',	'Rozměry',	'Dimensions'),
(1143,	'TZOBRAZIT_LEGENDU',	'Zobrazit legendu',	'Show legend'),
(1144,	'TPOCET_CHYBNYCH_OBRAZKU_NA_STRANCE',	'Počet chybných odkazů na obrázky v obsahu',	'Number of false links to images in content'),
(1145,	'TPOCET_CHYBNYCH_ODKAZU_NA_STRANCE',	'Počet chybných odkazů na stránky v obsahu',	'Number of false links to pages in the content'),
(1146,	'TPOCET_CHYBNYCH_OBRAZKU_V_PEREXU',	'Počet chybných odkazů na obrázky v perexu',	'Number of false links to images in perex'),
(1147,	'TPOCET_CHYBNYCH_ODKAZU_V_PEREXU',	'Počet chybných odkazů na stránky v perexu',	'Number of false links to pages in perex'),
(1148,	'TODKAZY_ZKONTROLUJTE_A_OPRAVTE',	'Odkazy zkontrolujte, opravte a uložte.',	'Bad links check, correct and save.'),
(1149,	'TEDITACE_FORMULARE_HTML',	'Editace formuláře - html kod',	'Edit form - html code'),
(1150,	'TLOGOVANI_AKCI',	'Logování akcí',	'Logging actions'),
(1151,	'TCHYBNE_ODKAZY',	'Chybné odkazy',	'Bad links'),
(1152,	'TSTRANKA_NENALEZENA_NEBO_NEDOSTATECNA_PRAVA',	'Stránka nenalezena nebo nemáte oprávnění ke stránce.',	'Page not found or do not have permissions.'),
(1153,	'TLOGOVANA_AKCE',	'Zaznamenaná akce',	'Recorded action'),
(1154,	'TL_STRANKY',	'stránky',	'page'),
(1155,	'TL_CLANKU',	'článku',	'article'),
(1156,	'TL_NOVINKY',	'novinky',	'news'),
(1157,	'TL_GALERIE',	'galerie',	'gallery'),
(1158,	'TL_TSLOZKY_GALERIE',	'složky galerie',	'gallery folder'),
(1159,	'TL_TFOTKY_V_GALERII',	'fotky galerie',	'gallery photo'),
(1160,	'TL_TUZIVATELE',	'uživatele',	'user'),
(1161,	'TL_SABLONY_STRANKY',	'šablony obsahu',	'contents template'),
(1162,	'TL_SABLONY_PANELU',	'šablony panelu',	'panel template'),
(1163,	'TL_OSOBNICH_UDAJU_UZIVATELE',	'osobních údajů uživatele',	'user\'s personal data'),
(1164,	'TL_VSECH_CLANKU',	'modulu Články',	'module Articles'),
(1165,	'TL_VSECH_STRANEK',	'modulu Stránky',	'module Pages'),
(1166,	'TL_VSECH_GALERII',	'modulu Galerie',	'module Galleries'),
(1167,	'TL_VSECH_NOVINEK',	'modulu Novinky',	'module News'),
(1168,	'TL_VSECH_ANKET',	'modulu Ankety',	'module Polls'),
(1169,	'TL_VSECH_FORMULARU',	'modulu Formuláře',	'module Forms'),
(1170,	'TL_RAZENI_STRANEK',	'řazení stránek',	'sort pages'),
(1171,	'TL_ANKETY',	'ankety',	'poll'),
(1172,	'TL_FORMULARE',	'formuláře',	'form'),
(1173,	'TL_HTML_KODU_FORMULARE',	'html kodu formuláře',	'HTML form code'),
(1174,	'TL_ZPRAVY_FORMULARE',	'zprávy formuláře',	'message form'),
(1175,	'TL_DISKUZNIHO_PRISPEVKU',	'diskuzního příspěvku',	'discussion contribution'),
(1176,	'TL_DISKUZE',	'modulu Diskuze',	'module Discussion'),
(1177,	'TL_IP_ADRESY_V_BLACKLISTU',	'IP adresy v blacklistu',	'IP addresses in blacklist'),
(1178,	'TL_FILTRU_DISKUZE',	'filtru diskuze',	'filter discussion'),
(1179,	'TL_EDITBOXU',	'boxu',	'box'),
(1180,	'TL_KOLOTOCE_EDITBOXU',	'carouselu',	'carousel'),
(1181,	'TL_VSECH_EDITBOXU',	'modulu Boxy',	'module Boxes'),
(1182,	'TL_EMAILOVE_KAMPANE',	'emailové kampaně',	'email campaigns'),
(1183,	'TL_PRIJEMCE',	'příjemce',	'recipient'),
(1184,	'TL_EMAILOVE_SKUPINY',	'emailové skupiny',	'email group'),
(1185,	'TL_MODULU_NEWSLETTERY',	'modulu Emaily',	'module Emails'),
(1186,	'TL_IMPORTU_KONTAKTU',	'importu kontaktů',	'import contacts'),
(1187,	'TL_STATISTIK',	'statistik',	'statistics'),
(1188,	'TL_DOMENY',	'domény',	'domain'),
(1189,	'TL_UZIVATELE',	'uživatele',	'user'),
(1190,	'TL_ADMINISTRATOROVI',	'administrátorovi',	'admin'),
(1191,	'TL_WEBU',	'webu',	'web'),
(1192,	'TL_FOTKY_CLANKU',	'fotky k článku',	'photo of article'),
(1193,	'TL_FOTKY_NOVINKY',	'fotky k novince',	'photo of news'),
(1194,	'TL_PRILOHY_NEWSLETTERU',	'přílohy k newsletteru',	'attachments for newsletter'),
(1195,	'TVYTVORENI',	'vytvoření',	'creating'),
(1196,	'TEDITACE_NASTAVENI',	'Editace nastavení',	'Settings edit'),
(1197,	'TEDITACE_OBSAHU',	'editace obsahu',	'Content edit'),
(1198,	'TSMAZANI',	'smazání',	'delete'),
(1199,	'TPRIHLASENI_DO_SYSTEMU',	'přihlášení do systému',	'login in system'),
(1200,	'TODHLASENI_ZE_SYSTEMU',	'odhlášení ze systému',	'logout from system'),
(1201,	'TZASLANI_EMAILU',	'zaslání emailu',	'send email'),
(1202,	'TNAHRANI_FOTKY_SOUBORU',	'nahrání fotky/souboru',	'file/photo upload'),
(1203,	'TEXPORT',	'export',	'export'),
(1204,	'TVYTVARENI_EDITACE_MAZANI',	'Vytváření, editace, mazání',	'Creating, editing, deleting'),
(1205,	'TVYTVARENI_EDITACE',	'Vytváření a editace',	'Creating and editing'),
(1206,	'TJEN_MAZANI',	'Mazání',	'Deleting'),
(1210,	'TEDITACE',	'Editace',	'Editing'),
(1208,	'TPRIHLASENI_ODHLASENI',	'Odhlášení/Přihlášení',	'Logout / Login'),
(1209,	'TOSTATNI_LOGOVANE_AKCE',	'Ostatní akce (Export/import kontaktů, odesílání emailů...)',	'Other events (Export / import contacts, sending emails ...)'),
(1212,	'TPROBIHA_KONTROLA_ODKAZU',	'Probíhá kontrola odkazů, čekejte prosím',	'Checking links, please wait'),
(1211,	'TNALEZENE_ODKAZY',	'Nalezené odkazy',	'Found links'),
(1213,	'TZOBRAZIT_JEN_CHYBNE_ODKAZY',	'Zobrazit jen chybné odkazy',	'Show only bad links'),
(1214,	'TEMAILOVA_KAMPAN',	'Emailová kampaň',	'email campaign'),
(1215,	'TSOUBOR_OBRAZEK',	'SOUBOR/OBRÁZEK',	'FILE/IMAGE'),
(1216,	'TV_OBSAHU',	'V obsahu',	'In main content'),
(1217,	'TV_PEREXU',	'V perexu',	'In perex'),
(1218,	'TJEN_CHYBNE_ODKAZY',	'Jen chybné odkazy',	'Only bad links'),
(1219,	'TJEN_SPRAVNE_ODKAZY',	'Jen správné odkazy',	'Only good links'),
(1220,	'TZKONTROLOVAT_VSECHNY_ODKAZY',	'Zkontrolovat všechny odkazy',	'Check all links'),
(1221,	'TKONTROLA_DOKONCENA',	'Kontrola byla dokončena',	'Checking links is completed'),
(1225,	'TPOCET_CHYBNYCH_ODKAZU_NA_OBRAZKY',	'Počet chybných odkazů na obrázky',	'Number of false links to images'),
(1226,	'TPOCET_CHYBNYCH_ODKAZU_NA_STRANKY',	'Počet chybných odkazů na stránky',	'Number of false links to pages'),
(1227,	'TOPAKOVAT',	'opakovat',	'repeat'),
(1228,	'TDATUM_ULOZENI',	'Datum uložení',	'Date of storage'),
(1229,	'TZALOHA',	'Záloha',	'Backup'),
(1230,	'THLEDAT_V_PEREXU_A_OBSAHU',	'Hledat',	'Search'),
(1231,	'TVLOZIT_PEREX_DO_EDITORU',	'Nahradit obsah editoru perexu tímto textem',	'Replace content of editor for Perex this text'),
(1232,	'TVLOZIT_OBSAH_DO_EDITORU',	'Nahradit obsah editoru pro obsah tímto textem',	'Replace content of editor for Content this text'),
(1233,	'TDATUM_CLANKU',	'Datum článku',	'Article date'),
(1234,	'TDATUM_NOVINKY',	'Datum novinky',	'News date'),
(1235,	'TPRIDAT_FOTKY',	'Přidat fotky',	'Add photos'),
(1236,	'TBYL_USPESNE_NAHRAN',	'úspěšně nahrán',	'successfully uploaded'),
(1237,	'TOPRAVDU_SMAZAT_TENTO_OBRAZEK',	'Opravdu chcete smazat tento obrázek?',	'Do you want to delete this image?'),
(1238,	'TPREKLADY_WEBU',	'Překlady webu',	'Translations of web'),
(1239,	'TPREKLADY_ADMINISTRACE',	'Překlady administrace',	'Translations of administration'),
(1240,	'TPREKLADY_NAPOVEDY',	'Překlady nápovědy',	'Translations of help'),
(1241,	'TKONFIGURACE_PRAV',	'Konfigurace oprávnění',	'Configure permissions'),
(1242,	'TKONSTANTA',	'Konstanta',	'Constant'),
(1243,	'TPREKLADY',	'Překlady',	'Translations'),
(1244,	'TZPET_NA_PREKLADY',	'Zpět na překlady',	'Return to translations'),
(1250,	'ERROR_KONSTANTA_JIZ_EXISTUJE',	'Konstanta již existuje',	'Constant exists'),
(1253,	'TZPET_NA_PREKLADY_NAPOVEDY',	'Zpět na překlady nápovědy',	'Return to help translations'),
(1254,	'TVYTVARET_OBJEKTY',	'Vytvářet objekty (stránky, články, boxy, formuláře...)',	'Create objects (pages, articles, boxes, forms ...)'),
(1255,	'TMAZAT_OBJEKTY',	'Mazat objekty',	'Delete objects'),
(1256,	'TPROHLIZET_NASTAVENI',	'Prohlížet nastavení',	'View settings'),
(1257,	'TEDITOVAT_NASTAVENI',	'Editovat nastavení',	'Edit settings'),
(1258,	'TPRIDAVAT_OBSAH',	'Přidávat obsah',	'Add content'),
(1259,	'TPROHLIZET_OBSAH',	'Prohlížet obsah',	'View content'),
(1260,	'TEDITOVAT_OBSAH',	'Editovat obsah',	'Edit content'),
(1261,	'TMAZAT_OBSAH',	'Mazat obsah',	'Delete content'),
(1262,	'TPROHLIZET_STATISTIKY',	'Prohlížet statistiky',	'View statistics'),
(1263,	'TPOSILAT_EMAILY',	'Posílat emaily',	'Sending emails'),
(1264,	'TNASTAVOVAT_PRISTUPY',	'Nastavovat přístupy',	'Set access'),
(1265,	'TEXPORT_DAT',	'Export dat',	'Exporting data'),
(1266,	'TIMPORT_DAT',	'Import dat',	'Importing data'),
(1267,	'TADMIN_WEBU',	'Admin',	'Admin'),
(1268,	'TADMIN_CMS',	'SuperAdmin',	'SuperAdmin'),
(1269,	'TPREKLADATEL',	'Překladatel',	'Translator'),
(1270,	'TSEO_SPECIALISTA',	'SEO specialista',	'SEO specialist'),
(1271,	'TROLE_UZIVATELU',	'Role uživatelů',	'User roles'),
(1272,	'TCINNOST',	'Činnost',	'Activity'),
(1273,	'TEDITOR',	'Editor / Vydavatel',	'Editor / Publisher'),
(1274,	'TKLIKNUTIM_ZAPNES_VYPNES',	'Kliknutím povolíš/zakážeš',	'Click to enable / disable'),
(1275,	'TUPRAVOVAT_SEO',	'Upravovat SEO nastavení',	'Modify settings SEO'),
(1276,	'TZALOHY_DATABAZE',	'Zálohy databáze',	'Database backup'),
(1278,	'TVYTVORIT_ZALOHU',	'Vytvořit zálohu',	'Create backup'),
(1279,	'OK_ZALOHA_VYTVORENA',	'Záloha úspěšně vytvořena',	'Backup successfully created'),
(1280,	'TNAHRADIT_DATABAZI_ZALOHOU',	'Nahradit databázi zálohou',	'Replace backup database'),
(1281,	'TSTAHNOUT_ZALOHU',	'Stáhnout zálohu do počítače',	'Download backup'),
(1282,	'ERROR_NELZE_VYTVORIT_ZALOHU',	'Nelze vytvořit zálohu - chybí oprávnění k zápisu',	'Unable to create backup - no write permissions'),
(1283,	'OK_DB_OBNOVENA',	'Databáze obnovena',	'Database restored'),
(1284,	'TOPRAVDU_OBNOVIT_DB',	'Opravdu obnovit databázi zálohou ID %s',	'Really restore backup database Id %s'),
(1285,	'ERROR_NEPODARILO_SE_NACIST_SOUBOR_SE_ZALOHOU',	'Nepodařilo se načíst soubor se zálohou',	'Failed to load the backup file'),
(1286,	'TOSTATNI_UDAJE',	'Ostatní údaje',	'Other information'),
(1287,	'TL_PREKLADY_ADMIN',	'překladu administrace',	'translation of administration'),
(1288,	'TL_PREKLADY_WEB',	'překladu webu',	'translation of web'),
(1289,	'TL_NAPOVEDA',	'nápovědy',	'help'),
(1290,	'TL_ZALOHA_DB',	'zálohy databáze',	'database backup'),
(1291,	'ERROR_RUBRIKA_MUSI_BYT_ZADANA',	'Článek musí být zařazen do jedné z rubrik',	'Article must be placed into one of rubrics'),
(1292,	'TEDITOVAT_RUBRIKU',	'Editovat rubriku',	'Edit rubric'),
(1293,	'TNELZE_POSOUVAT_Z_DUVODU_FILTRACE',	'Nelze přeuspořádat stránku - zrušte filtraci',	'Can not move page - clear filter'),
(1294,	'TKOREN_WEBU',	'Kořen webu',	'Root of web'),
(1295,	'TKOREN_GALERIE',	'Kořen galerie',	'Root of gallery'),
(1296,	'TZAKLADNI_INFORMACE',	'Základní informace',	'Basic information'),
(1297,	'TNABIDKY_A_TIPY_PRO_VAS',	'Nabídky a tipy pro Vás',	'Offers and tips for you'),
(1298,	'TDIAGNOSTIKA_SYSTEMU',	'Diagnostika',	'Diagnostics'),
(1299,	'TPOSLEDNI_AKCE_UZIVATELU',	'Poslední akce uživatelů',	'Last user actions'),
(1300,	'TUPRAVIT_OSOBNI_UDAJE',	'Upravit osobní údaje',	'Edit personal information'),
(1301,	'TPOVOLENE_JAZYKY',	'Jazyky',	'Languages'),
(1302,	'TUPRAVIT_NASTAVENI_WEBU',	'Upravit nastavení webu',	'Edit web settings'),
(1303,	'TWEB',	'Web',	'Web'),
(1304,	'TPODIVAT_SE_NA_KOMPLETNI_LOG',	'Podívat se na kompletní log akcí',	'See complete log of events'),
(1309,	'TNOVA_ZPRAVA',	'nová zpráva',	'new message'),
(1310,	'TNOVE_ZPRAVY',	'nové zprávy',	'new messages'),
(1311,	'TNOVYCH_ZPRAV',	'nových zpráv',	'new messages'),
(1312,	'TNOVY_PRISPEVEK',	'nový příspěvek',	'new contribution'),
(1308,	'Z_FORMULARU',	'z formulářů',	'from forms'),
(1313,	'TNOVE_PRISPEVKY',	'nové příspěvky',	'new contributions'),
(1314,	'TNOVYCH_PRISPEVKU',	'nových příspěvků',	'new contributions'),
(1315,	'V_DISKUZICH',	'v diskuzích',	'in discussions'),
(1316,	'V_OBSAHU_WEBU',	'v obsahu webu',	'in web content'),
(1317,	'TCHYBNY_ODKAZ',	'chybný odkaz',	'bad link'),
(1318,	'TCHYBNYCH_ODKAZU',	'chybných odkazů',	'bad links'),
(1319,	'TWEB_MA_ZAKAZANO_INDEXOVANI',	'Web má zakázáno indexování, pravděpodobně tak nebude dostupný přes vyhledávače (Seznam.cz, Google.cz, ...)',	'Web indexing is disabled, you probably will not be accessible through search engines (Seznam.cz, Google.cz, ...)'),
(1320,	'TVICE_INFORMACI',	'více informací',	'more info'),
(1321,	'TNEOBSAHUJI_ZADNY_TEXT',	'neobsahují žádný text',	'no text'),
(1322,	'TNEOBSAHUJE_ZADNY_TEXT',	'neobsahuje žádný text',	'no text'),
(1323,	'TA_DALSI',	'a další',	'and other'),
(1324,	'TTSTRANKY',	'Stránky',	'Pages'),
(1325,	'TNENI_VYPLNEN',	'Není vyplněn',	'Not filled'),
(1326,	'TWEBU',	'webu',	'web'),
(1327,	'TGA_KOD',	'Číslo pro měření',	'Number of measurement'),
(1328,	'TVCERA',	'Včera',	'Yesterday'),
(1329,	'TDOSLO_K_PREKROCENI_SPODNI_HRANICE_NAVSTEVNOSTI',	'došlo k překročení spodní hranice návštěvnosti',	'exceeding the lower limit traffic'),
(1330,	'TPOCET_NAVSTEV_BYL',	'Počet návštěv byl',	'Number of visits was'),
(1331,	'TPREJIT_NA_STATISTIKY',	'Přejít na statistiky',	'Go to statistics'),
(1332,	'TNASTAVENI_DASHBOARDU',	'Nastavení nástěnky',	'Dashboard settings'),
(1333,	'TODEBRAT_BOX_Z_NASTENKY',	'Odebrat box z nástěnky',	'Remove box from dashboard'),
(1334,	'TBOXY',	'Boxy',	'boxes'),
(1335,	'TSYSTEMOVA_SABLONA',	'Systémová šablona',	'System template'),
(1336,	'TNASTAVENI_ADMINISTRACE',	'Nastavení administrace',	'Setting administration'),
(1337,	'TCESKY',	'česky',	'czech'),
(1338,	'TANGLICKY',	'anglicky',	'english'),
(1339,	'TJAZYK_ADMINISTRACE',	'Jazyk administrace',	'Language of administration'),
(1340,	'TVZHLED_ADMINISTRACE',	'Vzhled administrace',	'Skin administration'),
(1342,	'TVSECHNY_RUBRIKY',	'Všechny rubriky',	'All rubrics'),
(1345,	'TPOCET_NAHODNYCH_CLANKU_V_BOXU',	'Počet náhodných článků v boxu',	'Number of random articles in box'),
(1346,	'TPOCET_NEJNOVEJSICH_CLANKU_V_BOXU',	'Počet nejnovějších článků v boxu',	'Number of latest articles in box'),
(1347,	'TPOCET_NEJLEPSICH_CLANKU_V_BOXU',	'Počet nejlepších článků v boxu',	'Number of best articles in box'),
(1348,	'TNASTAVENI_MODULU',	'Nastavení',	'Settings'),
(1349,	'TEMAIL_WEBU',	'Email webu',	'Email web'),
(1350,	'TPOCET_NOVINEK_NA_STRANKU',	'Počet novinek na stránku',	'Number of news on page'),
(1351,	'TPOCET_NOVINEK_V_BOXU',	'Počet novinek v boxu',	'Number of news in box'),
(1352,	'TZOBRAZIT_RSS',	'Zobrazit odkaz na RSS feed',	'Show link to RSS feed'),
(1353,	'TVODOZNAK_TEXT',	'Vodoznak - text',	'Watermark - text'),
(1354,	'TVODOZNAK_OBRAZEK',	'Vodoznak - obrázek',	'Watermark - image'),
(1355,	'TPOCET_FOTEK_V_BOXU',	'Počet fotek v boxu',	'Number of photos in a box'),
(1356,	'TPOVOLIT_CENZURU_PRISPEVKU',	'Povolit cenzuru diskuzních příspěvků',	'Allow censorship discussion contributions'),
(1357,	'TAUTOMATICKA_CENZURA_PRISPEVKU',	'Automatická cenzura diskuzních příspěvků',	'Automatic censorship of discussion contributions'),
(1359,	'TNEZADANO',	'nezadáno',	'none'),
(1360,	'TZADANO',	'zadáno',	'entered'),
(1361,	'TL_ANKETY_NASTAVENI',	'všech anket',	'all polls'),
(1362,	'TFACEBOOK_APP_ID',	'Facebook - ID aplikace (AppID)',	'Facebook - ID application'),
(1363,	'TFACEBOOK_ADMIN_ID',	'Facebook - Admin ID',	'Facebook - Admin ID'),
(1364,	'TFACEBOOK_APP_SECRET',	'Facebook - tajný klíč aplikace (App secret)',	'Facebook - the secret key applications (App secret)'),
(1365,	'TTWITTER_URL_STRANKY',	'Url stránky na Twitteru',	'Page URL on Twitter'),
(1366,	'TFACEBOOK_POCET_KOMENTARU',	'Facebook - Komentáře - počet komentářů na jednu stránku',	'Facebook - Comments - number of comments on one page'),
(1367,	'TFACEBOOK_COMMENTS_SIRKA',	'Facebook - Komentáře - šířka boxu',	'Facebook - Comments - width of box'),
(1368,	'TFACEBOOK_LIKEBOX_SIRKA',	'Facebook - Likebox - šířka boxu',	'Facebook - Likebox - width of box'),
(1369,	'TFACEBOOK_LIKEBOX_VYSKA',	'Facebook - Likebox - výška boxu',	'Facebook - Likebox - height of box'),
(1370,	'TFACEBOOK_LIKEBOX',	'Facebook Likebox',	'Facebook Likebox'),
(1371,	'TFACEBOOK_COMMENTS',	'Facebook - komentáře',	'Facebook - comments'),
(1372,	'TGOOGLE_WEBMASTER_TOOLS_KOD',	'Google webmaster tools - ověřovací kod',	'Google webmaster tools - verification code'),
(1373,	'TVYHLEDAVANI_POCET_NA_STRANKU',	'Počet výsledků vyhledávání na jedné stránce',	'Number of search results on one page'),
(1374,	'TKONTROLOVAT_ODKAZY_PRI_UKLADANI',	'Kontrolovat odkazy v obsahu ihned při ukládání stránky',	'Check the links in the content immediately when saving page'),
(1375,	'TPOCET_UCHOVAVANYCH_ZALOH',	'Počet uchovávaných záloh pro každou stránku',	'Number of backups maintained for each page'),
(1376,	'TPOCET_UCHOVAVANYCH_LOGU',	'Maximální počet logů akcí',	'Maximum number of log events'),
(1377,	'TPOCET_ODKAZU_PRO_JEDNORAZOVOU_KONTROLU_AJAXEM',	'Počet odkazů pro jednorázovou kontrolu odkazů ajaxem',	'Number of links for a single link checker Ajax'),
(1378,	'TPOUZIT_GZ_KOMPRESI',	'Použít GZ kompresi pro zálohy databáze',	'Apply GZ compressed for database backups'),
(1379,	'TMAX_ATTACHMENT_COUNT',	'Maximální počet přiložených příloh k emailu',	'Maximum number of attachments attached to email'),
(1380,	'TMAX_UPLOAD_FILES',	'Maximální počet uploadovaných souborů',	'Maximum number of uploaded files'),
(1381,	'TCOMPRESS_JPEG',	'Míra komprese jpeg souborů',	'Rate of compression jpeg files'),
(1382,	'TLIMIT_SEND_NEWSLETTER',	'Počet jednorázově odeslaných emailů při jednom spuštění skriptu pro CRON',	'Number of sent emails one time'),
(1383,	'TLIMIT_NOT_SEND_NEWSLETTER',	'Počet emailů odeslaných po sobě s chybou než dojde k bezpečnostnímu přerušení kampaně',	'Number of emails sent in a row with an error before a break for safety campaign'),
(1384,	'TPOCET_ZAZNAMU_NA_JEDNU_STRANKU',	'Počet záznamů zobrazených v cms ve výpisu položek na jedné stránce',	'Number of records displayed in cms in the list of items on one page'),
(1385,	'TUKLADAT_STAVY_FILTRU_SEZNAMU',	'Ukládat stavy řazení výpisů pro opětovný návrat na stránku',	'Save sorting states listings for return to the page'),
(1386,	'TCMS_VERZE',	'Verze redakčního systému',	'CMS Version'),
(1387,	'TCMS_NAME',	'Název redakčního systému',	'Name Management System'),
(1388,	'TMODUL_ARCHIV_CLANKU',	'Archív článků',	'Archive of articles'),
(1389,	'TPRIDAT_PANEL',	'Přidat panel',	'Add panel'),
(1390,	'TSYSTEMOVY_NAZEV',	'Systémový název',	'System name'),
(1391,	'TZPET_NA_SEZNAM_PANELU',	'Zpět na seznam panelů',	'Back to list of panels'),
(1392,	'TL_PANEL',	'panel',	'panel'),
(1393,	'TNEDEFINOVANO',	'nedefinováno',	'undefined'),
(1395,	'TSEZNAM_OPRAVNENI',	'Seznam oprávnění',	'Permission list'),
(1396,	'TSTATISTIKA',	'Statistika',	'Statistics'),
(1397,	'TSTAHNOUT',	'Stáhnout',	'Download'),
(1398,	'TPOSUNOUT_NAHORU',	'Posunout nahoru',	'Move up'),
(1399,	'TPOSUNOUT_DOLU',	'Posunout dolů',	'Move down'),
(1400,	'TNEMATE_OPRAVNENI_SLEDOVAT_STATISTIKY',	'Nemáte oprávnění sledovat statistiky',	'Not have permission to watch statistics'),
(1401,	'TNEMATE_OPRAVNENI_K_UKLADANI',	'Nemáte oprávnění k ukládání',	'Not have permission to saving'),
(1402,	'TNEMATE_OPRAVNENI_K_MAZANI',	'Nemáte oprávnění k mazání',	'Not have permission to deleting'),
(1403,	'TNEMATE_OPRAVNENI_MENIT_NASTAVENI',	'Nemáte oprávnění měnit nastavení',	'Not have permission to change settings'),
(1404,	'TNEMATE_OPRAVNENI_MENIT_OBSAH',	'Nemáte oprávnění měnit obsah',	'Not have permission to change content'),
(1405,	'TNEMATE_OPRAVNENI_VYTVARET',	'Nemáte oprávnění vytvářet',	'Not have permission to creating'),
(1406,	'TNEMATE_OPRAVNENI_PRO_VSTUP_DO_GALERIE',	'Nemáte oprávnění pro vstup do galerie',	'Not have permission to enter gallery'),
(1407,	'TNELZE_POSOUVAT',	'Nelze posunout položku',	'Can not move item'),
(1408,	'TNELZE_SMAZAT_STRANKA_OBSAHUJE_PODRIZENE_STRANKY',	'Nelze smazat, stránka obsahuje podstránky.',	'You can not delete. This page contains subpages.'),
(1409,	'TNELZE_SMAZAT_STRANKA_JE_SYSTEMOVA',	'Nelze smazat, stránka je systémová',	'You can not delete. This page is system'),
(1410,	'TMODUL_SOUVISEJICI_CLANKY',	'Související články',	'Related articles'),
(1413,	'TZOBRAZIT_STRANKU_NA_WEBU',	'Zobrazit stránku na webu',	'Show page on the web'),
(1411,	'TZOBRAZIT_WEB',	'Zobrazit web',	'View website'),
(1412,	'TZOBRAZIT_DISKUZNI_PRISPEVKY',	'Zobrazit diskuzní příspěvky',	'View discussion contributions'),
(1414,	'TZOBRAZIT_FOTKU_NA_WEBU',	'Zobrazit fotku na webu',	'View photo on the web'),
(1415,	'TNEMATE_OPRAVNENI_PRO_ZOBRAZENI_PRISPEVKU',	'Nemáte oprávnění pro zobrazení diskuzních příspěvků',	'Not have permission to view discussion contributions'),
(1416,	'TPREJIT_NA_OBSAH_STRANKY_S_DISKUZI',	'Přejít na obsah stránky s diskuzí',	'Skip to content of page with discussion'),
(1417,	'TKOLOTOC_NAHODNE',	'Carousel s náhodným zobrazováním',	'Carousel with random display'),
(1418,	'TEDITBOX_KOLOTOC',	'Carousel',	'Carousel'),
(1419,	'TODESILATEL_A_PRIJEMCI_EMAILU',	'Odesílatel a příjemci emailu',	'Sender and recipient email'),
(1420,	'TMODUL_KONTAKTNI_FORMULAR',	'Kontaktní formulář',	'Contact form'),
(1421,	'TEMAIL_PRO_KONTAKTNI_FORMULAR',	'Email pro kontaktní formulář',	'Email for contact form'),
(1422,	'ERROR_NENI_VYPLNEN_EMAIL_U_KONTAKTNIHO_FORMULARE',	'Nemáte vyplněn nebo je chybně uveden email, na který budou odesílány zprávy z kontaktního formuláře.',	'Incorrect e-mail for contact form'),
(1423,	'TZOBRAZOVAT_SOUVISEJICI_CLANKY',	'Zobrazovat související články',	'Show related articles'),
(1424,	'TUMOZNIT_HODNOCENI_CLANKU',	'Umožnit hodnocení článků',	'Allow article rating'),
(1425,	'TROZSAH_STUPNICE_HODNOCENI',	'Rozsah stupnice hodnocení (1 - 10)',	'Rating scale (1-10)'),
(1426,	'TNAPOVEDA_NENI_ZATIM_PRELOZENA',	'Nápověda není zatím přeložena',	'Help is not translated'),
(1427,	'TRUSTINA',	'Ruština',	'Russian'),
(1428,	'TSPRAVOVAT_TENTO_WEB',	'Spravovat tento web',	'Manage this website'),
(1429,	'TBYL_JSTE_AUTOMATICKY_ODHLASEN_Z_DUVODU_PRISTUPU_K_NEPOVOLENE_JAZYKOVE_MUTACI',	'Došlo k automatickému odhlášení. Neoprávněný přístup k jazykové mutaci webu.',	'Was automatically logout. Unauthorized access to language version website.'),
(1430,	'TPOUZIT_FOTKY_Z_GALERIE',	'Zkopírovat fotky z galerie',	'Copy images from gallery'),
(1431,	'TKOPIROVAT_FOTKY',	'Kopírovat fotky',	'Copy images'),
(1432,	'TKOPIROVAT_FOTKY_Z_GALERIE',	'Zkopírovat fotky z jiné galerie',	'Copy images from other gallery'),
(1433,	'TZKOPIROVAT_FOTKY_Z_GALERIE',	'Zkopírovat fotky z galerie',	'Copy images from gallery'),
(1434,	'TPROBIHA_KOPIROVANI_FOTEK',	'Probíhá kopírování fotek',	''),
(1435,	'TVSECHNY_FOTKY',	'všechny fotky',	'all images'),
(1436,	'TVYBRANE_FOTKY',	'jen vybrané fotky',	'only selected images'),
(1437,	'TZKOPIROVAT',	'Zkopírovat',	'Copy'),
(1438,	'TKOPIROVANI_OBRAZKU_UKONCENO',	'Kopírování úspěšně dokončeno',	'Copying successfully completed'),
(1439,	'TSPUSTIT_KOPIROVANI',	'Spustit kopírování',	'Start copy'),
(1440,	'TDO_GALERIE',	'do galerie',	'to gallery'),
(1441,	'TKLIKNUTIM_FOTKU_VYBERETE',	'Kliknutím fotku vyberete',	'Click to select photo'),
(1442,	'OK_ZKOPIROVANO',	'Úspěšně zkopírováno %s fotek z celkového počtu %s',	''),
(1443,	'ERROR_KOPIROVANI_FOTEK',	'Chyba při kopírování fotek, pravděpodobně nemáte nastavenou zdrojovou galerii, nebo nebyly vybrány žádné fotky.',	'Error copy a photo, you probably have not set the source gallery, or did not select any photos.'),
(1444,	'TMODUL_INLINE_EDITACE',	'Inline editace webu',	'Inline edit site'),
(1445,	'TZPRACUJ',	'Zpracuj',	'Process'),
(1446,	'TPRAVY_PANEL',	'Pravý panel',	'Right panel'),
(1447,	'TLEVY_PANEL',	'Levý panel',	'Left panel'),
(1448,	'THORNI_PANEL',	'Hlavní obrázek webu',	'Top panel'),
(1449,	'TDOLNI_PANEL',	'Dolní panel',	'Bottom panel'),
(1450,	'TKAMPANE',	'Kampaně',	'Campaigns'),
(1451,	'TDOKUMENT',	'dokument',	'document'),
(1452,	'TVEKTOROVY_OBRAZEK',	'vektorový obrázek',	'vector image'),
(1453,	'TVYTISKNOUT_GRAF',	'Vytisknout graf',	'Print graph'),
(1454,	'TMODUL_KALENDAR',	'Kalendář akcí',	'Events calendar'),
(1455,	'TKALENDARNI_AKCE',	'Akce',	'Action'),
(1456,	'TTYPY_KALENDARNICH_AKCI',	'Typy akcí',	'Actions types'),
(1457,	'TEDITACE_KALENDARNI_AKCE',	'Editace akce',	'Edit action'),
(1458,	'TNOVA_KALENDARNI_AKCE',	'Nová akce',	'New action'),
(1459,	'TTERMINY_AKCE',	'Termíny akce',	'Dates of actions'),
(1460,	'TZPET_NA_SEZNAM_ODPOVEDI',	'Zpět na seznam odpovědí',	'Back to list answers'),
(1461,	'TPRIDAT_ODPOVED',	'Přidat odpověď',	'Add answer'),
(1462,	'TNOVA_ODPOVED_ANKETY',	'Nová odpověď na anketní otázku',	'New response to poll question'),
(1463,	'TEDITACE_ODPOVEDI_ANKETY',	'Editace odpovědi anketní otázky',	'Editing answer polls'),
(1464,	'TKALENDAR_AKCI',	'Kalendář akcí',	'Events calendar'),
(1466,	'TPRIDAT_TYP_AKCE',	'Přidat typ akce',	'Add event type'),
(1467,	'TPOUZITO',	'Použito',	'Used'),
(1468,	'TL_KALENDAR_AKCI',	'kalendář akcí',	'events calendar'),
(1469,	'TL_KALENDAR_AKCI_TYPY',	'typ kalendáře akcí',	'event type of calendar'),
(1470,	'TNELZE_SMAZAT_Z_DUVODU_POUZITI_V_KALENDARI_AKCI',	'Nelze smazat. S tímto typem akce se již pracuje v nějaké kalendářní akci',	'Can not delete. With this type of action is already working in some calendar event'),
(1471,	'TPRIDAT_AKCI',	'Přidat akci',	'Add event'),
(1472,	'TTYP_AKCE',	'Typ akce',	'Event type'),
(1473,	'TMISTO_KONANI',	'Místo konání',	'Event location'),
(1474,	'TNAZEV_AKCE',	'Název akce',	'Events name'),
(1475,	'TZACATEK_AKCE_DATUM',	'Začátek akce - datum',	'Beginning of the event - date'),
(1476,	'TZACATEK_AKCE_CAS',	'Začátek akce - čas',	'Beginning of the event - time'),
(1477,	'TKONEC_AKCE_DATUM',	'Konec akce - datum',	'End of the event - date'),
(1478,	'TKONEC_AKCE_CAS',	'Konec akce - čas',	'End of the event - time'),
(1479,	'TEDITOVAT_NEBO_PRIDAT_TERMINY',	'Přidat nebo upravit termíny akce',	'Add or edit dates action'),
(1480,	'ERROR_NENI_VYPLNEN_TYP_AKCE',	'Není vyplněn typ akce',	'Event type is not filled'),
(1481,	'TL_FOTKY_AKCE',	'fotky k akci',	'photos of event'),
(1482,	'TNOVY_TERMIN',	'Nový termín',	'New date'),
(1483,	'TEDITACE_TERMINU',	'Editace termínu',	'Edit date'),
(1484,	'TTERMIN_JESTE_NENI_AKTIVNI',	'Termín ještě není aktivní',	'Dates is not yet active'),
(1485,	'TTERMIN_JE_MOMENTALNE_AKTIVNI',	'Termín je momentálně aktivní',	'Date is currently active'),
(1486,	'TTERMIN_JIZ_NENI_AKTIVNI',	'Termín již není aktivní',	'Dates is not active anymore'),
(1487,	'ERROR_CHYBNE_DATUM_AKCE',	'Počáteční nebo koncové datum akce je chybné',	'Start or end date of the event is incorrect'),
(1488,	'WARNING_CHYBNE_DATUM_AKCE',	'Počáteční datum je pravděpodobně novější než datum ukončení a nebo datum ukončení nastalo v minulosti.',	'Start date is probably later than the end date'),
(1489,	'TTERMINY_SE_PREKRYVAJI_S_JINYM_TERMINEM_AKCE',	'Termíny se překrývají s jiným termínem akce',	'Dates overlap with another date action'),
(1490,	'TPOCET_AKCI_NA_STRANKU',	'Počet akcí na jednu stránku',	'Number of events on page'),
(1491,	'TURL_NAZEV_NAZEV',	'název/.../název',	'name/.../name'),
(1492,	'TTAGY',	'Štítky',	'Tags'),
(1493,	'TNAPISTE_NAZEV_TAGU',	'Napište název štítku',	'Type the name of tag'),
(1494,	'TZADNY_TAG_NENALEZEN',	'Žádný štítek nenalezen',	'No tag found'),
(1495,	'TPOKUD_CHCETE_VYTVORIT_NOVY_TAG',	'Pokud chcete vytvořit nový štítek klikněte',	'If you want to create a new tag click'),
(1496,	'TTAG_X_UZ_EXISTUJE',	'Štítek %s už existuje',	'Tag %s already exists'),
(1497,	'TL_TAG',	'štítek',	'tag'),
(1498,	'TSEZNAM_TAGU',	'Seznam štítků',	'List of tags'),
(1499,	'TNOVY_TAG',	'Nový štítek',	'New tag'),
(1500,	'TEDITACE_TAGU',	'Editace štítku',	'Edit tag'),
(1501,	'TPRIDAT_TAG',	'Přidat štítek',	'Add tag'),
(1502,	'TTAG_JE_POUZITY_U_CLANKU',	'Tag je použit u některého článku. Nelze smazat.',	'Tag is used in an article. Unable to delete.'),
(1503,	'TPOCET_SOUVISEJICICH_CLANKU',	'Počet souvisejících článků',	'Number of related articles'),
(1504,	'TPOSLEDNI_DISKUZNI_PRISPEVKY',	'Poslední diskuzní příspěvky',	'Last forum posts'),
(1505,	'TPOCET_POSLEDNICH_KOMENTARU_V_BOXU',	'Počet posledních komentářů v boxu',	'Number of last comments in the box'),
(1506,	'TSTRANKA_KALENDAR_AKCI',	'Stránka, která obsahuje kalendář akcí',	'The page that contains events calendar'),
(1507,	'TSTRANKA_NOVINKY',	'Stránka, která obsahuje novinky',	'The page that contains news'),
(1508,	'TSTRANKA_GALERIE',	'Stránka, která obsahuje kořenovou stránku galerie',	'The page that contains the root page gallery'),
(1509,	'TSTRANKA_VYHLEDAVANI',	'Stránka, která obsahuje výsledky vyhledávání',	'The page that contains search results'),
(1510,	'TSTRANKA_SITEMAP',	'Stránka, která obsahuje mapu webu',	'The page that contains the site map'),
(1511,	'TSTRANKA_STITKY',	'Stránka, která obsahuje štítky',	'The page that contains tags'),
(1517,	'TAUTOLOGIN_URL',	'Url pro automatické přihlášení do systému pro Inline editaci',	'Url automatically logged into the system for inline editing'),
(1516,	'TRSS_VYRAZY',	'Výrazy filtru pro stahování RSS feedů',	'Rss terms'),
(1515,	'TRSS_URL',	'Url adresy RSS feedů',	'Rss urls'),
(1514,	'TRSS_SLEDUJEME_PRO_VAS_SIT',	'RSS',	'RSS'),
(1513,	'TSKYPE',	'Skype',	'Skype'),
(1512,	'TURL_YOUTUBE',	'Url stránky na Youtube',	'Youtube URL'),
(1518,	'TPRILOZENE_EDITBOXY',	'Přiložené boxy',	'Added boxes'),
(1519,	'TVSECHNY_EDITBOXY',	'Všechny boxy',	'All boxy'),
(1520,	'TNEJSOU_VYPLNENY_UDAJE_PRO_PRIPOJENI_KE_GA_STATISTIKAM',	'Nejsou vyplněny údaje pro připojení ke statistikám Google Analytics - nebudou se zobrazovat grafy',	'Not all required information to connect to the statistics Google Analytics - will not be displayed graphs'),
(1521,	'TNAVSTEVNOST_PO_MESICICH',	'Návštěvnost po měsících',	'Visitors by month'),
(1522,	'TPRIVATNI_UZIVATEL',	'Privátní uživatel',	'Private user'),
(1523,	'TREDAKTOR',	'Redaktor',	'Redactor'),
(1524,	'TPRAVO_JEN_NA_MUJ_OBSAH',	'Editovat a mazat jen mnou vytvořené objekty',	'Edit and delete objects created just me'),
(1525,	'TZRUSIT',	'Zrušit',	'Cancel'),
(1526,	'TPOTVRDTE',	'Potvrďte následující akci',	'Confirm this action'),
(1527,	'TNAHLED_ZALOHOVANEHO_OBSAHU',	'Náhled zálohovaného obsahu',	'Preview backed content'),
(1528,	'TPOZNAMKA_REDAKCE',	'Poznámka redakce',	'Editor\'s Note'),
(1529,	'TROZPRACOVANO',	'rozpracováno',	'elaborated'),
(1530,	'TKE_KONTROLE',	'ke kontrole',	'to control'),
(1531,	'THOTOVO',	'hotovo',	'done'),
(1532,	'TZAMITNUTO',	'zamítnuto',	'rejected'),
(1533,	'TODESILAT_UPOZORNENI_PRI_ZMENE_STAVU_CLANKU',	'Odesílat upozornění na změnu stavu článku editorem',	'Send alerts to change state of article'),
(1534,	'TVSTUP_DO_CMS',	'Administrace',	'Administration'),
(1535,	'TNASTAVENI_WEBU',	'Nastavení webu',	'Web settings'),
(1536,	'TZALOHA_OBSAHU',	'Záloha obsahu',	'Backup content'),
(1537,	'TSMAZAT_STRANKU',	'Smazat stránku',	'Delete this page'),
(1538,	'TNAVSTEVNOST_STRANKY',	'Návštěvnost stránky',	'Attendance of page'),
(1539,	'TL_AKCE',	'kalendářní akci',	''),
(1540,	'TOBSAH_STRANKY_BYL_OBNOVEN_ZE_ZALOHY',	'Obsah stránky byl aktualizován ze zálohy.',	'Page content was updated from backup.'),
(1541,	'TDOPLNUJICI_OBSAH',	'Doplňující obsah',	'Additional content'),
(1542,	'OK_ULOZENO_A_PRESMEROVANO',	'Úspěšně uloženo. Budete přesměrování na novou stránku.',	'Successfully saved. You will be redirected to the new page.'),
(1543,	'TLOREM_IPSUM_OBSAH',	'Zde napište Váš obsah!',	''),
(1544,	'TLOREM_IPSUM_PEREX',	'Zde napište Váš perex!',	''),
(1545,	'TFOTKY_V_GALERII',	'Fotky galerie',	'Photos gallery'),
(1546,	'TDETAIL_FOTKY',	'Náhled',	'Detail'),
(1547,	'TDOKONCENO',	'Dokončeno',	'Complete'),
(1548,	'TPOVOLIT_MAZANI',	'Povolit mazání',	''),
(1549,	'TMAZANI_BOXU_BYLO_ZAKAZANO_ADMINEM',	'Smazání tohoto boxu bylo zakázáno administrátorem',	''),
(1550,	'TMAZANI_STRANKY_BYLO_ZAKAZNO_ADMINEM',	'Smazání této stránky bylo zakázáno administrátorem',	''),
(1551,	'TSEZNAM_SKUPIN',	'Seznam skupin',	''),
(1552,	'TL_SKUPINU',	'skupinu',	''),
(1553,	'TSKUPINY',	'Skupiny',	'Groups'),
(1555,	'TSTRANKA_MA_ZDEDENOU_PRIVATNOST',	'Stránka převzala privátnost od některé z podřízených stránek',	''),
(1556,	'TPRIHLASOVACI_FORMULAR',	'Přihlašovací formulář',	'Login form'),
(1557,	'TPRIHLASOVACI_STRANKA',	'Přihlašovácí stránka',	'Login page'),
(1558,	'TMODUL_ESHOP',	'Produkty',	''),
(1559,	'TTEXT_EMAILU_PRO_NOVE_HESLO',	'Obsah emailu pro zaslání nového hesla',	''),
(1565,	'TNOVY_PRODUKT',	'Přidat produkt',	''),
(1564,	'TEDITACE_PRODUKTU',	'Editace produktu',	''),
(1563,	'TSTRANKY_S_PRODUKTY',	'Kategorie produktů',	''),
(1566,	'TSEZNAM_PRODUKTU',	'Seznam produktů',	''),
(1567,	'TPRIDAT_KATEGORII_PRODUKTU',	'Přidat kategorii',	''),
(1568,	'TNAZEV_KATEGORIE',	'Název kategorie',	''),
(1569,	'TPOCET_PRODUKTU',	'Počet produktů',	''),
(1570,	'TEDITOVAT_KATEGORII',	'Editovat kategorii',	''),
(1571,	'TSTRANKA_ODBER_NOVINEK',	'Odběr newsletterů',	''),
(1572,	'ERROR_STRANKA_OBSAHUJE_PRODUKTY_NELZE_PREVEST_NA_JINY_TYP',	'Protože stránka již obsahuje produkty nelze ji převést na jiný typ. Pokud chcete přesto stránku převést na jiný typ, smažte všechny produkty, které obsahuje.',	''),
(1573,	'TZPET_NA_SEZNAM_KATEGORII',	'Zpět na seznam kategorií',	''),
(1574,	'TKATEGORIE',	'Kategorie',	''),
(1575,	'TCENA',	'Cena s DPH',	''),
(1576,	'TCENA_BEZ_DPH',	'Cena',	''),
(1577,	'T_PRODUKT_POPIS1',	'Podrobný popis',	''),
(1578,	'T_PRODUKT_POPIS2',	'Technická data',	''),
(1579,	'T_PRODUKT_POPIS3',	'Ke stažení',	''),
(1580,	'T_PRODUKT_POPIS4',	'Ostatní',	''),
(1581,	'TPOPIS_PRODUKTU',	'Podrobný popis knihy',	''),
(1582,	'TZOBRAZOVAT_CENU',	'Zobrazovat cenu',	''),
(1583,	'TDPH',	'DPH',	''),
(1584,	'ERROR_KATEGORIE_PRODUKTU_MUSI_BYT_ZADANA',	'Produkt musí být zařazen do jedné z kategorií produktu',	''),
(1585,	'TL_PRODUKTU',	'produktu',	''),
(1586,	'TSTRANKA_OBCHODNI_PODMINKY',	'Stránka s obchodními podmínkami',	''),
(1587,	'TSTRANKA_OBJEDNAVKA',	'Stránka s objednávkou',	''),
(1588,	'TSTRANKA_PRO_NEWSLETTERY',	'Stránka pro přihlášení/odhlášení z odběru newsletterů',	''),
(1589,	'TSTRANKA_EMAIL',	'Newslettery',	''),
(1590,	'TL_FOTKY_PRODUKTU',	'fotky produktu',	''),
(1591,	'TTEXT_EMAILU_PRO_ZMENU_HESLA',	'Text emailu pro změnu hesla pro přístup ke stránce.',	''),
(1592,	'TTITULEK_POSTFIX',	'Text za titulkem každé stránky',	''),
(1593,	'TTITULEK_PREFIX',	'Text před titulkem každé stránky',	''),
(1594,	'TPOCET_PRODUKTU_NA_STRANKU',	'Počet produktů na stránku',	''),
(1595,	'TZOBRAZOVAT_SOUVISEJICI_PRODUKTY',	'Zobrazovat související produkty',	''),
(1596,	'TPOCET_SOUVISEJICICH_PRODUKTU',	'Počet souvisejících produktů',	''),
(1597,	'TMODUL_SOUVISEJICI_PRODUKTY',	'Související produkty',	''),
(1598,	'TSOUVISEJICI_PRODUKTY',	'Související produkty',	''),
(1600,	'TPOHLAVI',	'Pohlaví',	''),
(1601,	'TMUZ',	'Muž',	''),
(1602,	'TZENA',	'Žena',	''),
(1603,	'TNEPOTVRZEN',	'Nepotvrzen',	''),
(1604,	'TODHLASEN',	'Odhlášen',	''),
(1606,	'ERROR_ZADNE_SKUPINY',	'Musíte vybrat alespoň jednu skupinu',	''),
(1607,	'TEMM_CRON_LIMIT',	'Maximální počet emailů odeslaných jednorázově skriptem',	''),
(1608,	'TEMM_CRON_LIMIT_MB',	'Maximální datový objem všech emailů odeslaných při jednom spuštění skriptu (v MB)',	''),
(1609,	'TTEXT_HTML_VERZE_EMAILU',	'Text s výzvou pro zobrazení emailu v prohlížeči',	''),
(1610,	'TTEXT_ODHLASENI_ODBERU_NEWSLETTERU',	'Text pro odhlášení příjemce z odběru newsletterů',	''),
(1611,	'TOSLOVENI_MUZ',	'Oslovení muže',	''),
(1612,	'TOSLOVENI_ZENA',	'Oslovení ženy',	''),
(1613,	'TOSLOVENI_OSTATNI',	'Oslovení ostatní',	''),
(1614,	'TDEFAULTNI_OSLOVENI_OSTATNI',	'Dobrý den',	''),
(1615,	'TDEFAULTNI_OSLOVENI_MUZ',	'Dobrý den pane',	''),
(1616,	'TDEFAULTNI_OSLOVENI_ZENA',	'Dobrý den paní',	''),
(1617,	'TKAMPAN_JE_ZKONTROLOVANA',	'Kampaň jsem si zkontroloval/a a chci ji odeslat všem vybraným skupinám příjemců. Zároveň potvrzuji, že obsah sdělení není v rozporu se zákonem.',	''),
(1618,	'TODESLAT_KAMPAN',	'Odeslat kampaň',	''),
(1619,	'OK_SOUBOR_BYL_PRILOZEN_K_EMAILU',	'soubor %s  byl přiložen k mailu',	''),
(1620,	'TOPRAVDU_SMAZAT_PRILOHU',	'Opravdu smazat tuto přílohu?',	''),
(1621,	'ERROR_SOUBOR_SE_NEPODARILO_ULOZIT',	'Soubor %s se nepodařilo uložit',	''),
(1622,	'TPRECTENO_EMAILU',	'Přečteno emailů',	''),
(1623,	'TPROKLINUTO_EMAILU',	'Prokliknuto emailů',	''),
(1624,	'TNEDORUCITELNE_EMAILY',	'Nedoručitelné emaily',	''),
(1625,	'TODHLASENO_EMAILU',	'Odhlášeno emailů',	''),
(1626,	'TKODOVANI',	'Kódování',	''),
(1636,	'TPREDMET_EMAILU_POTVRZENI_ODBERU',	'Předmět emailu s potvrzovacím odkazem odběru newsletterů',	''),
(1637,	'TNAVSTEVY_UZIVATELU',	'Návštěvy uživatelů',	''),
(1638,	'TNAPOSLEDY_PRIHLASEN_PRES_WEB',	'Poslední přihlášení přes web',	''),
(1639,	'TPRODUKT_ZALOZKA1',	'Pravý sloupeček',	''),
(1640,	'TPRODUKT_ZALOZKA2',	'Složení',	''),
(1800,	'TMAPA_ROZVOZU_PSC',	'PSČ pro mapu rozvozů (uvádějte jedno PSČ na jeden řádek)',	''),
(1641,	'TPRODUKT_ZALOZKA3',	'Doporučené dávkování - text',	''),
(1642,	'TPRODUKT_ZALOZKA4',	'Analýza krmiva - tabulka',	''),
(1643,	'TPRODUKT_ZALOZKA5',	'Záložka - Ostatní',	''),
(1644,	'TMENA',	'Měna',	''),
(1645,	'TPRODUKT',	'Produkt',	''),
(1646,	'TFOTKY_POD_STRANKOU',	'Další fotky',	''),
(1647,	'TPRUBEH_NAHRAVANI',	'Průběh nahrávání',	''),
(1648,	'TNELZE_NAHRAT',	'Soubor nelze nahrát',	''),
(1649,	'TL_FOTKY_STRANKY',	'fotku stránky',	''),
(1650,	'TZOBRAZIT_PREPINAC_JAZYKU',	'Zobrazit přepínač jazyků na webu',	''),
(1651,	'TTOP_CLANEK',	'Top článek',	''),
(1652,	'TMAXIMALNI_SIRKA_OBRAZKU_V_BOXU',	'Maximální šířka obrázku v boxu (top články, nejnovější články atp.)',	''),
(1653,	'TMAXIMALNI_VYSKA_OBRAZKU_V_BOXU',	'Maximální výška obrázku v boxu (top články, nejnovější články atp.)',	''),
(1654,	'TPOCET_TOP_CLANKU_V_BOXU',	'Maximální počet top článků v boxu',	''),
(1655,	'TVSE',	'-- vše --',	''),
(1656,	'TNEJDISKUTOVANEJSI_CLANKY',	'Nejdiskutovanější články',	''),
(1657,	'TTOP_CLANKY',	'Top články',	''),
(1658,	'TPOCET_NEJDISKUTOVANEJSICH_CLANKU_V_BOXU',	'Maximální počet nejdiskutovanějších článků v boxu',	''),
(1659,	'TPINTEREST_URL_STRANKY',	'Url stránky na sociální síti Instagram',	''),
(1660,	'TPOCET_NEJNAVSTEVOVANEJSICH_STRANEK_V_BOXU',	'Počet stránek v boxu Nejnavštěvovanější stránky',	''),
(1661,	'TPATICKA_WEBU',	'Patička webu',	''),
(1662,	'TPOVOLIT_DETAIL_FOTKY',	'Povolit detail fotky',	''),
(1663,	'TULOZIT_A_VRATIT_NA_VYPIS',	'... a přejít na výpis',	''),
(1664,	'TULOZIT_A_VRATIT_K_EDITACI',	'... a vrátit se k editaci',	''),
(1665,	'TULOZIT_A_ZALOZIT_NOVOU',	'... a založit další',	''),
(1667,	'TPREJIT_NA_WEB',	'Přejít na web',	''),
(1668,	'TPRIDANI_OBRAZKU_NAPOVEDA',	'Fotky přidáte přetažením fotek do této oblasti a nebo klikněte a vyberte fotky z vašeho počítače. Je možné nahrávat jen soubory jpeg, gif, png.',	''),
(1669,	'TINLINE_EDITACE_STAV',	'Inline editace',	''),
(1670,	'TPOSLEDNI_ZALOHY',	'Poslední zálohy',	''),
(1671,	'TOBSAH_ZALOHY',	'Obsah zálohy',	''),
(1672,	'TZALOHA_ZE_DNE',	'Záloha ze dne',	''),
(1673,	'TNAHRADIT_OBSAH_ZALOHOU',	'Nahradit obsah touto zálohou',	''),
(1674,	'TPO_SMAZANI_BUDETE_PRESMEROVANI_NA_UVODNI_STRANKU',	'Po smazání budete přesměrováni na úvodní stránku.',	''),
(1675,	'TSMAZTE_NEJDRIVE_PODSTRANKY_A_POTE_STRANKU_SMAZTE',	'Smažte nejdříve jednotlivé podstránky a poté stránku smažte.',	''),
(1676,	'TOBNOVIT_STRANKU',	'Obnovit stránku',	''),
(1677,	'TNAJIT_STRANKU',	'Přejít<br> na stránku',	''),
(1678,	'TZADEJTE_HLEDANY_VYRAZ',	'Hledaný výraz...',	''),
(1679,	'TMINIMALIZOVAT_PANEL',	'Minimalizovat panel',	''),
(1680,	'TMAXIMALIZOVAT_PANEL',	'Maximalizovat panel',	''),
(1681,	'TPRESUNOUT_PANEL_DOLU',	'Přesunout panel dolů',	''),
(1682,	'TPRESUNOUT_PANEL_NAHORU',	'Přesunout panel nahoru',	''),
(1683,	'TZAPNOUT_VYPNOUT_INE',	'Zapnout/vypnout inline editaci',	''),
(1684,	'TPOVOLIT_ZAKAZAT_ZOBRAZOVANI_STRANKY',	'Povolit/zakázat zobrazování stránky návštěvníkům webu',	''),
(1685,	'TPRESMEROVANI',	'Přesměrování',	'Redirects'),
(1686,	'TSEZNAM_PRAVIDEL_PRESMEROVANI',	'Seznam pravidel přesměrování',	'Rules of redirects list'),
(1687,	'TNOVE_PRAVIDLO',	'Přidat pravidlo',	'Add rule'),
(1688,	'TEDITOVAT_PRAVIDLO',	'Editace pravidla',	'Edit rule'),
(1689,	'TZDROJOVA_URL',	'Zdrojová URL',	'Source URL'),
(1690,	'TCILOVA_URL',	'Cílová url',	'Target URL'),
(1691,	'TZPET_NA_SEZNAM_PRESMEROVANI',	'Zpět na seznam pravidel',	''),
(1692,	'TNEPLATNA_ZDROJOVA_URL',	'Neplatná zdrojová url adresa',	'Invalid source url'),
(1693,	'TNEPLATNA_CILOVA_URL',	'Neplatná cílová url adresa',	'Invalid target url'),
(1694,	'TL_PRESMEROVANI',	'pravidla přesměrování',	'redirect rule'),
(1695,	'TCILOVA_URL_NEEXISTUJE',	'Cílová url pravděpodobně neexistuje',	'Target URL may not exist'),
(1696,	'TTEST_PRESMEROVANI',	'Otestovat přesměrování',	'Redirect test'),
(1697,	'TPRESUNOUT_NA_JINE_MISTO',	'Přesunout na jiné místo',	''),
(1698,	'TKLIKNUTIM_FOTKU_OZNACITE',	'Kliknutím fotku označíte',	''),
(1699,	'TSMAZAT_VYBRANE_FOTKY',	'Smazat vybrané fotky',	''),
(1700,	'TOPRAVDU_SMAZAT_VYBRANE_FOTKY',	'Opravdu smazat vybrané fotky?',	''),
(1701,	'TPODPORA_SCHEMA_ORG',	'Podpora schema.org',	''),
(1702,	'TKOD_DO_PATICKY',	'Kód v patičce',	''),
(1703,	'THLAVNI_OBRAZEK_STRANKY',	'Hlavni obrazek stranky',	''),
(1705,	'TZADNA',	'-- žádná --',	''),
(1709,	'TVICE',	'více',	''),
(1712,	'TGOOGLE_PLUS_URL_STRANKY',	'URL stránky pro google plus',	''),
(1717,	'TZADANE_UDAJE',	'Zadané údaje',	''),
(1716,	'THELPDESK',	'Helpdesk',	''),
(1715,	'TSTRANKA_PRO_PORADNU',	'Stránka, obsahující výpis dotazů a odpovědí',	''),
(1718,	'TPREDMET_EMAILU_PRO_ODESLANI_ODPOVEDI',	'Předmět emailu pro odeslání odpovědi',	''),
(1719,	'TTEXT_EMAILU_PRO_ODESLANI_ODPOVEDI',	'Obsah emailu, ve kterém bude odeslána odpověď na dotaz',	''),
(1720,	'TODESLANO_TAZATELI',	'Odpověď odeslána tazateli',	''),
(1721,	'TERROR_ODPOVED',	'Chystáte se odeslat odpověď, musíte ji vyplnit.',	''),
(1722,	'TERROR_ODPOVED_JMENO',	'Chystáte se odeslat odpověď, musíte vyplnit u odpovědi jméno.',	''),
(1723,	'TULOZIT_A_ODESLAT_ODPOVED',	'Uložit a odeslat odpověď',	''),
(1724,	'TERROR_DOTAZ',	'Dotaz musí být vyplněn',	''),
(1725,	'TERROR_JMENO_A_PRIJMENI_DOTAZ',	'Jméno a příjmení tazatele musí být vyplněno.',	''),
(1726,	'TERROR_JMENO_A_PRIJMENI',	'Jméno a příjmení musí být vyplněno',	''),
(1727,	'TL_PODPORA',	'příspěvku',	''),
(1728,	'TDOTAZ',	'Dotaz',	''),
(1729,	'TMODUL_PODPORA',	'Helpdesk',	''),
(1733,	'TDOPORUCENY_PRODUKT',	'Doporučený produkt',	''),
(1738,	'TTEXT_EMAILU_POTVRZENI_REGISTRACE',	'Text emailu s potvrzovacím odkazem k potvrzení registrace',	''),
(1739,	'TPREDMET_EMAILU_POTVRZENI_REGISTRACE',	'Předmět emailu s potvrzovacím odkazem k potvrzení registrace',	''),
(1743,	'TFA_UDAJE_PROVOZOVATELE',	'Fakturační údaje provozovatele',	''),
(1749,	'TSEZNAM_REGISTROVANYCH_UZIVATELU',	'Registrovaní uživatelé',	''),
(1761,	'TPREDMET_EMAILU_FAKTURA',	'Předmět emailu s fakturou',	''),
(1762,	'TTEXT_EMAILU_FAKTURA',	'Text emailu s fakturou',	''),
(1763,	'TPATICKA_FAKTURY',	'Patička faktury',	''),
(1764,	'TOBJEDNAVKY',	'Objednávky',	''),
(1766,	'TCISLO_FAKTURY',	'Číslo faktury',	''),
(1767,	'TPOLOZKY_OBJEDNAVKY',	'Položky objednávky',	''),
(1768,	'TZAPLACENO',	'Zaplaceno',	''),
(1769,	'TID_PLATBY_GOPAY',	'ID platby Gopay',	''),
(1770,	'TCELKEM',	'Celkem',	''),
(1779,	'TZOBRAZIT_DETAIL',	'Zobrazit detail',	''),
(1818,	'TBALNE_S_DPH',	'Balné',	''),
(1814,	'TDOPRAVA',	'Doprava',	''),
(1813,	'TCENA_ZA_KS',	'Cena za ks s DPH',	''),
(1812,	'TINFORMACE_O_OBJEDNAVCE',	'Informace o objednávce',	''),
(1811,	'TFIREMNI_UDAJE',	'Firemní údaje',	''),
(1810,	'TFIRMA',	'Firma',	''),
(1817,	'TDOPRAVA_ZDARMA_OD',	'Doprava zdarma od (v celých Kč)',	''),
(1816,	'TPRODEJNA',	'Vybraná prodejna',	''),
(1815,	'TPLATBA',	'Platba',	''),
(1792,	'TCISLO_POPISNE',	'Číslo popisné',	''),
(1793,	'TADRESA_DODACI',	'Dodací adresa',	''),
(1794,	'TINFORMACE_O_SPOLECNOSTI',	'Informace o společnosti',	''),
(1795,	'TL_FOTKY_EDITBOXU',	'fotky editboxu',	''),
(1796,	'TSIRKA_OBRAZKU_SLIDU_MAXI',	'Maximální šířka fotky jednoho slidu carouselu',	''),
(1797,	'TVYSKA_OBRAZKU_SLIDU_MAXI',	'Maximální výška fotky jednoho slidu carouselu',	''),
(1798,	'TMAXIMALNI_SIRKA_HLAVNIHO_OBRAZKU',	'Maximální šířka hlavního obrázku stránky',	''),
(1799,	'TMAXIMALNI_VYSKA_HLAVNIH_OBRAZKU',	'Maximální výška hlavního obrázku stránky',	''),
(1801,	'TCENA_S_DPH',	'Cena s DPH',	''),
(1802,	'TPOCET',	'Počet',	''),
(1803,	'TCELKEM_S_DPH',	'Celkem s DPH',	''),
(1804,	'TDOPRAVA_S_DPH',	'Cena za dopravu',	''),
(1806,	'TPLATBA_S_DPH',	'Cena za platbu',	''),
(1807,	'TZBOZI_S_DPH',	'Cena za zboží',	''),
(1808,	'TFAKTURACNI_ADRESA',	'Fakturační adresa',	''),
(1809,	'TDODACI_ADRESA',	'Dodací adresa',	''),
(1819,	'TVYSKA_OBRAZKU_SLIDU_MINI',	'Maximální výška fotky jednoho slidu carouselu - mobilní verze',	''),
(1820,	'TSIRKA_OBRAZKU_SLIDU_MINI',	'Maximální šířka fotky jednoho slidu carouselu - mobilní verze',	''),
(1758,	'TRECAPTCHA_SITE_KEY',	'Rechaptcha Site Key',	''),
(1759,	'TRECAPTCHA_SECRET_KEY',	'Recaptcha Secret Key',	''),
(1821,	'TEDITOVAT_PREKLAD',	'Editovat překlad',	'Edit translation'),
(1822,	'TODKAZY_POD_STRANKOU',	'Odkazy na videa z Youtube',	'Links on Youtube videos'),
(1823,	'TURL_ODKAZ',	'Url adresa',	'Url'),
(1824,	'TODKAZY_POD_STRANKOU_PRIDANE',	'Youtube videa',	''),
(1825,	'ERROR_NEPLATNE_URL_ODKAZU_NA_VIDEO',	'Chybná url odkazu na video',	'');

DROP TABLE IF EXISTS `presmerovani`;
CREATE TABLE `presmerovani` (
  `id` int(11) NOT NULL AUTO_INCREMENT,
  `idDomeny` int(11) NOT NULL,
  `zdroj` text COLLATE utf8_czech_ci NOT NULL,
  `cil` text COLLATE utf8_czech_ci NOT NULL,
  `poradi` int(11) NOT NULL DEFAULT '0',
  `aktivni` tinyint(1) NOT NULL DEFAULT '1',
  PRIMARY KEY (`id`)
) ENGINE=InnoDB DEFAULT CHARSET=utf8 COLLATE=utf8_czech_ci;


DROP TABLE IF EXISTS `smajlici`;
CREATE TABLE `smajlici` (
  `idTematu` int(11) NOT NULL AUTO_INCREMENT,
  `nazev` varchar(100) COLLATE utf8_czech_ci NOT NULL,
  `adresar` varchar(100) COLLATE utf8_czech_ci NOT NULL,
  `zobrazit` tinyint(1) NOT NULL DEFAULT '1',
  PRIMARY KEY (`idTematu`)
) ENGINE=MyISAM DEFAULT CHARSET=utf8 COLLATE=utf8_czech_ci;

INSERT INTO `smajlici` (`idTematu`, `nazev`, `adresar`, `zobrazit`) VALUES
(1,	'Základní',	'zakladni',	1),
(2,	'Tango',	'tango',	1);

DROP TABLE IF EXISTS `smajlici_polozky`;
CREATE TABLE `smajlici_polozky` (
  `idSmajlika` int(11) NOT NULL AUTO_INCREMENT,
  `idTematu` int(11) NOT NULL,
  `nazev` varchar(100) COLLATE utf8_czech_ci NOT NULL,
  `zkratka` varchar(100) COLLATE utf8_czech_ci NOT NULL,
  `soubor` varchar(100) COLLATE utf8_czech_ci NOT NULL,
  `priorita` int(11) NOT NULL DEFAULT '0',
  `zobrazit` tinyint(1) NOT NULL DEFAULT '1',
  PRIMARY KEY (`idSmajlika`)
) ENGINE=MyISAM DEFAULT CHARSET=utf8 COLLATE=utf8_czech_ci;

INSERT INTO `smajlici_polozky` (`idSmajlika`, `idTematu`, `nazev`, `zkratka`, `soubor`, `priorita`, `zobrazit`) VALUES
(1,	1,	'vysmátý',	':-D',	'01.gif',	0,	1),
(2,	1,	'usměvavý',	':-)',	'02.gif',	0,	1),
(3,	1,	'naštvaný',	':-/',	'03.gif',	0,	1),
(4,	1,	'mrkací',	';-)',	'04.gif',	0,	1),
(5,	1,	'zamilovaný',	'[laska]',	'05.gif',	0,	1),
(6,	1,	'prosebný',	'[prosit]',	'06.gif',	0,	1),
(7,	1,	'zamračený',	':-(',	'07.gif',	0,	1),
(8,	1,	'vážný',	':-|',	'08.gif',	0,	1),
(9,	1,	'ok',	'[ok]',	'09.gif',	0,	1),
(10,	1,	'ko',	'[ko]',	'10.gif',	0,	1),
(11,	2,	'zamilovaný',	'[laska]',	'love.png',	0,	1),
(12,	2,	'pomoc',	'[pomoc]',	'help.png',	0,	1),
(13,	2,	'svatý',	'[andel]',	'face-angel.png',	0,	1),
(14,	2,	'unavený',	'[unaveny]',	'face-angry.png',	0,	1),
(15,	2,	'stydlivý',	'[stydlivy]',	'face-blush.png',	0,	1),
(16,	2,	'ubrečený',	'[ubreceny]',	'face-crying.png',	0,	1),
(17,	2,	'ďábel',	'[dabel]',	'face-devil-grin.png',	0,	1),
(18,	2,	'brýlatý',	'8-)',	'face-glasses.png',	0,	1),
(19,	2,	'vysmátý',	':-D',	'face-grin.png',	0,	1),
(20,	2,	'uražený',	':-/',	'face-indecisive.png',	0,	1),
(21,	2,	'vážný',	':-|',	'face-indifferent.png',	0,	1),
(22,	2,	'líbací',	':-*',	'face-kiss.png',	0,	1),
(23,	2,	'usměvavý',	':-(',	'face-sad.png',	0,	1),
(24,	2,	'zamračený',	':-)',	'face-smile.png',	0,	1),
(25,	2,	'velký úsměv',	':-))',	'face-smile-big.png',	0,	1),
(26,	2,	'překvapený',	':-o',	'face-surprise.png',	0,	1),
(27,	2,	'vyplázlý jazyk',	':-p',	'face-tongue.png',	0,	1),
(28,	2,	'mrkací',	';-)',	'face-wink.png',	0,	1);

DROP TABLE IF EXISTS `stranky`;
CREATE TABLE `stranky` (
  `idStranky` int(10) unsigned NOT NULL AUTO_INCREMENT,
  `idDomeny` int(10) unsigned NOT NULL,
  `idJazyka` int(11) NOT NULL DEFAULT '1',
  `idProfiluPanelu` int(10) unsigned NOT NULL DEFAULT '0',
  `idRodice` int(10) unsigned NOT NULL DEFAULT '0',
  `hloubka` int(11) NOT NULL DEFAULT '0',
  `doMenu` tinyint(1) NOT NULL DEFAULT '1',
  `typ` enum('stranka','clanek','clanky','novinka','novinky','sitemap','404','archiv-clanku','uvodni','galerie','galerie-slozka','galerie-fotka','stranka-galerie','prazdna-stranka','vyhledavani','akce','kalendar-akci','kalendar-typ','tag','tagy','autor','autori','login','produkt','produkty','email','obchodni-podminky','objednavka','helpdesk') COLLATE utf8_czech_ci NOT NULL DEFAULT 'stranka',
  `nazev` varchar(150) COLLATE utf8_czech_ci NOT NULL,
  `nazevProMenu` varchar(150) COLLATE utf8_czech_ci NOT NULL,
  `nadpis` varchar(150) COLLATE utf8_czech_ci NOT NULL,
  `perex` text COLLATE utf8_czech_ci NOT NULL,
  `perexBezHtml` text COLLATE utf8_czech_ci NOT NULL,
  `obsah` longtext COLLATE utf8_czech_ci NOT NULL,
  `obsahBezHtml` longtext COLLATE utf8_czech_ci NOT NULL,
  `popis1` longtext COLLATE utf8_czech_ci NOT NULL,
  `popis2` longtext COLLATE utf8_czech_ci NOT NULL,
  `popis3` longtext COLLATE utf8_czech_ci NOT NULL,
  `popis4` longtext COLLATE utf8_czech_ci NOT NULL,
  `popis5` longtext COLLATE utf8_czech_ci NOT NULL,
  `popis1BezHtml` longtext COLLATE utf8_czech_ci NOT NULL,
  `popis2BezHtml` longtext COLLATE utf8_czech_ci NOT NULL,
  `popis3BezHtml` longtext COLLATE utf8_czech_ci NOT NULL,
  `popis4BezHtml` longtext COLLATE utf8_czech_ci NOT NULL,
  `popis5BezHtml` longtext COLLATE utf8_czech_ci NOT NULL,
  `url` varchar(150) COLLATE utf8_czech_ci NOT NULL,
  `urlKomplet` tinytext COLLATE utf8_czech_ci NOT NULL,
  `title` varchar(100) COLLATE utf8_czech_ci DEFAULT NULL,
  `description` varchar(200) COLLATE utf8_czech_ci DEFAULT NULL,
  `idGalerie` int(11) NOT NULL DEFAULT '0',
  `idAnkety` int(11) NOT NULL DEFAULT '0',
  `idFormulare` int(11) NOT NULL DEFAULT '0',
  `idEditboxu` int(11) NOT NULL DEFAULT '0',
  `diskuze` tinyint(1) NOT NULL DEFAULT '0',
  `zobrazit` tinyint(1) NOT NULL DEFAULT '1',
  `povolit_mazani` tinyint(1) NOT NULL DEFAULT '1',
  `stav` enum('hotovo','rozpracovano','kontrola','zamitnuto') COLLATE utf8_czech_ci NOT NULL,
  `autentizace` tinyint(1) NOT NULL DEFAULT '0',
  `doporuceny` tinyint(1) NOT NULL DEFAULT '0',
  `obrazek` varchar(150) COLLATE utf8_czech_ci DEFAULT NULL,
  `soubor` varchar(150) COLLATE utf8_czech_ci DEFAULT NULL,
  `hlavni_obrazek` varchar(150) COLLATE utf8_czech_ci DEFAULT NULL,
  `priorita` int(10) unsigned NOT NULL DEFAULT '0',
  `od` date DEFAULT NULL,
  `do` date DEFAULT NULL,
  `pocetHlasovani` int(11) NOT NULL DEFAULT '0',
  `pocetHlasu` int(11) NOT NULL DEFAULT '0',
  `autor` varchar(100) COLLATE utf8_czech_ci NOT NULL,
  `idAutora` int(11) NOT NULL DEFAULT '0',
  `datum` datetime DEFAULT NULL,
  `misto` varchar(250) COLLATE utf8_czech_ci NOT NULL,
  `barva` varchar(10) COLLATE utf8_czech_ci NOT NULL DEFAULT '',
  `archivovat` tinyint(4) NOT NULL DEFAULT '0',
  `idVytvoril` int(11) NOT NULL,
  `jmenoVytvoril` varchar(80) COLLATE utf8_czech_ci NOT NULL,
  `datumVytvoril` datetime NOT NULL,
  `idAktualizoval` int(11) NOT NULL,
  `jmenoAktualizoval` varchar(80) COLLATE utf8_czech_ci NOT NULL,
  `datumAktualizoval` datetime NOT NULL,
  `poznamka` text COLLATE utf8_czech_ci NOT NULL,
  `zobrazit_cenu` text COLLATE utf8_czech_ci NOT NULL,
  `cena_s_dph` decimal(10,2) NOT NULL,
  `cena_bez_dph` decimal(10,2) NOT NULL,
  `dph` decimal(4,2) NOT NULL DEFAULT '0.00',
  `status` int(11) NOT NULL DEFAULT '0',
  `pocetZobrazeni` int(11) NOT NULL,
  `prvniMereniZobrazeni` date DEFAULT NULL,
  `delka` varchar(10) COLLATE utf8_czech_ci DEFAULT NULL,
  `sirka` varchar(10) COLLATE utf8_czech_ci DEFAULT NULL,
  `hloubka_bazenu` varchar(10) COLLATE utf8_czech_ci DEFAULT NULL,
  `celkovy_rozmer` varchar(50) COLLATE utf8_czech_ci DEFAULT NULL,
  `vnitrni_rozmer` varchar(50) COLLATE utf8_czech_ci DEFAULT NULL,
  `objem` varchar(10) COLLATE utf8_czech_ci DEFAULT NULL,
  `vaha` varchar(10) COLLATE utf8_czech_ci DEFAULT NULL,
  PRIMARY KEY (`idStranky`),
  KEY `urlNazev` (`url`),
  KEY `id_serd_typ` (`typ`),
  FULLTEXT KEY `perexBezHtml` (`perexBezHtml`),
  FULLTEXT KEY `obsahBezHtml` (`obsahBezHtml`),
  FULLTEXT KEY `nadpis` (`nadpis`),
  FULLTEXT KEY `popis1BezHtml` (`popis1BezHtml`),
  FULLTEXT KEY `popis2BezHtml` (`popis2BezHtml`),
  FULLTEXT KEY `popis3BezHtml` (`popis3BezHtml`),
  FULLTEXT KEY `popis4BezHtml` (`popis4BezHtml`),
  FULLTEXT KEY `popis5BezHtml` (`popis5BezHtml`)
) ENGINE=MyISAM DEFAULT CHARSET=utf8 COLLATE=utf8_czech_ci;

INSERT INTO `stranky` (`idStranky`, `idDomeny`, `idJazyka`, `idProfiluPanelu`, `idRodice`, `hloubka`, `doMenu`, `typ`, `nazev`, `nazevProMenu`, `nadpis`, `perex`, `perexBezHtml`, `obsah`, `obsahBezHtml`, `popis1`, `popis2`, `popis3`, `popis4`, `popis5`, `popis1BezHtml`, `popis2BezHtml`, `popis3BezHtml`, `popis4BezHtml`, `popis5BezHtml`, `url`, `urlKomplet`, `title`, `description`, `idGalerie`, `idAnkety`, `idFormulare`, `idEditboxu`, `diskuze`, `zobrazit`, `povolit_mazani`, `stav`, `autentizace`, `doporuceny`, `obrazek`, `soubor`, `hlavni_obrazek`, `priorita`, `od`, `do`, `pocetHlasovani`, `pocetHlasu`, `autor`, `idAutora`, `datum`, `misto`, `barva`, `archivovat`, `idVytvoril`, `jmenoVytvoril`, `datumVytvoril`, `idAktualizoval`, `jmenoAktualizoval`, `datumAktualizoval`, `poznamka`, `zobrazit_cenu`, `cena_s_dph`, `cena_bez_dph`, `dph`, `status`, `pocetZobrazeni`, `prvniMereniZobrazeni`, `delka`, `sirka`, `hloubka_bazenu`, `celkovy_rozmer`, `vnitrni_rozmer`, `objem`, `vaha`) VALUES
(1,	1,	1,	0,	0,	0,	1,	'uvodni',	'Úvodní stránka',	'Úvod',	'motory',	'',	'',	'<h2>hEADEQUARTERS</h2>\n\n<h3>TES VSETÍN s.r.o.</h3>\n\n<p>Jiráskova 691, 755 01 Vsetín, Czech Republic<br />\nEmail: <a href=\"mailto:tes@tes.cz\">tes@tes.cz</a>, <a href=\"mailto:service@tes.cz\">service@tes.cz</a></p>\n\n<p><strong>Machines and solutions</strong><br />\n+420 571 812 204 / +420 571 812 205 / +420 571 812 206</p>\n\n<p><strong>System components</strong><br />\n+420 571 812 489 / +420 571 812 490 / +420 571 812 206</p>\n\n<p><strong>Industry automation</strong><br />\n+420 571 498 895 / +420 571 812 334 / +420 571 498 801</p>\n\n<p><strong>Service</strong><br />\n+420 734 430 430 / +420 571 498 803</p>',	'hEADEQUARTERS\n\nTES VSETÍN s.r.o.\n\nJiráskova 691, 755 01 Vsetín, Czech Republic\nEmail: tes@tes.cz, service@tes.cz\n\nMachines and solutions\n+420 571 812 204 / +420 571 812 205 / +420 571 812 206\n\nSystem components\n+420 571 812 489 / +420 571 812 490 / +420 571 812 206\n\nIndustry automation\n+420 571 498 895 / +420 571 812 334 / +420 571 498 801\n\nService\n+420 734 430 430 / +420 571 498 803',	'',	'',	'',	'',	'',	'',	'',	'',	'',	'',	'uvodni-stranka',	'',	'TES Motors',	'',	0,	0,	0,	0,	0,	1,	1,	'hotovo',	0,	0,	'',	NULL,	NULL,	0,	NULL,	NULL,	0,	0,	'',	0,	NULL,	'',	'',	0,	0,	'',	'0000-00-00 00:00:00',	1,	'Pavel Šrom',	'2021-10-27 13:53:05',	'',	'',	0.00,	0.00,	0.00,	0,	0,	NULL,	NULL,	NULL,	NULL,	NULL,	NULL,	NULL,	NULL),
(80,	1,	1,	0,	0,	0,	1,	'novinka',	'druhá',	'druhá',	'druhá',	'<h2>Nadpis H2</h2>\r\n\r\n<ul>\r\n	<li>Synchronous</li>\r\n	<li>Asynchronous</li>\r\n	<li>Speed range 100 - 1800 rpm</li>\r\n	<li>Synchronous</li>\r\n	<li>Asynchronous</li>\r\n	<li>Speed range 100 - 1800 rpm</li>\r\n</ul>\r\n\r\n<p><!--EndFragment--></p>',	'Nadpis H2\r\n\r\n\r\n	Synchronous\r\n	Asynchronous\r\n	Speed range 100 - 1800 rpm\r\n	Synchronous\r\n	Asynchronous\r\n	Speed range 100 - 1800 rpm\r\n\r\n\r\n',	'',	'',	'',	'',	'',	'',	'',	'',	'',	'',	'',	'',	'druha',	'',	'druhá',	'',	0,	0,	0,	0,	0,	1,	1,	'hotovo',	0,	0,	'80.jpg',	NULL,	NULL,	0,	NULL,	NULL,	0,	0,	'',	0,	'2021-10-27 00:00:00',	'',	'',	0,	1,	'Pavel Šrom',	'2021-10-27 13:36:06',	1,	'Pavel Šrom',	'2021-10-27 13:36:06',	'',	'',	0.00,	0.00,	0.00,	0,	0,	NULL,	NULL,	NULL,	NULL,	NULL,	NULL,	NULL,	NULL),
(81,	1,	1,	0,	0,	0,	1,	'novinka',	'třetí',	'třetí',	'třetí',	'<h3>Nadpis H3</h3>\n\n<p>Lorem ipsum dolor sit amet, consectetuer adipiscing elit. Etiam quis quam. Pellentesque arcu. Duis pulvinar. Etiam bibendum elit eget erat. Integer malesuada. Etiam egestas wisi a erat. Maecenas fermentum, sem in pharetra pellentesque, velit turpis volutpat ante, in pharetra metus odio a lectus.</p>\n\n<p><!--EndFragment--></p>',	'Nadpis H3\n\nLorem ipsum dolor sit amet, consectetuer adipiscing elit. Etiam quis quam. Pellentesque arcu. Duis pulvinar. Etiam bibendum elit eget erat. Integer malesuada. Etiam egestas wisi a erat. Maecenas fermentum, sem in pharetra pellentesque, velit turpis volutpat ante, in pharetra metus odio a lectus.\n\n',	'',	'',	'',	'',	'',	'',	'',	'',	'',	'',	'',	'',	'treti',	'',	'třetí',	'',	0,	0,	0,	0,	0,	1,	1,	'hotovo',	0,	0,	NULL,	NULL,	NULL,	0,	NULL,	NULL,	0,	0,	'',	0,	'2021-10-27 00:00:00',	'',	'',	0,	1,	'Pavel Šrom',	'2021-10-27 13:37:16',	1,	'Pavel Šrom',	'2021-10-27 13:46:29',	'',	'',	0.00,	0.00,	0.00,	0,	0,	NULL,	NULL,	NULL,	NULL,	NULL,	NULL,	NULL,	NULL),
(2,	1,	1,	1,	0,	0,	0,	'404',	'Chybová stránka',	'',	'Stránka na webu neexistuje',	'',	'',	'<p>Zkuste se vrátit na <a href=\"/\">úvodní stránku</a> a nebo si vyberte z menu.</p>',	'Zkuste se vrátit na úvodní stránku a nebo si vyberte z menu.',	'',	'',	'',	'',	'',	'',	'',	'',	'',	'',	'stranka-nenalezena',	'',	'Stránka nenalezena',	'',	0,	0,	0,	0,	0,	1,	1,	'hotovo',	0,	0,	'',	NULL,	NULL,	0,	NULL,	NULL,	0,	0,	'',	0,	NULL,	'',	'',	0,	0,	'',	'0000-00-00 00:00:00',	1,	'Pavel Šrom',	'2021-08-17 13:58:49',	'',	'',	0.00,	0.00,	0.00,	0,	0,	NULL,	NULL,	NULL,	NULL,	NULL,	NULL,	NULL,	NULL),
(45,	1,	7,	0,	0,	0,	0,	'404',	'Chybová stránka',	'Chybová stránka',	'Chybová stránka',	'',	'',	'',	'',	'',	'',	'',	'',	'',	'',	'',	'',	'',	'',	'stranka-nenalezena-7',	'',	'Chybová stránka',	NULL,	0,	0,	0,	0,	0,	1,	1,	'hotovo',	0,	0,	NULL,	NULL,	NULL,	0,	NULL,	NULL,	0,	0,	'',	0,	NULL,	'',	'',	0,	0,	'',	'0000-00-00 00:00:00',	0,	'',	'0000-00-00 00:00:00',	'',	'',	0.00,	0.00,	0.00,	0,	0,	NULL,	NULL,	NULL,	NULL,	NULL,	NULL,	NULL,	NULL),
(79,	1,	1,	0,	0,	0,	1,	'novinka',	'první',	'první',	'první',	'<h2>Nadpis H2</h2>\r\n\r\n<ul>\r\n	<li>Synchronous</li>\r\n	<li>Asynchronous</li>\r\n	<li>Permanent magnet</li>\r\n	<li>Horizontal / Vertical</li>\r\n	<li>Up to 30 MW</li>\r\n	<li>Up to 13,8 kV</li>\r\n	<li>Speed range 100 - 1800 rpm</li>\r\n	<li>Antifriction / Sleeve bearings</li>\r\n	<li>All types of cooling</li>\r\n	<li>IP 21 - IP 56</li>\r\n</ul>\r\n\r\n<p><!--EndFragment--></p>',	'Nadpis H2\r\n\r\n\r\n	Synchronous\r\n	Asynchronous\r\n	Permanent magnet\r\n	Horizontal / Vertical\r\n	Up to 30 MW\r\n	Up to 13,8 kV\r\n	Speed range 100 - 1800 rpm\r\n	Antifriction / Sleeve bearings\r\n	All types of cooling\r\n	IP 21 - IP 56\r\n\r\n\r\n',	'',	'',	'',	'',	'',	'',	'',	'',	'',	'',	'',	'',	'prvni',	'',	'první',	'',	0,	0,	0,	0,	0,	1,	1,	'hotovo',	0,	0,	'79.jpg',	NULL,	NULL,	0,	NULL,	NULL,	0,	0,	'',	0,	'2021-10-27 00:00:00',	'',	'',	0,	1,	'Pavel Šrom',	'2021-10-27 13:34:09',	1,	'Pavel Šrom',	'2021-10-27 13:36:48',	'',	'',	0.00,	0.00,	0.00,	0,	0,	NULL,	NULL,	NULL,	NULL,	NULL,	NULL,	NULL,	NULL),
(40,	1,	2,	0,	0,	0,	0,	'uvodni',	'Úvodní stránka',	'Úvodní stránka',	'motors',	'',	'',	'<p>Nulla est. Class aptent taciti sociosqu ad litora torquent per conubia nostra, per inceptos hymenaeos. Etiam sapien elit, consequat eget, tristique non, venenatis quis, ante. Suspendisse sagittis ultrices augue. In convallis. Proin pede metus, vulputate nec, fermentum fringilla, vehicula vitae, justo. Pellentesque ipsum. Donec vitae arcu. Donec iaculis gravida nulla. Duis risus. Sed convallis magna eu sem. Donec quis nibh at felis congue commodo. Etiam ligula pede, sagittis quis, interdum ultricies, scelerisque eu. Morbi imperdiet, mauris ac auctor dictum, nisl ligula egestas nulla, et sollicitudin sem purus in lacus. Etiam commodo dui eget wisi. Mauris metus. Etiam bibendum elit eget erat. Itaque earum rerum hic tenetur a sapiente delectus, ut aut reiciendis voluptatibus maiores alias consequatur aut perferendis doloribus asperiores repellat. Sed ac dolor sit amet purus malesuada congue. Integer tempor.</p>',	'Nulla est. Class aptent taciti sociosqu ad litora torquent per conubia nostra, per inceptos hymenaeos. Etiam sapien elit, consequat eget, tristique non, venenatis quis, ante. Suspendisse sagittis ultrices augue. In convallis. Proin pede metus, vulputate nec, fermentum fringilla, vehicula vitae, justo. Pellentesque ipsum. Donec vitae arcu. Donec iaculis gravida nulla. Duis risus. Sed convallis magna eu sem. Donec quis nibh at felis congue commodo. Etiam ligula pede, sagittis quis, interdum ultricies, scelerisque eu. Morbi imperdiet, mauris ac auctor dictum, nisl ligula egestas nulla, et sollicitudin sem purus in lacus. Etiam commodo dui eget wisi. Mauris metus. Etiam bibendum elit eget erat. Itaque earum rerum hic tenetur a sapiente delectus, ut aut reiciendis voluptatibus maiores alias consequatur aut perferendis doloribus asperiores repellat. Sed ac dolor sit amet purus malesuada congue. Integer tempor.',	'',	'',	'',	'',	'',	'',	'',	'',	'',	'',	'uvodni-stranka-2',	'',	'Úvodní stránka',	NULL,	0,	0,	0,	0,	0,	1,	1,	'hotovo',	0,	0,	NULL,	NULL,	NULL,	0,	NULL,	NULL,	0,	0,	'',	0,	NULL,	'',	'',	0,	0,	'',	'0000-00-00 00:00:00',	1,	'Pavel Šrom',	'2021-10-27 13:21:31',	'',	'',	0.00,	0.00,	0.00,	0,	0,	NULL,	NULL,	NULL,	NULL,	NULL,	NULL,	NULL,	NULL),
(41,	1,	2,	0,	0,	0,	0,	'404',	'Chybová stránka',	'Chybová stránka',	'Chybová stránka',	'',	'',	'',	'',	'',	'',	'',	'',	'',	'',	'',	'',	'',	'',	'stranka-nenalezena-2',	'',	'Chybová stránka',	NULL,	0,	0,	0,	0,	0,	1,	1,	'hotovo',	0,	0,	NULL,	NULL,	NULL,	0,	NULL,	NULL,	0,	0,	'',	0,	NULL,	'',	'',	0,	0,	'',	'0000-00-00 00:00:00',	0,	'',	'0000-00-00 00:00:00',	'',	'',	0.00,	0.00,	0.00,	0,	0,	NULL,	NULL,	NULL,	NULL,	NULL,	NULL,	NULL,	NULL),
(42,	1,	4,	0,	0,	0,	0,	'uvodni',	'Úvodní stránka',	'Úvodní stránka',	'Úvodní stránka',	'',	'',	'<p>Nulla est. Class aptent taciti sociosqu ad litora torquent per conubia nostra, per inceptos hymenaeos. Etiam sapien elit, consequat eget, tristique non, venenatis quis, ante. Suspendisse sagittis ultrices augue. In convallis. Proin pede metus, vulputate nec, fermentum fringilla, vehicula vitae, justo. Pellentesque ipsum. Donec vitae arcu. Donec iaculis gravida nulla. Duis risus. Sed convallis magna eu sem. Donec quis nibh at felis congue commodo. Etiam ligula pede, sagittis quis, interdum ultricies, scelerisque eu. Morbi imperdiet, mauris ac auctor dictum, nisl ligula egestas nulla, et sollicitudin sem purus in lacus. Etiam commodo dui eget wisi. Mauris metus. Etiam bibendum elit eget erat. Itaque earum rerum hic tenetur a sapiente delectus, ut aut reiciendis voluptatibus maiores alias consequatur aut perferendis doloribus asperiores repellat. Sed ac dolor sit amet purus malesuada congue. Integer tempor.</p>',	'Nulla est. Class aptent taciti sociosqu ad litora torquent per conubia nostra, per inceptos hymenaeos. Etiam sapien elit, consequat eget, tristique non, venenatis quis, ante. Suspendisse sagittis ultrices augue. In convallis. Proin pede metus, vulputate nec, fermentum fringilla, vehicula vitae, justo. Pellentesque ipsum. Donec vitae arcu. Donec iaculis gravida nulla. Duis risus. Sed convallis magna eu sem. Donec quis nibh at felis congue commodo. Etiam ligula pede, sagittis quis, interdum ultricies, scelerisque eu. Morbi imperdiet, mauris ac auctor dictum, nisl ligula egestas nulla, et sollicitudin sem purus in lacus. Etiam commodo dui eget wisi. Mauris metus. Etiam bibendum elit eget erat. Itaque earum rerum hic tenetur a sapiente delectus, ut aut reiciendis voluptatibus maiores alias consequatur aut perferendis doloribus asperiores repellat. Sed ac dolor sit amet purus malesuada congue. Integer tempor.',	'',	'',	'',	'',	'',	'',	'',	'',	'',	'',	'uvodni-stranka-4',	'',	'Úvodní stránka',	NULL,	0,	0,	0,	0,	0,	1,	1,	'hotovo',	0,	0,	NULL,	NULL,	NULL,	0,	NULL,	NULL,	0,	0,	'',	0,	NULL,	'',	'',	0,	0,	'',	'0000-00-00 00:00:00',	0,	'',	'0000-00-00 00:00:00',	'',	'',	0.00,	0.00,	0.00,	0,	0,	NULL,	NULL,	NULL,	NULL,	NULL,	NULL,	NULL,	NULL),
(43,	1,	4,	0,	0,	0,	0,	'404',	'Chybová stránka',	'Chybová stránka',	'Chybová stránka',	'',	'',	'',	'',	'',	'',	'',	'',	'',	'',	'',	'',	'',	'',	'stranka-nenalezena-4',	'',	'Chybová stránka',	NULL,	0,	0,	0,	0,	0,	1,	1,	'hotovo',	0,	0,	NULL,	NULL,	NULL,	0,	NULL,	NULL,	0,	0,	'',	0,	NULL,	'',	'',	0,	0,	'',	'0000-00-00 00:00:00',	0,	'',	'0000-00-00 00:00:00',	'',	'',	0.00,	0.00,	0.00,	0,	0,	NULL,	NULL,	NULL,	NULL,	NULL,	NULL,	NULL,	NULL),
(44,	1,	7,	0,	0,	0,	0,	'uvodni',	'Úvodní stránka',	'Úvodní stránka',	'Úvodní stránka',	'',	'',	'<p>Nulla est. Class aptent taciti sociosqu ad litora torquent per conubia nostra, per inceptos hymenaeos. Etiam sapien elit, consequat eget, tristique non, venenatis quis, ante. Suspendisse sagittis ultrices augue. In convallis. Proin pede metus, vulputate nec, fermentum fringilla, vehicula vitae, justo. Pellentesque ipsum. Donec vitae arcu. Donec iaculis gravida nulla. Duis risus. Sed convallis magna eu sem. Donec quis nibh at felis congue commodo. Etiam ligula pede, sagittis quis, interdum ultricies, scelerisque eu. Morbi imperdiet, mauris ac auctor dictum, nisl ligula egestas nulla, et sollicitudin sem purus in lacus. Etiam commodo dui eget wisi. Mauris metus. Etiam bibendum elit eget erat. Itaque earum rerum hic tenetur a sapiente delectus, ut aut reiciendis voluptatibus maiores alias consequatur aut perferendis doloribus asperiores repellat. Sed ac dolor sit amet purus malesuada congue. Integer tempor.</p>',	'Nulla est. Class aptent taciti sociosqu ad litora torquent per conubia nostra, per inceptos hymenaeos. Etiam sapien elit, consequat eget, tristique non, venenatis quis, ante. Suspendisse sagittis ultrices augue. In convallis. Proin pede metus, vulputate nec, fermentum fringilla, vehicula vitae, justo. Pellentesque ipsum. Donec vitae arcu. Donec iaculis gravida nulla. Duis risus. Sed convallis magna eu sem. Donec quis nibh at felis congue commodo. Etiam ligula pede, sagittis quis, interdum ultricies, scelerisque eu. Morbi imperdiet, mauris ac auctor dictum, nisl ligula egestas nulla, et sollicitudin sem purus in lacus. Etiam commodo dui eget wisi. Mauris metus. Etiam bibendum elit eget erat. Itaque earum rerum hic tenetur a sapiente delectus, ut aut reiciendis voluptatibus maiores alias consequatur aut perferendis doloribus asperiores repellat. Sed ac dolor sit amet purus malesuada congue. Integer tempor.',	'',	'',	'',	'',	'',	'',	'',	'',	'',	'',	'uvodni-stranka-7',	'',	'Úvodní stránka',	NULL,	0,	0,	0,	0,	0,	1,	1,	'hotovo',	0,	0,	NULL,	NULL,	NULL,	0,	NULL,	NULL,	0,	0,	'',	0,	NULL,	'',	'',	0,	0,	'',	'0000-00-00 00:00:00',	0,	'',	'0000-00-00 00:00:00',	'',	'',	0.00,	0.00,	0.00,	0,	0,	NULL,	NULL,	NULL,	NULL,	NULL,	NULL,	NULL,	NULL),
(63,	2,	1,	0,	0,	0,	0,	'uvodni',	'Úvodní stránka',	'Úvodní stránka',	'Úvodní stránka',	'',	'',	'<p>Nulla est. Class aptent taciti sociosqu ad litora torquent per conubia nostra, per inceptos hymenaeos. Etiam sapien elit, consequat eget, tristique non, venenatis quis, ante. Suspendisse sagittis ultrices augue. In convallis. Proin pede metus, vulputate nec, fermentum fringilla, vehicula vitae, justo. Pellentesque ipsum. Donec vitae arcu. Donec iaculis gravida nulla. Duis risus. Sed convallis magna eu sem. Donec quis nibh at felis congue commodo. Etiam ligula pede, sagittis quis, interdum ultricies, scelerisque eu. Morbi imperdiet, mauris ac auctor dictum, nisl ligula egestas nulla, et sollicitudin sem purus in lacus. Etiam commodo dui eget wisi. Mauris metus. Etiam bibendum elit eget erat. Itaque earum rerum hic tenetur a sapiente delectus, ut aut reiciendis voluptatibus maiores alias consequatur aut perferendis doloribus asperiores repellat. Sed ac dolor sit amet purus malesuada congue. Integer tempor.</p>',	'Nulla est. Class aptent taciti sociosqu ad litora torquent per conubia nostra, per inceptos hymenaeos. Etiam sapien elit, consequat eget, tristique non, venenatis quis, ante. Suspendisse sagittis ultrices augue. In convallis. Proin pede metus, vulputate nec, fermentum fringilla, vehicula vitae, justo. Pellentesque ipsum. Donec vitae arcu. Donec iaculis gravida nulla. Duis risus. Sed convallis magna eu sem. Donec quis nibh at felis congue commodo. Etiam ligula pede, sagittis quis, interdum ultricies, scelerisque eu. Morbi imperdiet, mauris ac auctor dictum, nisl ligula egestas nulla, et sollicitudin sem purus in lacus. Etiam commodo dui eget wisi. Mauris metus. Etiam bibendum elit eget erat. Itaque earum rerum hic tenetur a sapiente delectus, ut aut reiciendis voluptatibus maiores alias consequatur aut perferendis doloribus asperiores repellat. Sed ac dolor sit amet purus malesuada congue. Integer tempor.',	'',	'',	'',	'',	'',	'',	'',	'',	'',	'',	'uvodni-stranka-1',	'',	'Úvodní stránka',	NULL,	0,	0,	0,	0,	0,	1,	1,	'hotovo',	0,	0,	NULL,	NULL,	NULL,	0,	NULL,	NULL,	0,	0,	'',	0,	NULL,	'',	'',	0,	0,	'',	'0000-00-00 00:00:00',	0,	'',	'0000-00-00 00:00:00',	'',	'',	0.00,	0.00,	0.00,	0,	0,	NULL,	NULL,	NULL,	NULL,	NULL,	NULL,	NULL,	NULL),
(64,	2,	1,	0,	0,	0,	0,	'404',	'Chybová stránka',	'Chybová stránka',	'Chybová stránka',	'',	'',	'',	'',	'',	'',	'',	'',	'',	'',	'',	'',	'',	'',	'stranka-nenalezena-1',	'',	'Chybová stránka',	NULL,	0,	0,	0,	0,	0,	1,	1,	'hotovo',	0,	0,	NULL,	NULL,	NULL,	0,	NULL,	NULL,	0,	0,	'',	0,	NULL,	'',	'',	0,	0,	'',	'0000-00-00 00:00:00',	0,	'',	'0000-00-00 00:00:00',	'',	'',	0.00,	0.00,	0.00,	0,	0,	NULL,	NULL,	NULL,	NULL,	NULL,	NULL,	NULL,	NULL),
(65,	2,	2,	0,	0,	0,	0,	'uvodni',	'Úvodní stránka',	'Úvodní stránka',	'Úvodní stránka',	'',	'',	'<p>Nulla est. Class aptent taciti sociosqu ad litora torquent per conubia nostra, per inceptos hymenaeos. Etiam sapien elit, consequat eget, tristique non, venenatis quis, ante. Suspendisse sagittis ultrices augue. In convallis. Proin pede metus, vulputate nec, fermentum fringilla, vehicula vitae, justo. Pellentesque ipsum. Donec vitae arcu. Donec iaculis gravida nulla. Duis risus. Sed convallis magna eu sem. Donec quis nibh at felis congue commodo. Etiam ligula pede, sagittis quis, interdum ultricies, scelerisque eu. Morbi imperdiet, mauris ac auctor dictum, nisl ligula egestas nulla, et sollicitudin sem purus in lacus. Etiam commodo dui eget wisi. Mauris metus. Etiam bibendum elit eget erat. Itaque earum rerum hic tenetur a sapiente delectus, ut aut reiciendis voluptatibus maiores alias consequatur aut perferendis doloribus asperiores repellat. Sed ac dolor sit amet purus malesuada congue. Integer tempor.</p>',	'Nulla est. Class aptent taciti sociosqu ad litora torquent per conubia nostra, per inceptos hymenaeos. Etiam sapien elit, consequat eget, tristique non, venenatis quis, ante. Suspendisse sagittis ultrices augue. In convallis. Proin pede metus, vulputate nec, fermentum fringilla, vehicula vitae, justo. Pellentesque ipsum. Donec vitae arcu. Donec iaculis gravida nulla. Duis risus. Sed convallis magna eu sem. Donec quis nibh at felis congue commodo. Etiam ligula pede, sagittis quis, interdum ultricies, scelerisque eu. Morbi imperdiet, mauris ac auctor dictum, nisl ligula egestas nulla, et sollicitudin sem purus in lacus. Etiam commodo dui eget wisi. Mauris metus. Etiam bibendum elit eget erat. Itaque earum rerum hic tenetur a sapiente delectus, ut aut reiciendis voluptatibus maiores alias consequatur aut perferendis doloribus asperiores repellat. Sed ac dolor sit amet purus malesuada congue. Integer tempor.',	'',	'',	'',	'',	'',	'',	'',	'',	'',	'',	'uvodni-stranka-2',	'',	'Úvodní stránka',	NULL,	0,	0,	0,	0,	0,	1,	1,	'hotovo',	0,	0,	NULL,	NULL,	NULL,	0,	NULL,	NULL,	0,	0,	'',	0,	NULL,	'',	'',	0,	0,	'',	'0000-00-00 00:00:00',	0,	'',	'0000-00-00 00:00:00',	'',	'',	0.00,	0.00,	0.00,	0,	0,	NULL,	NULL,	NULL,	NULL,	NULL,	NULL,	NULL,	NULL),
(66,	2,	2,	0,	0,	0,	0,	'404',	'Chybová stránka',	'Chybová stránka',	'Chybová stránka',	'',	'',	'',	'',	'',	'',	'',	'',	'',	'',	'',	'',	'',	'',	'stranka-nenalezena-2',	'',	'Chybová stránka',	NULL,	0,	0,	0,	0,	0,	1,	1,	'hotovo',	0,	0,	NULL,	NULL,	NULL,	0,	NULL,	NULL,	0,	0,	'',	0,	NULL,	'',	'',	0,	0,	'',	'0000-00-00 00:00:00',	0,	'',	'0000-00-00 00:00:00',	'',	'',	0.00,	0.00,	0.00,	0,	0,	NULL,	NULL,	NULL,	NULL,	NULL,	NULL,	NULL,	NULL),
(67,	3,	1,	0,	0,	0,	0,	'uvodni',	'Úvodní stránka',	'Úvodní stránka',	'Úvodní stránka',	'',	'',	'<p>Nulla est. Class aptent taciti sociosqu ad litora torquent per conubia nostra, per inceptos hymenaeos. Etiam sapien elit, consequat eget, tristique non, venenatis quis, ante. Suspendisse sagittis ultrices augue. In convallis. Proin pede metus, vulputate nec, fermentum fringilla, vehicula vitae, justo. Pellentesque ipsum. Donec vitae arcu. Donec iaculis gravida nulla. Duis risus. Sed convallis magna eu sem. Donec quis nibh at felis congue commodo. Etiam ligula pede, sagittis quis, interdum ultricies, scelerisque eu. Morbi imperdiet, mauris ac auctor dictum, nisl ligula egestas nulla, et sollicitudin sem purus in lacus. Etiam commodo dui eget wisi. Mauris metus. Etiam bibendum elit eget erat. Itaque earum rerum hic tenetur a sapiente delectus, ut aut reiciendis voluptatibus maiores alias consequatur aut perferendis doloribus asperiores repellat. Sed ac dolor sit amet purus malesuada congue. Integer tempor.</p>',	'Nulla est. Class aptent taciti sociosqu ad litora torquent per conubia nostra, per inceptos hymenaeos. Etiam sapien elit, consequat eget, tristique non, venenatis quis, ante. Suspendisse sagittis ultrices augue. In convallis. Proin pede metus, vulputate nec, fermentum fringilla, vehicula vitae, justo. Pellentesque ipsum. Donec vitae arcu. Donec iaculis gravida nulla. Duis risus. Sed convallis magna eu sem. Donec quis nibh at felis congue commodo. Etiam ligula pede, sagittis quis, interdum ultricies, scelerisque eu. Morbi imperdiet, mauris ac auctor dictum, nisl ligula egestas nulla, et sollicitudin sem purus in lacus. Etiam commodo dui eget wisi. Mauris metus. Etiam bibendum elit eget erat. Itaque earum rerum hic tenetur a sapiente delectus, ut aut reiciendis voluptatibus maiores alias consequatur aut perferendis doloribus asperiores repellat. Sed ac dolor sit amet purus malesuada congue. Integer tempor.',	'',	'',	'',	'',	'',	'',	'',	'',	'',	'',	'uvodni-stranka-1',	'',	'Úvodní stránka',	NULL,	0,	0,	0,	0,	0,	1,	1,	'hotovo',	0,	0,	NULL,	NULL,	NULL,	0,	NULL,	NULL,	0,	0,	'',	0,	NULL,	'',	'',	0,	0,	'',	'0000-00-00 00:00:00',	0,	'',	'0000-00-00 00:00:00',	'',	'',	0.00,	0.00,	0.00,	0,	0,	NULL,	NULL,	NULL,	NULL,	NULL,	NULL,	NULL,	NULL),
(68,	3,	1,	0,	0,	0,	0,	'404',	'Chybová stránka',	'Chybová stránka',	'Chybová stránka',	'',	'',	'',	'',	'',	'',	'',	'',	'',	'',	'',	'',	'',	'',	'stranka-nenalezena-1',	'',	'Chybová stránka',	NULL,	0,	0,	0,	0,	0,	1,	1,	'hotovo',	0,	0,	NULL,	NULL,	NULL,	0,	NULL,	NULL,	0,	0,	'',	0,	NULL,	'',	'',	0,	0,	'',	'0000-00-00 00:00:00',	0,	'',	'0000-00-00 00:00:00',	'',	'',	0.00,	0.00,	0.00,	0,	0,	NULL,	NULL,	NULL,	NULL,	NULL,	NULL,	NULL,	NULL),
(69,	3,	2,	0,	0,	0,	0,	'uvodni',	'Úvodní stránka',	'Úvodní stránka',	'Úvodní stránka',	'',	'',	'<p>Nulla est. Class aptent taciti sociosqu ad litora torquent per conubia nostra, per inceptos hymenaeos. Etiam sapien elit, consequat eget, tristique non, venenatis quis, ante. Suspendisse sagittis ultrices augue. In convallis. Proin pede metus, vulputate nec, fermentum fringilla, vehicula vitae, justo. Pellentesque ipsum. Donec vitae arcu. Donec iaculis gravida nulla. Duis risus. Sed convallis magna eu sem. Donec quis nibh at felis congue commodo. Etiam ligula pede, sagittis quis, interdum ultricies, scelerisque eu. Morbi imperdiet, mauris ac auctor dictum, nisl ligula egestas nulla, et sollicitudin sem purus in lacus. Etiam commodo dui eget wisi. Mauris metus. Etiam bibendum elit eget erat. Itaque earum rerum hic tenetur a sapiente delectus, ut aut reiciendis voluptatibus maiores alias consequatur aut perferendis doloribus asperiores repellat. Sed ac dolor sit amet purus malesuada congue. Integer tempor.</p>',	'Nulla est. Class aptent taciti sociosqu ad litora torquent per conubia nostra, per inceptos hymenaeos. Etiam sapien elit, consequat eget, tristique non, venenatis quis, ante. Suspendisse sagittis ultrices augue. In convallis. Proin pede metus, vulputate nec, fermentum fringilla, vehicula vitae, justo. Pellentesque ipsum. Donec vitae arcu. Donec iaculis gravida nulla. Duis risus. Sed convallis magna eu sem. Donec quis nibh at felis congue commodo. Etiam ligula pede, sagittis quis, interdum ultricies, scelerisque eu. Morbi imperdiet, mauris ac auctor dictum, nisl ligula egestas nulla, et sollicitudin sem purus in lacus. Etiam commodo dui eget wisi. Mauris metus. Etiam bibendum elit eget erat. Itaque earum rerum hic tenetur a sapiente delectus, ut aut reiciendis voluptatibus maiores alias consequatur aut perferendis doloribus asperiores repellat. Sed ac dolor sit amet purus malesuada congue. Integer tempor.',	'',	'',	'',	'',	'',	'',	'',	'',	'',	'',	'uvodni-stranka-2',	'',	'Úvodní stránka',	NULL,	0,	0,	0,	0,	0,	1,	1,	'hotovo',	0,	0,	NULL,	NULL,	NULL,	0,	NULL,	NULL,	0,	0,	'',	0,	NULL,	'',	'',	0,	0,	'',	'0000-00-00 00:00:00',	0,	'',	'0000-00-00 00:00:00',	'',	'',	0.00,	0.00,	0.00,	0,	0,	NULL,	NULL,	NULL,	NULL,	NULL,	NULL,	NULL,	NULL),
(70,	3,	2,	0,	0,	0,	0,	'404',	'Chybová stránka',	'Chybová stránka',	'Chybová stránka',	'',	'',	'',	'',	'',	'',	'',	'',	'',	'',	'',	'',	'',	'',	'stranka-nenalezena-2',	'',	'Chybová stránka',	NULL,	0,	0,	0,	0,	0,	1,	1,	'hotovo',	0,	0,	NULL,	NULL,	NULL,	0,	NULL,	NULL,	0,	0,	'',	0,	NULL,	'',	'',	0,	0,	'',	'0000-00-00 00:00:00',	0,	'',	'0000-00-00 00:00:00',	'',	'',	0.00,	0.00,	0.00,	0,	0,	NULL,	NULL,	NULL,	NULL,	NULL,	NULL,	NULL,	NULL),
(71,	4,	1,	0,	0,	0,	0,	'uvodni',	'Úvodní stránka',	'Úvodní stránka',	'Úvodní stránka',	'',	'',	'<p>Nulla est. Class aptent taciti sociosqu ad litora torquent per conubia nostra, per inceptos hymenaeos. Etiam sapien elit, consequat eget, tristique non, venenatis quis, ante. Suspendisse sagittis ultrices augue. In convallis. Proin pede metus, vulputate nec, fermentum fringilla, vehicula vitae, justo. Pellentesque ipsum. Donec vitae arcu. Donec iaculis gravida nulla. Duis risus. Sed convallis magna eu sem. Donec quis nibh at felis congue commodo. Etiam ligula pede, sagittis quis, interdum ultricies, scelerisque eu. Morbi imperdiet, mauris ac auctor dictum, nisl ligula egestas nulla, et sollicitudin sem purus in lacus. Etiam commodo dui eget wisi. Mauris metus. Etiam bibendum elit eget erat. Itaque earum rerum hic tenetur a sapiente delectus, ut aut reiciendis voluptatibus maiores alias consequatur aut perferendis doloribus asperiores repellat. Sed ac dolor sit amet purus malesuada congue. Integer tempor.</p>',	'Nulla est. Class aptent taciti sociosqu ad litora torquent per conubia nostra, per inceptos hymenaeos. Etiam sapien elit, consequat eget, tristique non, venenatis quis, ante. Suspendisse sagittis ultrices augue. In convallis. Proin pede metus, vulputate nec, fermentum fringilla, vehicula vitae, justo. Pellentesque ipsum. Donec vitae arcu. Donec iaculis gravida nulla. Duis risus. Sed convallis magna eu sem. Donec quis nibh at felis congue commodo. Etiam ligula pede, sagittis quis, interdum ultricies, scelerisque eu. Morbi imperdiet, mauris ac auctor dictum, nisl ligula egestas nulla, et sollicitudin sem purus in lacus. Etiam commodo dui eget wisi. Mauris metus. Etiam bibendum elit eget erat. Itaque earum rerum hic tenetur a sapiente delectus, ut aut reiciendis voluptatibus maiores alias consequatur aut perferendis doloribus asperiores repellat. Sed ac dolor sit amet purus malesuada congue. Integer tempor.',	'',	'',	'',	'',	'',	'',	'',	'',	'',	'',	'uvodni-stranka-1',	'',	'Úvodní stránka',	NULL,	0,	0,	0,	0,	0,	1,	1,	'hotovo',	0,	0,	NULL,	NULL,	NULL,	0,	NULL,	NULL,	0,	0,	'',	0,	NULL,	'',	'',	0,	0,	'',	'0000-00-00 00:00:00',	0,	'',	'0000-00-00 00:00:00',	'',	'',	0.00,	0.00,	0.00,	0,	0,	NULL,	NULL,	NULL,	NULL,	NULL,	NULL,	NULL,	NULL),
(72,	4,	1,	0,	0,	0,	0,	'404',	'Chybová stránka',	'Chybová stránka',	'Chybová stránka',	'',	'',	'',	'',	'',	'',	'',	'',	'',	'',	'',	'',	'',	'',	'stranka-nenalezena-1',	'',	'Chybová stránka',	NULL,	0,	0,	0,	0,	0,	1,	1,	'hotovo',	0,	0,	NULL,	NULL,	NULL,	0,	NULL,	NULL,	0,	0,	'',	0,	NULL,	'',	'',	0,	0,	'',	'0000-00-00 00:00:00',	0,	'',	'0000-00-00 00:00:00',	'',	'',	0.00,	0.00,	0.00,	0,	0,	NULL,	NULL,	NULL,	NULL,	NULL,	NULL,	NULL,	NULL),
(73,	4,	2,	0,	0,	0,	0,	'uvodni',	'Úvodní stránka',	'Úvodní stránka',	'Úvodní stránka',	'',	'',	'<p>Nulla est. Class aptent taciti sociosqu ad litora torquent per conubia nostra, per inceptos hymenaeos. Etiam sapien elit, consequat eget, tristique non, venenatis quis, ante. Suspendisse sagittis ultrices augue. In convallis. Proin pede metus, vulputate nec, fermentum fringilla, vehicula vitae, justo. Pellentesque ipsum. Donec vitae arcu. Donec iaculis gravida nulla. Duis risus. Sed convallis magna eu sem. Donec quis nibh at felis congue commodo. Etiam ligula pede, sagittis quis, interdum ultricies, scelerisque eu. Morbi imperdiet, mauris ac auctor dictum, nisl ligula egestas nulla, et sollicitudin sem purus in lacus. Etiam commodo dui eget wisi. Mauris metus. Etiam bibendum elit eget erat. Itaque earum rerum hic tenetur a sapiente delectus, ut aut reiciendis voluptatibus maiores alias consequatur aut perferendis doloribus asperiores repellat. Sed ac dolor sit amet purus malesuada congue. Integer tempor.</p>',	'Nulla est. Class aptent taciti sociosqu ad litora torquent per conubia nostra, per inceptos hymenaeos. Etiam sapien elit, consequat eget, tristique non, venenatis quis, ante. Suspendisse sagittis ultrices augue. In convallis. Proin pede metus, vulputate nec, fermentum fringilla, vehicula vitae, justo. Pellentesque ipsum. Donec vitae arcu. Donec iaculis gravida nulla. Duis risus. Sed convallis magna eu sem. Donec quis nibh at felis congue commodo. Etiam ligula pede, sagittis quis, interdum ultricies, scelerisque eu. Morbi imperdiet, mauris ac auctor dictum, nisl ligula egestas nulla, et sollicitudin sem purus in lacus. Etiam commodo dui eget wisi. Mauris metus. Etiam bibendum elit eget erat. Itaque earum rerum hic tenetur a sapiente delectus, ut aut reiciendis voluptatibus maiores alias consequatur aut perferendis doloribus asperiores repellat. Sed ac dolor sit amet purus malesuada congue. Integer tempor.',	'',	'',	'',	'',	'',	'',	'',	'',	'',	'',	'uvodni-stranka-2',	'',	'Úvodní stránka',	NULL,	0,	0,	0,	0,	0,	1,	1,	'hotovo',	0,	0,	NULL,	NULL,	NULL,	0,	NULL,	NULL,	0,	0,	'',	0,	NULL,	'',	'',	0,	0,	'',	'0000-00-00 00:00:00',	0,	'',	'0000-00-00 00:00:00',	'',	'',	0.00,	0.00,	0.00,	0,	0,	NULL,	NULL,	NULL,	NULL,	NULL,	NULL,	NULL,	NULL),
(74,	4,	2,	0,	0,	0,	0,	'404',	'Chybová stránka',	'Chybová stránka',	'Chybová stránka',	'',	'',	'',	'',	'',	'',	'',	'',	'',	'',	'',	'',	'',	'',	'stranka-nenalezena-2',	'',	'Chybová stránka',	NULL,	0,	0,	0,	0,	0,	1,	1,	'hotovo',	0,	0,	NULL,	NULL,	NULL,	0,	NULL,	NULL,	0,	0,	'',	0,	NULL,	'',	'',	0,	0,	'',	'0000-00-00 00:00:00',	0,	'',	'0000-00-00 00:00:00',	'',	'',	0.00,	0.00,	0.00,	0,	0,	NULL,	NULL,	NULL,	NULL,	NULL,	NULL,	NULL,	NULL),
(75,	5,	1,	0,	0,	0,	0,	'uvodni',	'Úvodní stránka',	'Úvodní stránka',	'Úvodní stránka',	'',	'',	'<p>Nulla est. Class aptent taciti sociosqu ad litora torquent per conubia nostra, per inceptos hymenaeos. Etiam sapien elit, consequat eget, tristique non, venenatis quis, ante. Suspendisse sagittis ultrices augue. In convallis. Proin pede metus, vulputate nec, fermentum fringilla, vehicula vitae, justo. Pellentesque ipsum. Donec vitae arcu. Donec iaculis gravida nulla. Duis risus. Sed convallis magna eu sem. Donec quis nibh at felis congue commodo. Etiam ligula pede, sagittis quis, interdum ultricies, scelerisque eu. Morbi imperdiet, mauris ac auctor dictum, nisl ligula egestas nulla, et sollicitudin sem purus in lacus. Etiam commodo dui eget wisi. Mauris metus. Etiam bibendum elit eget erat. Itaque earum rerum hic tenetur a sapiente delectus, ut aut reiciendis voluptatibus maiores alias consequatur aut perferendis doloribus asperiores repellat. Sed ac dolor sit amet purus malesuada congue. Integer tempor.</p>',	'Nulla est. Class aptent taciti sociosqu ad litora torquent per conubia nostra, per inceptos hymenaeos. Etiam sapien elit, consequat eget, tristique non, venenatis quis, ante. Suspendisse sagittis ultrices augue. In convallis. Proin pede metus, vulputate nec, fermentum fringilla, vehicula vitae, justo. Pellentesque ipsum. Donec vitae arcu. Donec iaculis gravida nulla. Duis risus. Sed convallis magna eu sem. Donec quis nibh at felis congue commodo. Etiam ligula pede, sagittis quis, interdum ultricies, scelerisque eu. Morbi imperdiet, mauris ac auctor dictum, nisl ligula egestas nulla, et sollicitudin sem purus in lacus. Etiam commodo dui eget wisi. Mauris metus. Etiam bibendum elit eget erat. Itaque earum rerum hic tenetur a sapiente delectus, ut aut reiciendis voluptatibus maiores alias consequatur aut perferendis doloribus asperiores repellat. Sed ac dolor sit amet purus malesuada congue. Integer tempor.',	'',	'',	'',	'',	'',	'',	'',	'',	'',	'',	'uvodni-stranka-1',	'',	'Úvodní stránka',	NULL,	0,	0,	0,	0,	0,	1,	1,	'hotovo',	0,	0,	NULL,	NULL,	NULL,	0,	NULL,	NULL,	0,	0,	'',	0,	NULL,	'',	'',	0,	0,	'',	'0000-00-00 00:00:00',	0,	'',	'0000-00-00 00:00:00',	'',	'',	0.00,	0.00,	0.00,	0,	0,	NULL,	NULL,	NULL,	NULL,	NULL,	NULL,	NULL,	NULL),
(76,	5,	1,	0,	0,	0,	0,	'404',	'Chybová stránka',	'Chybová stránka',	'Chybová stránka',	'',	'',	'',	'',	'',	'',	'',	'',	'',	'',	'',	'',	'',	'',	'stranka-nenalezena-1',	'',	'Chybová stránka',	NULL,	0,	0,	0,	0,	0,	1,	1,	'hotovo',	0,	0,	NULL,	NULL,	NULL,	0,	NULL,	NULL,	0,	0,	'',	0,	NULL,	'',	'',	0,	0,	'',	'0000-00-00 00:00:00',	0,	'',	'0000-00-00 00:00:00',	'',	'',	0.00,	0.00,	0.00,	0,	0,	NULL,	NULL,	NULL,	NULL,	NULL,	NULL,	NULL,	NULL),
(77,	5,	2,	0,	0,	0,	0,	'uvodni',	'Úvodní stránka',	'Úvodní stránka',	'Úvodní stránka',	'',	'',	'<p>Nulla est. Class aptent taciti sociosqu ad litora torquent per conubia nostra, per inceptos hymenaeos. Etiam sapien elit, consequat eget, tristique non, venenatis quis, ante. Suspendisse sagittis ultrices augue. In convallis. Proin pede metus, vulputate nec, fermentum fringilla, vehicula vitae, justo. Pellentesque ipsum. Donec vitae arcu. Donec iaculis gravida nulla. Duis risus. Sed convallis magna eu sem. Donec quis nibh at felis congue commodo. Etiam ligula pede, sagittis quis, interdum ultricies, scelerisque eu. Morbi imperdiet, mauris ac auctor dictum, nisl ligula egestas nulla, et sollicitudin sem purus in lacus. Etiam commodo dui eget wisi. Mauris metus. Etiam bibendum elit eget erat. Itaque earum rerum hic tenetur a sapiente delectus, ut aut reiciendis voluptatibus maiores alias consequatur aut perferendis doloribus asperiores repellat. Sed ac dolor sit amet purus malesuada congue. Integer tempor.</p>',	'Nulla est. Class aptent taciti sociosqu ad litora torquent per conubia nostra, per inceptos hymenaeos. Etiam sapien elit, consequat eget, tristique non, venenatis quis, ante. Suspendisse sagittis ultrices augue. In convallis. Proin pede metus, vulputate nec, fermentum fringilla, vehicula vitae, justo. Pellentesque ipsum. Donec vitae arcu. Donec iaculis gravida nulla. Duis risus. Sed convallis magna eu sem. Donec quis nibh at felis congue commodo. Etiam ligula pede, sagittis quis, interdum ultricies, scelerisque eu. Morbi imperdiet, mauris ac auctor dictum, nisl ligula egestas nulla, et sollicitudin sem purus in lacus. Etiam commodo dui eget wisi. Mauris metus. Etiam bibendum elit eget erat. Itaque earum rerum hic tenetur a sapiente delectus, ut aut reiciendis voluptatibus maiores alias consequatur aut perferendis doloribus asperiores repellat. Sed ac dolor sit amet purus malesuada congue. Integer tempor.',	'',	'',	'',	'',	'',	'',	'',	'',	'',	'',	'uvodni-stranka-2',	'',	'Úvodní stránka',	NULL,	0,	0,	0,	0,	0,	1,	1,	'hotovo',	0,	0,	NULL,	NULL,	NULL,	0,	NULL,	NULL,	0,	0,	'',	0,	NULL,	'',	'',	0,	0,	'',	'0000-00-00 00:00:00',	0,	'',	'0000-00-00 00:00:00',	'',	'',	0.00,	0.00,	0.00,	0,	0,	NULL,	NULL,	NULL,	NULL,	NULL,	NULL,	NULL,	NULL),
(78,	5,	2,	0,	0,	0,	0,	'404',	'Chybová stránka',	'Chybová stránka',	'Chybová stránka',	'',	'',	'',	'',	'',	'',	'',	'',	'',	'',	'',	'',	'',	'',	'stranka-nenalezena-2',	'',	'Chybová stránka',	NULL,	0,	0,	0,	0,	0,	1,	1,	'hotovo',	0,	0,	NULL,	NULL,	NULL,	0,	NULL,	NULL,	0,	0,	'',	0,	NULL,	'',	'',	0,	0,	'',	'0000-00-00 00:00:00',	0,	'',	'0000-00-00 00:00:00',	'',	'',	0.00,	0.00,	0.00,	0,	0,	NULL,	NULL,	NULL,	NULL,	NULL,	NULL,	NULL,	NULL);

DROP TABLE IF EXISTS `stranky_editori`;
CREATE TABLE `stranky_editori` (
  `idRelace` int(11) NOT NULL AUTO_INCREMENT,
  `idUzivatele` int(11) NOT NULL,
  `idObjektu` int(11) NOT NULL,
  `typ` varchar(20) COLLATE utf8_czech_ci NOT NULL,
  PRIMARY KEY (`idRelace`)
) ENGINE=MyISAM DEFAULT CHARSET=utf8 COLLATE=utf8_czech_ci;

INSERT INTO `stranky_editori` (`idRelace`, `idUzivatele`, `idObjektu`, `typ`) VALUES
(1,	1,	42,	'stranka'),
(2,	1,	43,	'stranka'),
(3,	1,	44,	'stranka'),
(4,	1,	45,	'stranka'),
(5,	1,	46,	'stranka'),
(6,	1,	47,	'stranka'),
(7,	1,	1,	'editbox'),
(278,	1,	81,	'stranka'),
(277,	1,	80,	'stranka'),
(276,	1,	79,	'stranka'),
(12,	1,	6,	'editbox'),
(13,	1,	7,	'editbox'),
(14,	1,	8,	'editbox'),
(15,	1,	9,	'editbox'),
(16,	1,	48,	'stranka'),
(17,	1,	10,	'editbox'),
(18,	1,	49,	'stranka'),
(104,	1,	141,	'stranka'),
(103,	1,	140,	'stranka'),
(102,	1,	139,	'stranka'),
(26,	18,	63,	'stranka'),
(27,	1,	64,	'stranka'),
(28,	1,	65,	'stranka'),
(29,	18,	66,	'stranka'),
(33,	18,	70,	'stranka'),
(32,	18,	69,	'stranka'),
(34,	18,	71,	'stranka'),
(35,	18,	72,	'stranka'),
(108,	1,	145,	'stranka'),
(107,	1,	144,	'stranka'),
(38,	18,	75,	'stranka'),
(39,	18,	76,	'stranka'),
(106,	1,	143,	'stranka'),
(41,	18,	78,	'stranka'),
(42,	18,	79,	'stranka'),
(44,	18,	81,	'stranka'),
(45,	18,	82,	'stranka'),
(105,	1,	142,	'stranka'),
(47,	18,	84,	'stranka'),
(48,	18,	85,	'stranka'),
(49,	18,	86,	'stranka'),
(50,	18,	87,	'stranka'),
(51,	18,	88,	'stranka'),
(52,	18,	89,	'stranka'),
(53,	18,	90,	'stranka'),
(54,	18,	91,	'stranka'),
(55,	18,	92,	'stranka'),
(56,	18,	93,	'stranka'),
(57,	18,	94,	'stranka'),
(58,	18,	95,	'stranka'),
(59,	18,	96,	'stranka'),
(60,	18,	97,	'stranka'),
(61,	18,	98,	'stranka'),
(62,	18,	99,	'stranka'),
(63,	18,	100,	'stranka'),
(64,	18,	101,	'stranka'),
(65,	18,	102,	'stranka'),
(66,	18,	103,	'stranka'),
(67,	18,	104,	'stranka'),
(68,	18,	105,	'stranka'),
(69,	18,	106,	'stranka'),
(70,	18,	107,	'stranka'),
(71,	18,	108,	'stranka'),
(72,	18,	109,	'stranka'),
(73,	18,	110,	'stranka'),
(74,	18,	111,	'stranka'),
(75,	18,	112,	'stranka'),
(76,	18,	113,	'stranka'),
(77,	18,	114,	'stranka'),
(78,	18,	115,	'stranka'),
(79,	18,	116,	'stranka'),
(80,	18,	117,	'stranka'),
(81,	18,	118,	'stranka'),
(82,	18,	119,	'stranka'),
(83,	18,	120,	'stranka'),
(84,	18,	121,	'stranka'),
(85,	18,	122,	'stranka'),
(86,	18,	123,	'stranka'),
(87,	18,	124,	'stranka'),
(88,	18,	125,	'stranka'),
(89,	18,	126,	'stranka'),
(90,	18,	127,	'stranka'),
(91,	18,	128,	'stranka'),
(92,	18,	129,	'stranka'),
(93,	18,	130,	'stranka'),
(94,	18,	131,	'stranka'),
(95,	18,	132,	'stranka'),
(96,	18,	133,	'stranka'),
(97,	18,	134,	'stranka'),
(98,	18,	135,	'stranka'),
(99,	18,	136,	'stranka'),
(100,	18,	137,	'stranka'),
(101,	18,	138,	'stranka'),
(109,	1,	146,	'stranka'),
(110,	1,	147,	'stranka'),
(111,	1,	148,	'stranka'),
(112,	1,	149,	'stranka'),
(113,	1,	150,	'stranka'),
(114,	1,	151,	'stranka'),
(115,	1,	152,	'stranka'),
(116,	1,	153,	'stranka'),
(117,	1,	154,	'stranka'),
(118,	1,	155,	'stranka'),
(119,	1,	156,	'stranka'),
(120,	1,	157,	'stranka'),
(121,	1,	158,	'stranka'),
(122,	1,	159,	'stranka'),
(123,	1,	160,	'stranka'),
(124,	1,	161,	'stranka'),
(125,	1,	162,	'stranka'),
(126,	1,	163,	'stranka'),
(127,	1,	164,	'stranka'),
(128,	1,	165,	'stranka'),
(129,	1,	166,	'stranka'),
(130,	1,	167,	'stranka'),
(131,	1,	168,	'stranka'),
(132,	1,	169,	'stranka'),
(133,	1,	170,	'stranka'),
(134,	1,	171,	'stranka'),
(135,	1,	172,	'stranka'),
(136,	1,	173,	'stranka'),
(137,	1,	174,	'stranka'),
(138,	1,	175,	'stranka'),
(139,	1,	176,	'stranka'),
(140,	1,	177,	'stranka'),
(141,	1,	178,	'stranka'),
(142,	1,	179,	'stranka'),
(143,	1,	180,	'stranka'),
(144,	1,	181,	'stranka'),
(145,	1,	182,	'stranka'),
(146,	1,	183,	'stranka'),
(147,	1,	184,	'stranka'),
(148,	1,	185,	'stranka'),
(149,	1,	186,	'stranka'),
(150,	1,	187,	'stranka'),
(151,	1,	188,	'stranka'),
(152,	1,	189,	'stranka'),
(153,	1,	190,	'stranka'),
(154,	1,	191,	'stranka'),
(155,	1,	192,	'stranka'),
(156,	1,	193,	'stranka'),
(157,	1,	194,	'stranka'),
(158,	1,	195,	'stranka'),
(159,	1,	196,	'stranka'),
(160,	1,	197,	'stranka'),
(161,	1,	198,	'stranka'),
(162,	1,	199,	'stranka'),
(163,	1,	200,	'stranka'),
(164,	1,	201,	'stranka'),
(165,	1,	202,	'stranka'),
(166,	1,	203,	'stranka'),
(167,	1,	204,	'stranka'),
(168,	1,	205,	'stranka'),
(169,	1,	206,	'stranka'),
(170,	1,	207,	'stranka'),
(171,	1,	208,	'stranka'),
(172,	1,	209,	'stranka'),
(173,	1,	210,	'stranka'),
(174,	1,	399,	'stranka'),
(175,	1,	400,	'stranka'),
(176,	1,	401,	'stranka'),
(177,	1,	402,	'stranka'),
(178,	1,	7093,	'stranka'),
(199,	1,	19,	'editbox'),
(181,	1,	7096,	'stranka'),
(182,	1,	11,	'editbox'),
(183,	1,	7097,	'stranka'),
(184,	1,	12,	'editbox'),
(247,	1,	13,	'stranka'),
(186,	1,	14,	'editbox'),
(187,	1,	7398,	'stranka'),
(188,	1,	15,	'editbox'),
(189,	1,	16,	'editbox'),
(197,	1,	18,	'editbox'),
(193,	1,	7914,	'stranka'),
(200,	1,	20,	'editbox'),
(245,	1,	8140,	'stranka'),
(244,	1,	8139,	'stranka'),
(243,	1,	8138,	'stranka'),
(242,	1,	8137,	'stranka'),
(241,	1,	8136,	'stranka'),
(240,	1,	8135,	'stranka'),
(239,	1,	8134,	'stranka'),
(238,	1,	8133,	'stranka'),
(237,	1,	8132,	'stranka'),
(236,	1,	8131,	'stranka'),
(235,	1,	8130,	'stranka'),
(234,	1,	8129,	'stranka'),
(233,	1,	8128,	'stranka'),
(232,	1,	8127,	'stranka'),
(231,	1,	8126,	'stranka'),
(230,	1,	8125,	'stranka'),
(229,	1,	8124,	'stranka'),
(228,	1,	8123,	'stranka'),
(227,	1,	8122,	'stranka'),
(226,	1,	8121,	'stranka'),
(225,	1,	8120,	'stranka'),
(246,	1,	24,	'stranka'),
(248,	1,	17,	'editbox'),
(249,	1,	21,	'stranka'),
(250,	1,	22,	'stranka'),
(251,	1,	23,	'stranka'),
(252,	1,	25,	'stranka'),
(253,	1,	26,	'stranka'),
(254,	1,	27,	'stranka'),
(256,	1,	29,	'stranka'),
(257,	1,	30,	'stranka'),
(258,	1,	31,	'stranka'),
(259,	1,	33,	'stranka'),
(260,	1,	34,	'stranka'),
(261,	1,	35,	'stranka'),
(262,	1,	36,	'stranka'),
(263,	1,	37,	'stranka'),
(264,	1,	38,	'stranka'),
(265,	1,	39,	'stranka');

DROP TABLE IF EXISTS `stranky_fotky`;
CREATE TABLE `stranky_fotky` (
  `id` int(11) NOT NULL AUTO_INCREMENT,
  `idStranky` int(11) NOT NULL,
  `soubor` varchar(200) COLLATE utf8_czech_ci NOT NULL,
  `popis` text COLLATE utf8_czech_ci NOT NULL,
  `velikost` int(11) NOT NULL,
  `sirka` int(11) NOT NULL,
  `vyska` int(11) NOT NULL,
  `priorita` int(11) NOT NULL,
  PRIMARY KEY (`id`)
) ENGINE=MyISAM DEFAULT CHARSET=utf8 COLLATE=utf8_czech_ci;

INSERT INTO `stranky_fotky` (`id`, `idStranky`, `soubor`, `popis`, `velikost`, `sirka`, `vyska`, `priorita`) VALUES
(1,	1,	'img01.jpg',	'Lorem ipsum dolor sit amet, consectetuer adipiscing elit.',	0,	0,	0,	0),
(2,	1,	'img02.jpg',	'Lorem ipsum dolor sit amet, consectetuer adipiscing elit.',	0,	0,	0,	1),
(3,	1,	'img03.jpg',	'Lorem ipsum dolor sit amet, consectetuer adipiscing elit.',	0,	0,	0,	2);

DROP TABLE IF EXISTS `stranky_odkazy`;
CREATE TABLE `stranky_odkazy` (
  `id` int(11) NOT NULL AUTO_INCREMENT,
  `idStranky` int(11) NOT NULL,
  `url` text COLLATE utf8_czech_ci NOT NULL,
  `popis` text COLLATE utf8_czech_ci NOT NULL,
  `priorita` int(11) NOT NULL,
  PRIMARY KEY (`id`)
) ENGINE=MyISAM DEFAULT CHARSET=utf8 COLLATE=utf8_czech_ci;

INSERT INTO `stranky_odkazy` (`id`, `idStranky`, `url`, `popis`, `priorita`) VALUES
(4,	1,	'https://www.youtube.com/embed/yWkS96zw9fs',	'Lorem ipsum dolor sit amet, consectetuer adipiscing elit.',	2),
(3,	1,	'https://www.youtube.com/embed/yWkS96zw9fs',	'Lorem ipsum dolor sit amet, consectetuer adipiscing elit.',	1);

DROP TABLE IF EXISTS `stranky_privatni_uzivatele`;
CREATE TABLE `stranky_privatni_uzivatele` (
  `idRelace` int(10) unsigned NOT NULL AUTO_INCREMENT,
  `idStranky` int(10) unsigned NOT NULL,
  `idUzivatele` int(10) unsigned NOT NULL,
  PRIMARY KEY (`idRelace`)
) ENGINE=MyISAM DEFAULT CHARSET=utf8 COLLATE=utf8_czech_ci;


DROP TABLE IF EXISTS `stranky_skupiny`;
CREATE TABLE `stranky_skupiny` (
  `idRelace` int(11) NOT NULL AUTO_INCREMENT,
  `idStranky` int(11) NOT NULL,
  `idSkupiny` int(11) NOT NULL,
  PRIMARY KEY (`idRelace`)
) ENGINE=MyISAM DEFAULT CHARSET=utf8 COLLATE=utf8_czech_ci;


DROP TABLE IF EXISTS `stranky_tagy`;
CREATE TABLE `stranky_tagy` (
  `id` int(11) NOT NULL AUTO_INCREMENT,
  `idTagu` int(11) NOT NULL,
  `idObjektu` int(11) NOT NULL,
  `typObjektu` varchar(20) COLLATE utf8_czech_ci NOT NULL,
  PRIMARY KEY (`id`)
) ENGINE=MyISAM DEFAULT CHARSET=utf8 COLLATE=utf8_czech_ci;


DROP TABLE IF EXISTS `uzivatele`;
CREATE TABLE `uzivatele` (
  `idUzivatele` int(10) unsigned NOT NULL AUTO_INCREMENT,
  `hash` varchar(100) COLLATE utf8_czech_ci NOT NULL,
  `login` varchar(100) COLLATE utf8_czech_ci NOT NULL,
  `heslo` varchar(100) COLLATE utf8_czech_ci NOT NULL,
  `jmeno` varchar(100) COLLATE utf8_czech_ci NOT NULL,
  `prijmeni` varchar(100) COLLATE utf8_czech_ci NOT NULL,
  `ulice` varchar(100) COLLATE utf8_czech_ci DEFAULT NULL,
  `cislo` varchar(50) COLLATE utf8_czech_ci DEFAULT NULL,
  `mesto` varchar(100) COLLATE utf8_czech_ci DEFAULT NULL,
  `psc` varchar(6) COLLATE utf8_czech_ci DEFAULT NULL,
  `firma` varchar(30) COLLATE utf8_czech_ci DEFAULT NULL,
  `ico` varchar(15) COLLATE utf8_czech_ci DEFAULT NULL,
  `dic` varchar(15) COLLATE utf8_czech_ci DEFAULT NULL,
  `email` varchar(30) COLLATE utf8_czech_ci NOT NULL,
  `telefon` varchar(30) COLLATE utf8_czech_ci NOT NULL,
  `ulice_dod` varchar(100) COLLATE utf8_czech_ci NOT NULL,
  `cislo_dod` varchar(50) COLLATE utf8_czech_ci NOT NULL,
  `mesto_dod` varchar(100) COLLATE utf8_czech_ci NOT NULL,
  `psc_dod` varchar(6) COLLATE utf8_czech_ci NOT NULL,
  `velkoobchod` tinyint(1) NOT NULL DEFAULT '0',
  `dodaci_adresa` tinyint(1) NOT NULL DEFAULT '0',
  `firma_info` tinyint(1) NOT NULL DEFAULT '0',
  `idPrava` int(11) NOT NULL,
  `datumRegistrace` datetime NOT NULL,
  `datumAktivace` datetime DEFAULT NULL,
  `posledniPristup` datetime DEFAULT NULL,
  `posledniPristupWeb` datetime DEFAULT NULL,
  `spatnePrihlaseni` smallint(6) NOT NULL DEFAULT '0',
  `aktivni` tinyint(1) NOT NULL DEFAULT '1',
  `preferovana_platba` int(11) NOT NULL,
  `preferovana_doprava` int(11) NOT NULL,
  `preferovana_prodejna` int(11) NOT NULL,
  `poznamka` varchar(200) COLLATE utf8_czech_ci DEFAULT NULL,
  `nastaveniSeznamStranek` text COLLATE utf8_czech_ci NOT NULL,
  `nastaveniDashboardLevy` varchar(200) COLLATE utf8_czech_ci NOT NULL,
  `nastaveniDashboardPravy` varchar(200) COLLATE utf8_czech_ci NOT NULL,
  `nastaveniJazyk` varchar(3) COLLATE utf8_czech_ci NOT NULL DEFAULT 'cz',
  `nastaveniVzhled` varchar(20) COLLATE utf8_czech_ci NOT NULL DEFAULT 'gray',
  `souhlas1` datetime DEFAULT NULL,
  `souhlas2` datetime DEFAULT NULL,
  `souhlas3` datetime DEFAULT NULL,
  PRIMARY KEY (`idUzivatele`),
  UNIQUE KEY `hash` (`hash`)
) ENGINE=MyISAM DEFAULT CHARSET=utf8 COLLATE=utf8_czech_ci;

INSERT INTO `uzivatele` (`idUzivatele`, `hash`, `login`, `heslo`, `jmeno`, `prijmeni`, `ulice`, `cislo`, `mesto`, `psc`, `firma`, `ico`, `dic`, `email`, `telefon`, `ulice_dod`, `cislo_dod`, `mesto_dod`, `psc_dod`, `velkoobchod`, `dodaci_adresa`, `firma_info`, `idPrava`, `datumRegistrace`, `datumAktivace`, `posledniPristup`, `posledniPristupWeb`, `spatnePrihlaseni`, `aktivni`, `preferovana_platba`, `preferovana_doprava`, `preferovana_prodejna`, `poznamka`, `nastaveniSeznamStranek`, `nastaveniDashboardLevy`, `nastaveniDashboardPravy`, `nastaveniJazyk`, `nastaveniVzhled`, `souhlas1`, `souhlas2`, `souhlas3`) VALUES
(1,	'ABCDE',	'dj-phaser',	'$2y$10$1tyDUiF2CUniY5IOyJDx.Osb/4h9grX54Hgkc2qpYcsbKnYL9bx8.',	'Pavel',	'Šrom',	'',	NULL,	'',	'',	'',	'',	'',	'info@profiwebik.cz',	'',	'',	'',	'',	'',	0,	0,	0,	5,	'2018-03-22 07:47:56',	NULL,	'2021-10-15 10:22:52',	'2021-01-29 07:28:56',	0,	1,	0,	0,	0,	'',	'#',	'#1#',	'#',	'cz',	'gray',	NULL,	NULL,	NULL),
(3,	'46561791c3c69686',	'petr',	'$2y$10$Nekg0km7LC9SytnDkfauL.1NWQ9aEv7rwzshIAXGKGPkuQgKFBEOW',	'Petr',	'Tkáč',	'',	NULL,	'',	'',	'',	'',	'',	'',	'',	'',	'',	'',	'',	0,	0,	0,	4,	'2021-10-27 11:30:36',	NULL,	NULL,	NULL,	0,	1,	0,	0,	0,	'',	'',	'',	'',	'cz',	'gray',	NULL,	NULL,	NULL);

DROP TABLE IF EXISTS `uzivatele_domeny`;
CREATE TABLE `uzivatele_domeny` (
  `idRelace` int(11) NOT NULL AUTO_INCREMENT,
  `idUzivatele` int(11) NOT NULL,
  `idDomeny` int(11) NOT NULL,
  PRIMARY KEY (`idRelace`)
) ENGINE=MyISAM DEFAULT CHARSET=utf8 COLLATE=utf8_czech_ci;

INSERT INTO `uzivatele_domeny` (`idRelace`, `idUzivatele`, `idDomeny`) VALUES
(186,	1,	1),
(187,	1,	2),
(188,	1,	3),
(189,	1,	4),
(190,	1,	5),
(191,	3,	1),
(192,	3,	2),
(193,	3,	3),
(194,	3,	4),
(195,	3,	5);

DROP TABLE IF EXISTS `uzivatele_jazyky`;
CREATE TABLE `uzivatele_jazyky` (
  `idRelace` int(11) NOT NULL AUTO_INCREMENT,
  `idUzivatele` int(11) NOT NULL,
  `idJazyka` int(11) NOT NULL,
  PRIMARY KEY (`idRelace`)
) ENGINE=MyISAM DEFAULT CHARSET=utf8 COLLATE=utf8_czech_ci;

INSERT INTO `uzivatele_jazyky` (`idRelace`, `idUzivatele`, `idJazyka`) VALUES
(164,	134,	1),
(177,	139,	1),
(201,	3,	2),
(200,	3,	1),
(199,	1,	2),
(198,	1,	1);

DROP TABLE IF EXISTS `uzivatele_log`;
CREATE TABLE `uzivatele_log` (
  `id` int(11) NOT NULL AUTO_INCREMENT,
  `idUzivatele` int(11) NOT NULL,
  `idStranky` int(11) NOT NULL,
  `datum` datetime NOT NULL,
  PRIMARY KEY (`id`)
) ENGINE=MyISAM DEFAULT CHARSET=utf8 COLLATE=utf8_czech_ci;


DROP TABLE IF EXISTS `uzivatele_moduly`;
CREATE TABLE `uzivatele_moduly` (
  `idRelace` int(11) NOT NULL AUTO_INCREMENT,
  `idUzivatele` int(11) NOT NULL,
  `idModulu` int(11) NOT NULL,
  PRIMARY KEY (`idRelace`)
) ENGINE=MyISAM DEFAULT CHARSET=utf8 COLLATE=utf8_czech_ci;

INSERT INTO `uzivatele_moduly` (`idRelace`, `idUzivatele`, `idModulu`) VALUES
(292,	1,	36),
(291,	1,	29),
(290,	1,	22),
(289,	1,	15),
(288,	1,	10),
(287,	1,	7),
(286,	1,	4),
(285,	1,	3),
(295,	3,	7),
(294,	3,	4),
(293,	3,	3),
(296,	3,	15);

DROP TABLE IF EXISTS `uzivatele_skupiny`;
CREATE TABLE `uzivatele_skupiny` (
  `idSkupiny` int(11) NOT NULL AUTO_INCREMENT,
  `idDomeny` int(11) NOT NULL,
  `nazev` varchar(150) COLLATE utf8_czech_ci NOT NULL,
  `aktivni` tinyint(4) NOT NULL DEFAULT '1',
  PRIMARY KEY (`idSkupiny`)
) ENGINE=MyISAM DEFAULT CHARSET=utf8 COLLATE=utf8_czech_ci;

INSERT INTO `uzivatele_skupiny` (`idSkupiny`, `idDomeny`, `nazev`, `aktivni`) VALUES
(1,	1,	'Registrovaní',	1);

DROP TABLE IF EXISTS `uzivatele_skupiny_relace`;
CREATE TABLE `uzivatele_skupiny_relace` (
  `idRelace` int(11) NOT NULL AUTO_INCREMENT,
  `idSkupiny` int(11) NOT NULL,
  `idUzivatele` int(11) NOT NULL,
  PRIMARY KEY (`idRelace`)
) ENGINE=MyISAM DEFAULT CHARSET=utf8 COLLATE=utf8_czech_ci;

INSERT INTO `uzivatele_skupiny_relace` (`idRelace`, `idSkupiny`, `idUzivatele`) VALUES
(1,	1,	134),
(14,	1,	139);

DROP TABLE IF EXISTS `vyhledavani_vyrazy`;
CREATE TABLE `vyhledavani_vyrazy` (
  `idVyrazu` int(10) unsigned NOT NULL AUTO_INCREMENT,
  `idDomeny` int(11) NOT NULL,
  `idJazyka` int(11) NOT NULL DEFAULT '1',
  `vyraz` varchar(30) COLLATE utf8_czech_ci NOT NULL,
  `cetnost` int(11) NOT NULL,
  PRIMARY KEY (`idVyrazu`)
) ENGINE=MyISAM DEFAULT CHARSET=utf8 COLLATE=utf8_czech_ci;


DROP TABLE IF EXISTS `zalohy`;
CREATE TABLE `zalohy` (
  `idZalohy` int(10) unsigned NOT NULL AUTO_INCREMENT,
  `idDomeny` int(10) unsigned NOT NULL,
  `idObjektu` int(10) unsigned NOT NULL,
  `idUzivatele` int(11) NOT NULL,
  `typ` enum('stranka','editbox','newsletter') COLLATE utf8_czech_ci NOT NULL DEFAULT 'stranka',
  `perex` text COLLATE utf8_czech_ci NOT NULL,
  `perexBezHtml` text COLLATE utf8_czech_ci NOT NULL,
  `obsah` longtext COLLATE utf8_czech_ci NOT NULL,
  `obsahBezHtml` longtext COLLATE utf8_czech_ci NOT NULL,
  `popis1` longtext COLLATE utf8_czech_ci NOT NULL,
  `popis1BezHtml` longtext COLLATE utf8_czech_ci NOT NULL,
  `popis2` longtext COLLATE utf8_czech_ci NOT NULL,
  `popis2BezHtml` longtext COLLATE utf8_czech_ci NOT NULL,
  `popis3` longtext COLLATE utf8_czech_ci NOT NULL,
  `popis3BezHtml` longtext COLLATE utf8_czech_ci NOT NULL,
  `popis4` longtext COLLATE utf8_czech_ci NOT NULL,
  `popis4BezHtml` longtext COLLATE utf8_czech_ci NOT NULL,
  `popis5` longtext COLLATE utf8_czech_ci NOT NULL,
  `popis6` longtext COLLATE utf8_czech_ci NOT NULL,
  `popis7` longtext COLLATE utf8_czech_ci NOT NULL,
  `popis5BezHtml` longtext COLLATE utf8_czech_ci NOT NULL,
  `popis6BezHtml` longtext COLLATE utf8_czech_ci NOT NULL,
  `popis7BezHtml` longtext COLLATE utf8_czech_ci NOT NULL,
  `datum` datetime NOT NULL,
  PRIMARY KEY (`idZalohy`)
) ENGINE=MyISAM DEFAULT CHARSET=utf8 COLLATE=utf8_czech_ci;

INSERT INTO `zalohy` (`idZalohy`, `idDomeny`, `idObjektu`, `idUzivatele`, `typ`, `perex`, `perexBezHtml`, `obsah`, `obsahBezHtml`, `popis1`, `popis1BezHtml`, `popis2`, `popis2BezHtml`, `popis3`, `popis3BezHtml`, `popis4`, `popis4BezHtml`, `popis5`, `popis6`, `popis7`, `popis5BezHtml`, `popis6BezHtml`, `popis7BezHtml`, `datum`) VALUES
(1,	1,	6,	1,	'editbox',	'',	'',	'',	'',	'',	'',	'',	'',	'',	'',	'',	'',	'',	'',	'',	'',	'',	'',	'2021-10-27 10:30:33'),
(2,	1,	11,	1,	'editbox',	'',	'',	'',	'',	'',	'',	'',	'',	'',	'',	'',	'',	'',	'',	'',	'',	'',	'',	'2021-10-27 13:14:34'),
(3,	1,	79,	1,	'stranka',	'<h2>Nadpis H2</h2>\r\n\r\n<ul>\r\n	<li>Synchronous</li>\r\n	<li>Asynchronous</li>\r\n	<li>Permanent magnet</li>\r\n	<li>Horizontal / Vertical</li>\r\n	<li>Up to 30 MW</li>\r\n	<li>Up to 13,8 kV</li>\r\n	<li>Speed range 100 - 1800 rpm</li>\r\n	<li>Antifriction / Sleeve bearings</li>\r\n	<li>All types of cooling</li>\r\n	<li>IP 21 - IP 56</li>\r\n</ul>\r\n\r\n<p><!--EndFragment--></p>',	'Nadpis H2\r\n\r\n\r\n	Synchronous\r\n	Asynchronous\r\n	Permanent magnet\r\n	Horizontal / Vertical\r\n	Up to 30 MW\r\n	Up to 13,8 kV\r\n	Speed range 100 - 1800 rpm\r\n	Antifriction / Sleeve bearings\r\n	All types of cooling\r\n	IP 21 - IP 56\r\n\r\n\r\n',	'',	'',	'',	'',	'',	'',	'',	'',	'',	'',	'',	'',	'',	'',	'',	'',	'2021-10-27 13:34:17'),
(4,	1,	79,	1,	'stranka',	'<h2>Nadpis H2</h2>\n\n<ul>\n	<li>Synchronous</li>\n	<li>Asynchronous</li>\n	<li>Permanent magnet</li>\n	<li>Horizontal / Vertical</li>\n	<li>Up to 30 MW</li>\n	<li>Up to 13,8 kV</li>\n	<li>Speed range 100 - 1800 rpm</li>\n	<li>Antifriction / Sleeve bearings</li>\n	<li>All types of cooling</li>\n	<li>IP 21 - IP 56</li>\n	<li>...</li>\n</ul>\n\n<p><!--EndFragment--></p>',	'Nadpis H2\n\n\n	Synchronous\n	Asynchronous\n	Permanent magnet\n	Horizontal / Vertical\n	Up to 30 MW\n	Up to 13,8 kV\n	Speed range 100 - 1800 rpm\n	Antifriction / Sleeve bearings\n	All types of cooling\n	IP 21 - IP 56\n	...\n\n\n',	'',	'',	'',	'',	'',	'',	'',	'',	'',	'',	'',	'',	'',	'',	'',	'',	'2021-10-27 13:34:36'),
(5,	1,	79,	1,	'stranka',	'<h2>Nadpis H2</h2>\n\n<ul>\n	<li>Synchronous</li>\n	<li>Asynchronous</li>\n	<li>Permanent magnet</li>\n	<li>Horizontal / Vertical</li>\n	<li>Up to 30 MW</li>\n	<li>Up to 13,8 kV</li>\n	<li>Speed range 100 - 1800 rpm</li>\n	<li>Antifriction / Sleeve bearings</li>\n	<li>All types of cooling</li>\n	<li>IP 21 - IP 56</li>\n</ul>\n\n<p><!--EndFragment--></p>',	'Nadpis H2\n\n\n	Synchronous\n	Asynchronous\n	Permanent magnet\n	Horizontal / Vertical\n	Up to 30 MW\n	Up to 13,8 kV\n	Speed range 100 - 1800 rpm\n	Antifriction / Sleeve bearings\n	All types of cooling\n	IP 21 - IP 56\n\n\n',	'',	'',	'',	'',	'',	'',	'',	'',	'',	'',	'',	'',	'',	'',	'',	'',	'2021-10-27 13:34:41'),
(6,	1,	79,	1,	'stranka',	'<h2>Nadpis H2</h2>\n\n<ul>\n	<li>Synchronous</li>\n	<li>Asynchronous</li>\n	<li>Permanent magnet</li>\n	<li>Horizontal / Vertical</li>\n	<li>Up to 30 MW</li>\n	<li>Up to 13,8 kV</li>\n	<li>Speed range 100 - 1800 rpm</li>\n	<li>Antifriction / Sleeve bearings</li>\n	<li>All types of cooling</li>\n	<li>IP 21 - IP 56</li>\n</ul>\n\n<p><!--EndFragment--></p>',	'Nadpis H2\n\n\n	Synchronous\n	Asynchronous\n	Permanent magnet\n	Horizontal / Vertical\n	Up to 30 MW\n	Up to 13,8 kV\n	Speed range 100 - 1800 rpm\n	Antifriction / Sleeve bearings\n	All types of cooling\n	IP 21 - IP 56\n\n\n',	'',	'',	'',	'',	'',	'',	'',	'',	'',	'',	'',	'',	'',	'',	'',	'',	'2021-10-27 13:34:45'),
(7,	1,	1,	1,	'stranka',	'',	'',	'<h2>hEADEQUARTERS</h2>\n\n<div>\n<h3>TES VSETÍN s.r.o.</h3>\n\n<p>Jiráskova 691, 755 01 Vsetín, Czech Republic</p>\n</div>\n\n<div>\n<p><strong>Machines and solutions</strong></p>\n\n<p>+420 571 812 204 / +420 571 812 205 / +420 571 812 206</p>\n</div>\n\n<div>\n<p><strong>System components</strong></p>\n\n<p>+420 571 812 489 / +420 571 812 490 / +420 571 812 206</p>\n</div>\n\n<div>\n<p><strong>Industry automation</strong></p>\n\n<p>+420 571 498 895 / +420 571 812 334 / +420 571 498 801</p>\n</div>\n\n<div>\n<p><strong>Service</strong></p>\n\n<p>+420 734 430 430 / +420 571 498 803</p>\n</div>\n\n<footer><a href=\"mailto:tes@tes.cz\">tes@tes.cz</a> <a href=\"mailto:service@tes.cz\">service@tes.cz</a></footer>',	'hEADEQUARTERS\n\n\nTES VSETÍN s.r.o.\n\nJiráskova 691, 755 01 Vsetín, Czech Republic\n\n\n\nMachines and solutions\n\n+420 571 812 204 / +420 571 812 205 / +420 571 812 206\n\n\n\nSystem components\n\n+420 571 812 489 / +420 571 812 490 / +420 571 812 206\n\n\n\nIndustry automation\n\n+420 571 498 895 / +420 571 812 334 / +420 571 498 801\n\n\n\nService\n\n+420 734 430 430 / +420 571 498 803\n\n\ntes@tes.cz service@tes.cz',	'',	'',	'',	'',	'',	'',	'',	'',	'',	'',	'',	'',	'',	'',	'2021-10-27 13:35:24'),
(8,	1,	80,	1,	'stranka',	'<h2>Nadpis H2</h2>\r\n\r\n<ul>\r\n	<li>Synchronous</li>\r\n	<li>Asynchronous</li>\r\n	<li>Speed range 100 - 1800 rpm</li>\r\n	<li>Synchronous</li>\r\n	<li>Asynchronous</li>\r\n	<li>Speed range 100 - 1800 rpm</li>\r\n</ul>\r\n\r\n<p><!--EndFragment--></p>',	'Nadpis H2\r\n\r\n\r\n	Synchronous\r\n	Asynchronous\r\n	Speed range 100 - 1800 rpm\r\n	Synchronous\r\n	Asynchronous\r\n	Speed range 100 - 1800 rpm\r\n\r\n\r\n',	'',	'',	'',	'',	'',	'',	'',	'',	'',	'',	'',	'',	'',	'',	'',	'',	'2021-10-27 13:36:13'),
(9,	1,	79,	1,	'stranka',	'<h2>Nadpis H2</h2>\r\n\r\n<ul>\r\n	<li>Synchronous</li>\r\n	<li>Asynchronous</li>\r\n	<li>Permanent magnet</li>\r\n	<li>Horizontal / Vertical</li>\r\n	<li>Up to 30 MW</li>\r\n	<li>Up to 13,8 kV</li>\r\n	<li>Speed range 100 - 1800 rpm</li>\r\n	<li>Antifriction / Sleeve bearings</li>\r\n	<li>All types of cooling</li>\r\n	<li>IP 21 - IP 56</li>\r\n</ul>\r\n\r\n<p><!--EndFragment--></p>',	'Nadpis H2\r\n\r\n\r\n	Synchronous\r\n	Asynchronous\r\n	Permanent magnet\r\n	Horizontal / Vertical\r\n	Up to 30 MW\r\n	Up to 13,8 kV\r\n	Speed range 100 - 1800 rpm\r\n	Antifriction / Sleeve bearings\r\n	All types of cooling\r\n	IP 21 - IP 56\r\n\r\n\r\n',	'',	'',	'',	'',	'',	'',	'',	'',	'',	'',	'',	'',	'',	'',	'',	'',	'2021-10-27 13:36:55'),
(10,	1,	81,	1,	'stranka',	'<h3>Nadpis H3</h3>\r\n\r\n<p>Lorem ipsum dolor sit amet, consectetuer adipiscing elit. Etiam quis quam. Pellentesque arcu. Duis pulvinar. Etiam bibendum elit eget erat. Integer malesuada. Etiam egestas wisi a erat. Maecenas fermentum, sem in pharetra pellentesque, velit turpis volutpat ante, in pharetra metus odio a lectus.</p>\r\n\r\n<p><!--EndFragment--></p>',	'Nadpis H3\r\n\r\nLorem ipsum dolor sit amet, consectetuer adipiscing elit. Etiam quis quam. Pellentesque arcu. Duis pulvinar. Etiam bibendum elit eget erat. Integer malesuada. Etiam egestas wisi a erat. Maecenas fermentum, sem in pharetra pellentesque, velit turpis volutpat ante, in pharetra metus odio a lectus.\r\n\r\n',	'',	'',	'',	'',	'',	'',	'',	'',	'',	'',	'',	'',	'',	'',	'',	'',	'2021-10-27 13:37:16'),
(11,	1,	81,	1,	'stranka',	'<h3>Nadpis H3</h3>\n\n<p>Lorem ipsum dolor sit amet, consectetuer adipiscing elit. Etiam quis quam. Pellentesque arcu. Duis pulvinar. Etiam bibendum elit eget erat. Integer malesuada. Etiam egestas wisi a erat. Maecenas fermentum, sem in pharetra pellentesque, velit turpis volutpat ante, in pharetra metus odio a lectus.</p>\n\n<p><!--EndFragment--></p>',	'Nadpis H3\n\nLorem ipsum dolor sit amet, consectetuer adipiscing elit. Etiam quis quam. Pellentesque arcu. Duis pulvinar. Etiam bibendum elit eget erat. Integer malesuada. Etiam egestas wisi a erat. Maecenas fermentum, sem in pharetra pellentesque, velit turpis volutpat ante, in pharetra metus odio a lectus.\n\n',	'',	'',	'',	'',	'',	'',	'',	'',	'',	'',	'',	'',	'',	'',	'',	'',	'2021-10-27 13:38:52'),
(12,	1,	1,	1,	'stranka',	'',	'',	'<h2>hEADEQUARTERS</h2>\r\n\r\n<div>\r\n<h3>TES VSETÍN s.r.o.</h3>\r\n\r\n<p>Jiráskova 691, 755 01 Vsetín, Czech Republic</p>\r\n</div>\r\n\r\n<div>\r\n<p><strong>Machines and solutions</strong></p>\r\n\r\n<p>+420 571 812 204 / +420 571 812 205 / +420 571 812 206</p>\r\n</div>\r\n\r\n<div>\r\n<p><strong>System components</strong></p>\r\n\r\n<p>+420 571 812 489 / +420 571 812 490 / +420 571 812 206</p>\r\n</div>\r\n\r\n<div>\r\n<p><strong>Industry automation</strong></p>\r\n\r\n<p>+420 571 498 895 / +420 571 812 334 / +420 571 498 801</p>\r\n</div>\r\n\r\n<div>\r\n<p><strong>Service</strong></p>\r\n\r\n<p>+420 734 430 430 / +420 571 498 803</p>\r\n</div>\r\n\r\n<footer><a href=\"mailto:tes@tes.cz\">tes@tes.cz</a> <a href=\"mailto:service@tes.cz\">service@tes.cz</a></footer>',	'hEADEQUARTERS\r\n\r\n\r\nTES VSETÍN s.r.o.\r\n\r\nJiráskova 691, 755 01 Vsetín, Czech Republic\r\n\r\n\r\n\r\nMachines and solutions\r\n\r\n+420 571 812 204 / +420 571 812 205 / +420 571 812 206\r\n\r\n\r\n\r\nSystem components\r\n\r\n+420 571 812 489 / +420 571 812 490 / +420 571 812 206\r\n\r\n\r\n\r\nIndustry automation\r\n\r\n+420 571 498 895 / +420 571 812 334 / +420 571 498 801\r\n\r\n\r\n\r\nService\r\n\r\n+420 734 430 430 / +420 571 498 803\r\n\r\n\r\ntes@tes.cz service@tes.cz',	'',	'',	'',	'',	'',	'',	'',	'',	'',	'',	'',	'',	'',	'',	'2021-10-27 13:41:11'),
(13,	1,	1,	1,	'stranka',	'',	'',	'<h2>hEADEQUARTERS</h2>\r\n\r\n<div>\r\n<h3>TES VSETÍN s.r.o.</h3>\r\n\r\n<p>Jiráskova 691, 755 01 Vsetín, Czech Republic</p>\r\n</div>\r\n\r\n<div>\r\n<p><strong>Machines and solutions</strong></p>\r\n\r\n<p>+420 571 812 204 / +420 571 812 205 / +420 571 812 206</p>\r\n</div>\r\n\r\n<div>\r\n<p><strong>System components</strong></p>\r\n\r\n<p>+420 571 812 489 / +420 571 812 490 / +420 571 812 206</p>\r\n</div>\r\n\r\n<div>\r\n<p><strong>Industry automation</strong></p>\r\n\r\n<p>+420 571 498 895 / +420 571 812 334 / +420 571 498 801</p>\r\n</div>\r\n\r\n<div>\r\n<p><strong>Service</strong></p>\r\n\r\n<p>+420 734 430 430 / +420 571 498 803</p>\r\n</div>\r\n\r\n<footer><a href=\"mailto:tes@tes.cz\">tes@tes.cz</a> <a href=\"mailto:service@tes.cz\">service@tes.cz</a></footer>',	'hEADEQUARTERS\r\n\r\n\r\nTES VSETÍN s.r.o.\r\n\r\nJiráskova 691, 755 01 Vsetín, Czech Republic\r\n\r\n\r\n\r\nMachines and solutions\r\n\r\n+420 571 812 204 / +420 571 812 205 / +420 571 812 206\r\n\r\n\r\n\r\nSystem components\r\n\r\n+420 571 812 489 / +420 571 812 490 / +420 571 812 206\r\n\r\n\r\n\r\nIndustry automation\r\n\r\n+420 571 498 895 / +420 571 812 334 / +420 571 498 801\r\n\r\n\r\n\r\nService\r\n\r\n+420 734 430 430 / +420 571 498 803\r\n\r\n\r\ntes@tes.cz service@tes.cz',	'',	'',	'',	'',	'',	'',	'',	'',	'',	'',	'',	'',	'',	'',	'2021-10-27 13:42:39'),
(14,	1,	1,	1,	'stranka',	'',	'',	'<h2>hEADEQUARTERS</h2>\r\n\r\n<div>\r\n<h3>TES VSETÍN s.r.o.</h3>\r\n\r\n<p>Jiráskova 691, 755 01 Vsetín, Czech Republic</p>\r\n</div>\r\n\r\n<div>\r\n<p><strong>Machines and solutions</strong></p>\r\n\r\n<p>+420 571 812 204 / +420 571 812 205 / +420 571 812 206</p>\r\n</div>\r\n\r\n<div>\r\n<p><strong>System components</strong></p>\r\n\r\n<p>+420 571 812 489 / +420 571 812 490 / +420 571 812 206</p>\r\n</div>\r\n\r\n<div>\r\n<p><strong>Industry automation</strong></p>\r\n\r\n<p>+420 571 498 895 / +420 571 812 334 / +420 571 498 801</p>\r\n</div>\r\n\r\n<div>\r\n<p><strong>Service</strong></p>\r\n\r\n<p>+420 734 430 430 / +420 571 498 803</p>\r\n</div>\r\n\r\n<footer><a href=\"mailto:tes@tes.cz\">tes@tes.cz</a> <a href=\"mailto:service@tes.cz\">service@tes.cz</a></footer>',	'hEADEQUARTERS\r\n\r\n\r\nTES VSETÍN s.r.o.\r\n\r\nJiráskova 691, 755 01 Vsetín, Czech Republic\r\n\r\n\r\n\r\nMachines and solutions\r\n\r\n+420 571 812 204 / +420 571 812 205 / +420 571 812 206\r\n\r\n\r\n\r\nSystem components\r\n\r\n+420 571 812 489 / +420 571 812 490 / +420 571 812 206\r\n\r\n\r\n\r\nIndustry automation\r\n\r\n+420 571 498 895 / +420 571 812 334 / +420 571 498 801\r\n\r\n\r\n\r\nService\r\n\r\n+420 734 430 430 / +420 571 498 803\r\n\r\n\r\ntes@tes.cz service@tes.cz',	'',	'',	'',	'',	'',	'',	'',	'',	'',	'',	'',	'',	'',	'',	'2021-10-27 13:44:31'),
(15,	1,	1,	1,	'stranka',	'',	'',	'<h2>hEADEQUARTERS</h2>\n\n<h3>TES VSETÍN s.r.o.</h3>\n\n<p>Jiráskova 691, 755 01 Vsetín, Czech Republic</p>\n\n<p>Email: <a href=\"mailto:tes@tes.cz\">tes@tes.cz</a>, <a href=\"mailto:service@tes.cz\">service@tes.cz</a></p>\n\n<p><strong>Machines and solutions</strong></p>\n\n<p>+420 571 812 204 / +420 571 812 205 / +420 571 812 206</p>\n\n<p><strong>System components</strong></p>\n\n<p>+420 571 812 489 / +420 571 812 490 / +420 571 812 206</p>\n\n<p><strong>Industry automation</strong></p>\n\n<p>+420 571 498 895 / +420 571 812 334 / +420 571 498 801</p>\n\n<p><strong>Service</strong></p>\n\n<p>+420 734 430 430 / +420 571 498 803</p>',	'hEADEQUARTERS\n\nTES VSETÍN s.r.o.\n\nJiráskova 691, 755 01 Vsetín, Czech Republic\n\nEmail: tes@tes.cz, service@tes.cz\n\nMachines and solutions\n\n+420 571 812 204 / +420 571 812 205 / +420 571 812 206\n\nSystem components\n\n+420 571 812 489 / +420 571 812 490 / +420 571 812 206\n\nIndustry automation\n\n+420 571 498 895 / +420 571 812 334 / +420 571 498 801\n\nService\n\n+420 734 430 430 / +420 571 498 803',	'',	'',	'',	'',	'',	'',	'',	'',	'',	'',	'',	'',	'',	'',	'2021-10-27 13:46:02'),
(16,	1,	1,	1,	'stranka',	'',	'',	'<h2>hEADEQUARTERS</h2>\n\n<h3>TES VSETÍN s.r.o.</h3>\n\n<p>Jiráskova 691, 755 01 Vsetín, Czech Republic</p>\n\n<p>Email: <a href=\"mailto:tes@tes.cz\">tes@tes.cz</a>, <a href=\"mailto:service@tes.cz\">service@tes.cz</a></p>\n\n<p>&nbsp;</p>\n\n<p><strong>Machines and solutions</strong></p>\n\n<p>+420 571 812 204 / +420 571 812 205 / +420 571 812 206</p>\n\n<p>&nbsp;</p>\n\n<p><strong>System components</strong></p>\n\n<p>+420 571 812 489 / +420 571 812 490 / +420 571 812 206</p>\n\n<p><strong>Industry automation</strong></p>\n\n<p>+420 571 498 895 / +420 571 812 334 / +420 571 498 801</p>\n\n<p><strong>Service</strong></p>\n\n<p>+420 734 430 430 / +420 571 498 803</p>',	'hEADEQUARTERS\n\nTES VSETÍN s.r.o.\n\nJiráskova 691, 755 01 Vsetín, Czech Republic\n\nEmail: tes@tes.cz, service@tes.cz\n\n&nbsp;\n\nMachines and solutions\n\n+420 571 812 204 / +420 571 812 205 / +420 571 812 206\n\n&nbsp;\n\nSystem components\n\n+420 571 812 489 / +420 571 812 490 / +420 571 812 206\n\nIndustry automation\n\n+420 571 498 895 / +420 571 812 334 / +420 571 498 801\n\nService\n\n+420 734 430 430 / +420 571 498 803',	'',	'',	'',	'',	'',	'',	'',	'',	'',	'',	'',	'',	'',	'',	'2021-10-27 13:46:24'),
(17,	1,	81,	1,	'stranka',	'<h3>Nadpis H3</h3>\n\n<p>Lorem ipsum dolor sit amet, consectetuer adipiscing elit. Etiam quis quam. Pellentesque arcu. Duis pulvinar. Etiam bibendum elit eget erat. Integer malesuada. Etiam egestas wisi a erat. Maecenas fermentum, sem in pharetra pellentesque, velit turpis volutpat ante, in pharetra metus odio a lectus.</p>\n\n<p><!--EndFragment--></p>',	'Nadpis H3\n\nLorem ipsum dolor sit amet, consectetuer adipiscing elit. Etiam quis quam. Pellentesque arcu. Duis pulvinar. Etiam bibendum elit eget erat. Integer malesuada. Etiam egestas wisi a erat. Maecenas fermentum, sem in pharetra pellentesque, velit turpis volutpat ante, in pharetra metus odio a lectus.\n\n',	'',	'',	'',	'',	'',	'',	'',	'',	'',	'',	'',	'',	'',	'',	'',	'',	'2021-10-27 13:46:29'),
(18,	1,	1,	1,	'stranka',	'',	'',	'<h2>hEADEQUARTERS</h2>\n\n<h3>TES VSETÍN s.r.o.</h3>\n\n<p>Jiráskova 691, 755 01 Vsetín, Czech Republic</p>\n\n<p>Email: <a href=\"mailto:tes@tes.cz\">tes@tes.cz</a>, <a href=\"mailto:service@tes.cz\">service@tes.cz</a></p>\n\n<p><strong>Machines and solutions</strong><br />\n+420 571 812 204 / +420 571 812 205 / +420 571 812 206</p>\n\n<p><strong>System components</strong></p>\n\n<p>+420 571 812 489 / +420 571 812 490 / +420 571 812 206</p>\n\n<p><strong>Industry automation</strong><br />\n+420 571 498 895 / +420 571 812 334 / +420 571 498 801</p>\n\n<p><strong>Service</strong><br />\n+420 734 430 430 / +420 571 498 803</p>',	'hEADEQUARTERS\n\nTES VSETÍN s.r.o.\n\nJiráskova 691, 755 01 Vsetín, Czech Republic\n\nEmail: tes@tes.cz, service@tes.cz\n\nMachines and solutions\n+420 571 812 204 / +420 571 812 205 / +420 571 812 206\n\nSystem components\n\n+420 571 812 489 / +420 571 812 490 / +420 571 812 206\n\nIndustry automation\n+420 571 498 895 / +420 571 812 334 / +420 571 498 801\n\nService\n+420 734 430 430 / +420 571 498 803',	'',	'',	'',	'',	'',	'',	'',	'',	'',	'',	'',	'',	'',	'',	'2021-10-27 13:47:37'),
(19,	1,	1,	1,	'stranka',	'',	'',	'<h2>hEADEQUARTERS</h2>\n\n<h3>TES VSETÍN s.r.o.</h3>\n\n<p>Jiráskova 691, 755 01 Vsetín, Czech Republic</p>\n\n<p>Email: <a href=\"mailto:tes@tes.cz\">tes@tes.cz</a>, <a href=\"mailto:service@tes.cz\">service@tes.cz</a></p>\n\n<p><strong>Machines and solutions</strong><br />\n+420 571 812 204 / +420 571 812 205 / +420 571 812 206</p>\n\n<p><strong>System components</strong></p>\n\n<p>+420 571 812 489 / +420 571 812 490 / +420 571 812 206</p>\n\n<p><strong>Industry automation</strong><br />\n+420 571 498 895 / +420 571 812 334 / +420 571 498 801</p>\n\n<p><strong>Service</strong><br />\n+420 734 430 430 / +420 571 498 803</p>',	'hEADEQUARTERS\n\nTES VSETÍN s.r.o.\n\nJiráskova 691, 755 01 Vsetín, Czech Republic\n\nEmail: tes@tes.cz, service@tes.cz\n\nMachines and solutions\n+420 571 812 204 / +420 571 812 205 / +420 571 812 206\n\nSystem components\n\n+420 571 812 489 / +420 571 812 490 / +420 571 812 206\n\nIndustry automation\n+420 571 498 895 / +420 571 812 334 / +420 571 498 801\n\nService\n+420 734 430 430 / +420 571 498 803',	'',	'',	'',	'',	'',	'',	'',	'',	'',	'',	'',	'',	'',	'',	'2021-10-27 13:47:39'),
(20,	1,	1,	1,	'stranka',	'',	'',	'<h2>hEADEQUARTERS</h2>\n\n<h3>TES VSETÍN s.r.o.</h3>\n\n<p>Jiráskova 691, 755 01 Vsetín, Czech Republic<br />\nEmail: <a href=\"mailto:tes@tes.cz\">tes@tes.cz</a>, <a href=\"mailto:service@tes.cz\">service@tes.cz</a></p>\n\n<p><strong>Machines and solutions</strong><br />\n+420 571 812 204 / +420 571 812 205 / +420 571 812 206</p>\n\n<p><strong>System components</strong></p>\n\n<p>+420 571 812 489 / +420 571 812 490 / +420 571 812 206</p>\n\n<p><strong>Industry automation</strong><br />\n+420 571 498 895 / +420 571 812 334 / +420 571 498 801</p>\n\n<p><strong>Service</strong><br />\n+420 734 430 430 / +420 571 498 803</p>',	'hEADEQUARTERS\n\nTES VSETÍN s.r.o.\n\nJiráskova 691, 755 01 Vsetín, Czech Republic\nEmail: tes@tes.cz, service@tes.cz\n\nMachines and solutions\n+420 571 812 204 / +420 571 812 205 / +420 571 812 206\n\nSystem components\n\n+420 571 812 489 / +420 571 812 490 / +420 571 812 206\n\nIndustry automation\n+420 571 498 895 / +420 571 812 334 / +420 571 498 801\n\nService\n+420 734 430 430 / +420 571 498 803',	'',	'',	'',	'',	'',	'',	'',	'',	'',	'',	'',	'',	'',	'',	'2021-10-27 13:49:38'),
(21,	1,	1,	1,	'stranka',	'',	'',	'<h2>hEADEQUARTERS</h2>\n\n<h3>TES VSETÍN s.r.o.</h3>\n\n<p>Jiráskova 691, 755 01 Vsetín, Czech Republic<br />\nEmail: <a href=\"mailto:tes@tes.cz\">tes@tes.cz</a>, <a href=\"mailto:service@tes.cz\">service@tes.cz</a></p>\n\n<p><strong>Machines and solutions</strong><br />\n+420 571 812 204 / +420 571 812 205 / +420 571 812 206</p>\n\n<p><strong>System components</strong><br />\n+420 571 812 489 / +420 571 812 490 / +420 571 812 206</p>\n\n<p><strong>Industry automation</strong><br />\n+420 571 498 895 / +420 571 812 334 / +420 571 498 801</p>\n\n<p><strong>Service</strong><br />\n+420 734 430 430 / +420 571 498 803</p>',	'hEADEQUARTERS\n\nTES VSETÍN s.r.o.\n\nJiráskova 691, 755 01 Vsetín, Czech Republic\nEmail: tes@tes.cz, service@tes.cz\n\nMachines and solutions\n+420 571 812 204 / +420 571 812 205 / +420 571 812 206\n\nSystem components\n+420 571 812 489 / +420 571 812 490 / +420 571 812 206\n\nIndustry automation\n+420 571 498 895 / +420 571 812 334 / +420 571 498 801\n\nService\n+420 734 430 430 / +420 571 498 803',	'',	'',	'',	'',	'',	'',	'',	'',	'',	'',	'',	'',	'',	'',	'2021-10-27 13:53:05');

DROP TABLE IF EXISTS `zalohy_db`;
CREATE TABLE `zalohy_db` (
  `idZalohy` int(11) NOT NULL AUTO_INCREMENT,
  `soubor` varchar(100) COLLATE utf8_czech_ci NOT NULL,
  `datum` datetime NOT NULL,
  `velikost` int(11) NOT NULL DEFAULT '0',
  `jmenoUzivatele` varchar(100) COLLATE utf8_czech_ci NOT NULL,
  PRIMARY KEY (`idZalohy`)
) ENGINE=MyISAM DEFAULT CHARSET=utf8 COLLATE=utf8_czech_ci;


-- 2021-10-27 12:07:44
